Date,SWE (in),Snow Depth (in),Avg Air Temp (deg F),Avg Relative Humidity (%),Accumulated Precip (in)
1980-11-03,,,,,1.3
1980-11-04,,,,,
1980-11-05,,,,,
1980-11-06,,,,,
1980-11-07,,,,,
1980-11-08,,,,,
1980-11-09,,,,,
1980-11-10,,,,,
1980-11-11,,,,,
1980-11-12,,,,,
1980-11-13,,,,,
1980-11-14,,,,,
1980-11-15,,,,,
1980-11-16,,,,,
1980-11-17,,,,,
1980-11-18,,,,,
1980-11-19,,,,,
1980-11-20,,,,,
1980-11-21,,,,,
1980-11-22,,,,,
1980-11-23,,,,,
1980-11-24,,,,,
1980-11-25,,,,,
1980-11-26,,,,,
1980-11-27,,,,,
1980-11-28,,,,,
1980-11-29,,,,,
1980-11-30,,,,,
1980-12-01,,,,,
1980-12-02,,,,,
1980-12-03,,,,,
1980-12-04,,,,,
1980-12-05,,,,,
1980-12-06,,,,,
1980-12-07,,,,,
1980-12-08,,,,,
1980-12-09,,,,,
1980-12-10,,,,,
1980-12-11,,,,,
1980-12-12,,,,,
1980-12-13,,,,,
1980-12-14,,,,,
1980-12-15,,,,,
1980-12-16,,,,,
1980-12-17,,,,,
1980-12-18,,,,,
1980-12-19,,,,,
1980-12-20,,,,,
1980-12-21,,,,,
1980-12-22,,,,,
1980-12-23,,,,,
1980-12-24,,,,,
1980-12-25,,,,,
1980-12-26,,,,,
1980-12-27,,,,,
1980-12-28,,,,,
1980-12-29,,,,,
1980-12-30,,,,,
1980-12-31,,,,,
1981-01-01,,,,,
1981-01-02,,,,,
1981-01-03,,,,,
1981-01-04,,,,,
1981-01-05,,,,,
1981-01-06,,,,,
1981-01-07,,,,,
1981-01-08,,,,,
1981-01-09,,,,,
1981-01-10,,,,,
1981-01-11,,,,,
1981-01-12,,,,,
1981-01-13,,,,,
1981-01-14,,,,,
1981-01-15,,,,,
1981-01-16,,,,,
1981-01-17,,,,,
1981-01-18,,,,,
1981-01-19,,,,,
1981-01-20,,,,,
1981-01-21,,,,,
1981-01-22,,,,,
1981-01-23,,,,,
1981-01-24,,,,,
1981-01-25,,,,,
1981-01-26,,,,,
1981-01-27,,,,,
1981-01-28,,,,,
1981-01-29,,,,,
1981-01-30,,,,,
1981-01-31,,,,,
1981-02-01,,,,,
1981-02-02,,,,,
1981-02-03,,,,,
1981-02-04,,,,,
1981-02-05,,,,,
1981-02-06,,,,,
1981-02-07,,,,,
1981-02-08,,,,,
1981-02-09,,,,,
1981-02-10,,,,,
1981-02-11,,,,,
1981-02-12,,,,,
1981-02-13,,,,,
1981-02-14,,,,,
1981-02-15,,,,,
1981-02-16,,,,,
1981-02-17,,,,,
1981-02-18,,,,,
1981-02-19,,,,,
1981-02-20,,,,,
1981-02-21,,,,,
1981-02-22,,,,,
1981-02-23,,,,,
1981-02-24,,,,,
1981-02-25,,,,,
1981-02-26,,,,,
1981-02-27,,,,,
1981-02-28,,,,,
1981-03-01,,,,,
1981-03-02,,,,,
1981-03-03,,,,,
1981-03-04,,,,,
1981-03-05,,,,,
1981-03-06,,,,,
1981-03-07,,,,,
1981-03-08,,,,,
1981-03-09,,,,,
1981-03-10,,,,,
1981-03-11,,,,,
1981-03-12,,,,,
1981-03-13,,,,,
1981-03-14,,,,,
1981-03-15,,,,,
1981-03-16,,,,,
1981-03-17,,,,,
1981-03-18,,,,,
1981-03-19,,,,,
1981-03-20,,,,,
1981-03-21,,,,,
1981-03-22,,,,,
1981-03-23,,,,,
1981-03-24,,,,,
1981-03-25,,,,,
1981-03-26,,,,,
1981-03-27,,,,,
1981-03-28,,,,,
1981-03-29,,,,,
1981-03-30,,,,,
1981-03-31,,,,,
1981-04-01,,,,,
1981-04-02,,,,,
1981-04-03,,,,,
1981-04-04,,,,,
1981-04-05,,,,,
1981-04-06,,,,,
1981-04-07,,,,,
1981-04-08,,,,,
1981-04-09,,,,,
1981-04-10,,,,,
1981-04-11,,,,,
1981-04-12,,,,,
1981-04-13,,,,,
1981-04-14,,,,,
1981-04-15,,,,,
1981-04-16,,,,,
1981-04-17,,,,,
1981-04-18,,,,,
1981-04-19,,,,,
1981-04-20,,,,,
1981-04-21,,,,,
1981-04-22,,,,,
1981-04-23,,,,,
1981-04-24,,,,,
1981-04-25,,,,,
1981-04-26,,,,,
1981-04-27,,,,,
1981-04-28,,,,,
1981-04-29,,,,,
1981-04-30,,,,,
1981-05-01,,,,,
1981-05-02,,,,,
1981-05-03,,,,,
1981-05-04,,,,,
1981-05-05,,,,,
1981-05-06,,,,,
1981-05-07,,,,,
1981-05-08,,,,,
1981-05-09,,,,,
1981-05-10,,,,,
1981-05-11,,,,,
1981-05-12,,,,,
1981-05-13,,,,,
1981-05-14,,,,,
1981-05-15,,,,,
1981-05-16,,,,,
1981-05-17,,,,,
1981-05-18,,,,,
1981-05-19,,,,,
1981-05-20,,,,,
1981-05-21,,,,,
1981-05-22,,,,,
1981-05-23,,,,,
1981-05-24,,,,,
1981-05-25,,,,,
1981-05-26,,,,,
1981-05-27,,,,,
1981-05-28,,,,,
1981-05-29,,,,,
1981-05-30,,,,,
1981-05-31,,,,,
1981-06-01,,,,,
1981-06-02,,,,,
1981-06-03,,,,,
1981-06-04,,,,,
1981-06-05,,,,,
1981-06-06,,,,,
1981-06-07,,,,,
1981-06-08,,,,,
1981-06-09,,,,,
1981-06-10,,,,,
1981-06-11,,,,,
1981-06-12,,,,,
1981-06-13,,,,,
1981-06-14,,,,,
1981-06-15,,,,,
1981-06-16,,,,,
1981-06-17,,,,,
1981-06-18,,,,,
1981-06-19,,,,,
1981-06-20,,,,,
1981-06-21,,,,,
1981-06-22,,,,,
1981-06-23,,,,,
1981-06-24,,,,,
1981-06-25,,,,,
1981-06-26,,,,,
1981-06-27,,,,,
1981-06-28,,,,,
1981-06-29,,,,,
1981-06-30,,,,,
1981-07-01,,,,,
1981-07-02,,,,,
1981-07-03,,,,,
1981-07-04,,,,,
1981-07-05,,,,,
1981-07-06,,,,,
1981-07-07,,,,,
1981-07-08,,,,,
1981-07-09,,,,,
1981-07-10,,,,,
1981-07-11,,,,,
1981-07-12,,,,,
1981-07-13,,,,,
1981-07-14,,,,,
1981-07-15,,,,,
1981-07-16,,,,,
1981-07-17,,,,,
1981-07-18,,,,,
1981-07-19,,,,,
1981-07-20,,,,,
1981-07-21,,,,,
1981-07-22,,,,,
1981-07-23,,,,,
1981-07-24,,,,,
1981-07-25,,,,,
1981-07-26,,,,,
1981-07-27,,,,,
1981-07-28,,,,,
1981-07-29,,,,,
1981-07-30,,,,,
1981-07-31,,,,,
1981-08-01,,,,,
1981-08-02,,,,,
1981-08-03,,,,,
1981-08-04,,,,,
1981-08-05,,,,,
1981-08-06,,,,,
1981-08-07,,,,,
1981-08-08,,,,,
1981-08-09,,,,,
1981-08-10,,,,,
1981-08-11,,,,,
1981-08-12,,,,,
1981-08-13,,,,,
1981-08-14,,,,,
1981-08-15,,,,,
1981-08-16,,,,,
1981-08-17,,,,,
1981-08-18,,,,,
1981-08-19,,,,,
1981-08-20,,,,,
1981-08-21,,,,,
1981-08-22,,,,,
1981-08-23,,,,,
1981-08-24,,,,,
1981-08-25,,,,,
1981-08-26,,,,,
1981-08-27,,,,,
1981-08-28,,,,,
1981-08-29,,,,,
1981-08-30,,,,,
1981-08-31,,,,,
1981-09-01,,,,,
1981-09-02,,,,,
1981-09-03,,,,,
1981-09-04,,,,,
1981-09-05,,,,,
1981-09-06,,,,,
1981-09-07,,,,,
1981-09-08,,,,,
1981-09-09,,,,,
1981-09-10,,,,,
1981-09-11,,,,,
1981-09-12,,,,,
1981-09-13,,,,,
1981-09-14,,,,,
1981-09-15,,,,,
1981-09-16,,,,,
1981-09-17,,,,,
1981-09-18,,,,,
1981-09-19,,,,,
1981-09-20,,,,,
1981-09-21,,,,,
1981-09-22,,,,,
1981-09-23,,,,,
1981-09-24,,,,,
1981-09-25,,,,,
1981-09-26,,,,,
1981-09-27,,,,,
1981-09-28,,,,,
1981-09-29,,,,,
1981-09-30,,,,,
1981-10-01,0.0,,,,
1981-10-02,,,,,
1981-10-03,,,,,
1981-10-04,,,,,
1981-10-05,,,,,
1981-10-06,,,,,
1981-10-07,,,,,
1981-10-08,,,,,
1981-10-09,,,,,
1981-10-10,,,,,
1981-10-11,,,,,
1981-10-12,,,,,
1981-10-13,,,,,
1981-10-14,,,,,
1981-10-15,,,,,
1981-10-16,,,,,
1981-10-17,,,,,
1981-10-18,,,,,
1981-10-19,,,,,
1981-10-20,,,,,
1981-10-21,,,,,
1981-10-22,,,,,
1981-10-23,,,,,
1981-10-24,,,,,
1981-10-25,,,,,
1981-10-26,,,,,
1981-10-27,,,,,
1981-10-28,,,,,
1981-10-29,,,,,
1981-10-30,,,,,
1981-10-31,,,,,
1981-11-01,0.0,,,,
1981-11-02,,,,,
1981-11-03,,,,,
1981-11-04,,,,,
1981-11-05,,,,,
1981-11-06,,,,,
1981-11-07,,,,,
1981-11-08,,,,,
1981-11-09,,,,,
1981-11-10,,,,,
1981-11-11,,,,,
1981-11-12,,,,,
1981-11-13,,,,,
1981-11-14,,,,,
1981-11-15,,,,,
1981-11-16,,,,,
1981-11-17,,,,,
1981-11-18,,,,,
1981-11-19,,,,,
1981-11-20,,,,,
1981-11-21,,,,,
1981-11-22,,,,,
1981-11-23,,,,,
1981-11-24,,,,,
1981-11-25,,,,,
1981-11-26,,,,,
1981-11-27,6.5,,,,
1981-11-28,6.4,,,,12.8
1981-11-29,,,,,12.8
1981-11-30,,,,,
1981-12-01,7.0,,,,
1981-12-02,,,,,
1981-12-03,,,,,
1981-12-04,,,,,
1981-12-05,8.5,,,,
1981-12-06,8.7,,,,14.7
1981-12-07,9.1,,,,14.8
1981-12-08,9.5,,,,15.1
1981-12-09,9.5,,,,15.4
1981-12-10,9.5,,,,15.4
1981-12-11,9.5,,,,15.4
1981-12-12,9.5,,,,15.4
1981-12-13,10.0,,,,15.4
1981-12-14,10.8,,,,15.4
1981-12-15,12.8,,,,16.3
1981-12-16,13.6,,,,17.6
1981-12-17,13.7,,,,18.1
1981-12-18,13.7,,,,18.3
1981-12-19,15.3,,,,18.3
1981-12-20,15.7,,,,19.3
1981-12-21,16.3,,,,19.8
1981-12-22,16.3,,,,20.1
1981-12-23,16.3,,,,20.1
1981-12-24,16.3,,,,20.1
1981-12-25,17.0,,,,20.1
1981-12-26,17.1,,,,20.6
1981-12-27,17.6,,,,20.6
1981-12-28,18.0,,,,21.1
1981-12-29,18.5,,,,21.1
1981-12-30,,,,,21.6
1981-12-31,,,,,
1982-01-01,20.0,,,,
1982-01-02,,,,,
1982-01-03,,,,,
1982-01-04,,,,,
1982-01-05,,,,,
1982-01-06,,,,,
1982-01-07,,,,,
1982-01-08,,,,,
1982-01-09,,,,,
1982-01-10,,,,,
1982-01-11,,,,,
1982-01-12,,,,,
1982-01-13,,,,,
1982-01-14,,,,,
1982-01-15,21.4,,,,
1982-01-16,,,,,
1982-01-17,,,,,
1982-01-18,26.7,,,,
1982-01-19,,,,,
1982-01-20,,,,,
1982-01-21,27.6,,,,
1982-01-22,,,,,30.1
1982-01-23,,,,,
1982-01-24,,,,,
1982-01-25,,,,,
1982-01-26,,,,,
1982-01-27,,,,,
1982-01-28,,,,,
1982-01-29,,,,,
1982-01-30,,,,,
1982-01-31,,,,,
1982-02-01,31.0,,,,
1982-02-02,,,,,
1982-02-03,,,,,
1982-02-04,,,,,
1982-02-05,,,,,
1982-02-06,,,,,
1982-02-07,,,,,
1982-02-08,,,,,
1982-02-09,,,,,
1982-02-10,,,,,
1982-02-11,,,,,
1982-02-12,,,,,
1982-02-13,,,,,
1982-02-14,,,,,
1982-02-15,,,,,
1982-02-16,,,,,
1982-02-17,,,,,
1982-02-18,,,,,
1982-02-19,,,,,
1982-02-20,,,,,
1982-02-21,,,,,
1982-02-22,,,,,
1982-02-23,,,,,
1982-02-24,,,,,
1982-02-25,,,,,
1982-02-26,,,,,
1982-02-27,,,,,
1982-02-28,,,,,
1982-03-01,,,,,
1982-03-02,42.8,,,,
1982-03-03,,,,,
1982-03-04,,,,,
1982-03-05,,,,,
1982-03-06,45.5,,,,
1982-03-07,45.5,,,,46.5
1982-03-08,45.5,,,,46.5
1982-03-09,45.5,,,,46.5
1982-03-10,45.7,,,,46.5
1982-03-11,45.8,,,,46.6
1982-03-12,46.1,,,,46.7
1982-03-13,46.4,,,,46.9
1982-03-14,46.4,,,,47.1
1982-03-15,46.5,,,,47.1
1982-03-16,46.5,,,,47.2
1982-03-17,46.7,,,,47.2
1982-03-18,46.7,,,,47.4
1982-03-19,46.7,,,,47.4
1982-03-20,47.5,,,,47.4
1982-03-21,47.5,,,,48.2
1982-03-22,47.5,,,,48.2
1982-03-23,47.5,,,,48.2
1982-03-24,47.5,,,,48.2
1982-03-25,47.7,,,,48.2
1982-03-26,47.4,,,,48.4
1982-03-27,47.7,,,,48.4
1982-03-28,47.8,,,,48.4
1982-03-29,47.8,,,,48.5
1982-03-30,48.0,,,,48.5
1982-03-31,48.6,,,,48.7
1982-04-01,49.3,,,,49.3
1982-04-02,49.8,,,,49.9
1982-04-03,50.0,,,,50.3
1982-04-04,50.7,,,,50.5
1982-04-05,51.7,,,,51.1
1982-04-06,52.0,,,,52.0
1982-04-07,52.4,,,,52.3
1982-04-08,52.7,,,,52.7
1982-04-09,52.9,,,,53.0
1982-04-10,53.0,,,,53.2
1982-04-11,53.0,,,,53.3
1982-04-12,53.7,,,,53.3
1982-04-13,53.7,,,,54.0
1982-04-14,53.7,,,,54.0
1982-04-15,54.4,,,,54.0
1982-04-16,55.4,,,,54.7
1982-04-17,55.6,,,,55.6
1982-04-18,55.7,,,,55.8
1982-04-19,55.8,,,,55.9
1982-04-20,55.8,,,,56.0
1982-04-21,55.9,,,,56.0
1982-04-22,55.9,,,,56.1
1982-04-23,55.9,,,,56.1
1982-04-24,55.7,,,,56.1
1982-04-25,55.5,,,,56.1
1982-04-26,55.0,,,,56.1
1982-04-27,54.5,,,,56.1
1982-04-28,54.3,,,,56.1
1982-04-29,53.6,,,,56.1
1982-04-30,53.3,,,,56.1
1982-05-01,52.6,,,,56.1
1982-05-02,52.3,,,,56.1
1982-05-03,51.9,,,,56.1
1982-05-04,50.9,,,,56.1
1982-05-05,49.6,,,,56.1
1982-05-06,49.6,,,,56.1
1982-05-07,49.6,,,,56.1
1982-05-08,49.0,,,,56.1
1982-05-09,48.0,,,,56.1
1982-05-10,47.6,,,,56.1
1982-05-11,47.2,,,,56.1
1982-05-12,47.1,,,,56.1
1982-05-13,46.4,,,,56.1
1982-05-14,45.6,,,,56.3
1982-05-15,44.9,,,,56.3
1982-05-16,43.9,,,,56.3
1982-05-17,42.9,,,,56.3
1982-05-18,41.7,,,,56.3
1982-05-19,40.9,,,,56.3
1982-05-20,40.3,,,,56.3
1982-05-21,39.4,,,,56.3
1982-05-22,38.3,,,,56.4
1982-05-23,37.0,,,,56.5
1982-05-24,35.8,,,,56.5
1982-05-25,34.5,,,,56.5
1982-05-26,32.7,,,,56.6
1982-05-27,30.8,,,,56.6
1982-05-28,29.7,,,,56.6
1982-05-29,29.0,,,,56.6
1982-05-30,28.4,,,,56.6
1982-05-31,28.3,,,,56.6
1982-06-01,28.0,,,,56.6
1982-06-02,26.5,,,,56.6
1982-06-03,25.0,,,,56.7
1982-06-04,23.8,,,,56.7
1982-06-05,23.0,,,,56.7
1982-06-06,22.1,,,,56.7
1982-06-07,21.3,,,,56.7
1982-06-08,20.6,,,,56.7
1982-06-09,20.1,,,,56.7
1982-06-10,18.3,,,,56.7
1982-06-11,16.6,,,,56.7
1982-06-12,14.8,,,,56.7
1982-06-13,12.7,,,,56.7
1982-06-14,10.8,,,,56.7
1982-06-15,8.6,,,,56.7
1982-06-16,4.7,,,,56.8
1982-06-17,3.0,,,,56.8
1982-06-18,1.6,,,,56.8
1982-06-19,0.4,,,,56.8
1982-06-20,0.0,,,,56.8
1982-06-21,0.0,,,,56.8
1982-06-22,0.0,,,,56.9
1982-06-23,0.0,,,,56.9
1982-06-24,0.0,,,,56.9
1982-06-25,0.0,,,,56.9
1982-06-26,0.0,,,,56.9
1982-06-27,0.0,,,,56.9
1982-06-28,0.0,,,,56.9
1982-06-29,0.0,,,,56.9
1982-06-30,0.0,,,,56.9
1982-07-01,0.0,,,,56.9
1982-07-02,0.0,,,,56.9
1982-07-03,0.0,,,,56.9
1982-07-04,0.0,,,,57.2
1982-07-05,0.0,,,,57.7
1982-07-06,0.0,,,,57.8
1982-07-07,0.0,,,,58.2
1982-07-08,0.0,,,,58.2
1982-07-09,0.0,,,,58.4
1982-07-10,0.0,,,,59.2
1982-07-11,0.0,,,,59.2
1982-07-12,0.0,,,,59.2
1982-07-13,0.0,,,,59.2
1982-07-14,0.0,,,,59.2
1982-07-15,0.0,,,,59.2
1982-07-16,0.0,,,,59.2
1982-07-17,0.0,,,,59.2
1982-07-18,0.0,,,,59.2
1982-07-19,0.0,,,,59.2
1982-07-20,0.0,,,,59.2
1982-07-21,0.0,,,,59.2
1982-07-22,0.0,,,,59.2
1982-07-23,0.0,,,,59.2
1982-07-24,0.0,,,,59.2
1982-07-25,0.0,,,,59.2
1982-07-26,0.0,,,,59.2
1982-07-27,0.0,,,,59.2
1982-07-28,0.0,,,,59.2
1982-07-29,0.0,,,,59.2
1982-07-30,0.0,,,,59.5
1982-07-31,0.0,,,,59.5
1982-08-01,0.0,,,,59.5
1982-08-02,0.0,,,,59.5
1982-08-03,0.0,,,,59.5
1982-08-04,0.0,,,,59.5
1982-08-05,0.0,,,,59.5
1982-08-06,0.0,,,,59.5
1982-08-07,0.0,,,,59.5
1982-08-08,0.0,,,,59.5
1982-08-09,0.0,,,,59.5
1982-08-10,0.0,,,,59.5
1982-08-11,0.0,,,,59.5
1982-08-12,0.0,,,,59.5
1982-08-13,0.0,,,,59.6
1982-08-14,0.0,,,,59.6
1982-08-15,0.0,,,,59.6
1982-08-16,0.0,,,,59.6
1982-08-17,0.0,,,,59.6
1982-08-18,0.0,,,,59.6
1982-08-19,0.0,,,,59.6
1982-08-20,0.0,,,,59.6
1982-08-21,0.0,,,,59.6
1982-08-22,0.0,,,,59.6
1982-08-23,0.0,,,,59.6
1982-08-24,0.0,,,,59.6
1982-08-25,0.0,,,,59.6
1982-08-26,0.0,,,,59.6
1982-08-27,0.0,,,,59.6
1982-08-28,0.0,,,,59.6
1982-08-29,0.0,,,,59.6
1982-08-30,0.0,,,,59.8
1982-08-31,0.0,,,,60.1
1982-09-01,0.0,,,,60.5
1982-09-02,0.0,,,,60.5
1982-09-03,0.0,,,,60.5
1982-09-04,0.0,,,,60.5
1982-09-05,0.0,,,,60.5
1982-09-06,0.0,,,,60.5
1982-09-07,0.0,,,,60.5
1982-09-08,0.0,,,,60.5
1982-09-09,0.0,,,,60.6
1982-09-10,0.0,,,,60.6
1982-09-11,0.0,,,,60.6
1982-09-12,0.0,,,,60.6
1982-09-13,0.0,,,,60.6
1982-09-14,0.0,,,,60.6
1982-09-15,0.0,,,,60.6
1982-09-16,0.0,,,,60.7
1982-09-17,0.0,,,,60.9
1982-09-18,0.0,,,,61.0
1982-09-19,0.0,,,,61.0
1982-09-20,0.0,,,,61.0
1982-09-21,0.0,,,,61.0
1982-09-22,0.0,,,,61.9
1982-09-23,0.0,,,,62.0
1982-09-24,0.0,,,,62.0
1982-09-25,0.0,,,,62.0
1982-09-26,0.0,,,,62.0
1982-09-27,0.0,,,,62.1
1982-09-28,0.0,,,,62.7
1982-09-29,0.0,,,,62.7
1982-09-30,0.0,,,,62.7
1982-10-01,0.0,,,,63.2
1982-10-02,0.0,,,,63.5
1982-10-03,,,,,
1982-10-04,,,,,
1982-10-05,,,,,
1982-10-06,,,,,
1982-10-07,,,,,
1982-10-08,,,,,
1982-10-09,,,,,
1982-10-10,,,,,
1982-10-11,,,,,
1982-10-12,,,,,
1982-10-13,,,,,
1982-10-14,,,,,
1982-10-15,,,,,
1982-10-16,,,,,
1982-10-17,,,,,
1982-10-18,,,,,
1982-10-19,,,,,
1982-10-20,,,,,
1982-10-21,,,,,
1982-10-22,,,,,
1982-10-23,,,,,
1982-10-24,,,,,
1982-10-25,,,,,
1982-10-26,,,,,
1982-10-27,,,,,
1982-10-28,,,,,
1982-10-29,,,,,
1982-10-30,,,,,
1982-10-31,,,,,
1982-11-01,,,,,
1982-11-02,0.0,,,,
1982-11-03,,,,,
1982-11-04,,,,,
1982-11-05,,,,,
1982-11-06,,,,,
1982-11-07,,,,,
1982-11-08,,,,,
1982-11-09,,,,,
1982-11-10,,,,,
1982-11-11,,,,,
1982-11-12,,,,,
1982-11-13,,,,,
1982-11-14,,,,,
1982-11-15,,,,,
1982-11-16,,,,,
1982-11-17,,,,,
1982-11-18,3.0,,,,
1982-11-19,3.6,,26.06,,5.5
1982-11-20,4.3,,23.36,,6.0
1982-11-21,5.0,,20.48,,6.8
1982-11-22,5.7,,7.7,,7.6
1982-11-23,6.1,,6.8,,8.3
1982-11-24,6.1,,11.3,,8.5
1982-11-25,6.2,,14.36,,8.5
1982-11-26,6.2,,20.48,,8.5
1982-11-27,6.2,,27.86,,8.6
1982-11-28,6.3,,30.74,,8.7
1982-11-29,6.5,,29.12,,8.8
1982-11-30,7.4,,24.26,,9.0
1982-12-01,8.3,,25.16,,9.8
1982-12-02,8.4,,21.38,,10.7
1982-12-03,8.4,,30.2,,10.7
1982-12-04,8.9,,30.92,,10.7
1982-12-05,9.3,,29.3,,11.1
1982-12-06,9.8,,,,11.6
1982-12-07,10.8,,18.86,,11.9
1982-12-08,11.0,,10.04,,12.9
1982-12-09,11.0,,19.22,,13.1
1982-12-10,11.0,,20.84,,13.1
1982-12-11,11.0,,22.1,,13.1
1982-12-12,11.0,,25.34,,13.1
1982-12-13,11.2,,22.82,,13.1
1982-12-14,11.8,,22.46,,13.2
1982-12-15,12.3,,28.22,,13.8
1982-12-16,12.9,,31.82,,13.8
1982-12-17,14.4,,27.32,,14.6
1982-12-18,14.4,,21.92,,15.4
1982-12-19,14.8,,,,16.1
1982-12-20,15.4,,29.84,,16.5
1982-12-21,15.4,,32.0,,16.8
1982-12-22,17.1,,24.44,,16.8
1982-12-23,18.1,,22.46,,18.1
1982-12-24,18.1,,14.18,,19.1
1982-12-25,19.1,,12.02,,19.1
1982-12-26,19.1,,19.04,,19.1
1982-12-27,19.3,,8.6,,19.1
1982-12-28,19.3,,4.28,,19.1
1982-12-29,19.5,,2.84,,19.1
1982-12-30,19.5,,6.44,,19.1
1982-12-31,19.6,,7.34,,19.1
1983-01-01,19.6,,14.0,,19.1
1983-01-02,19.6,,19.22,,19.1
1983-01-03,19.6,,23.0,,19.1
1983-01-04,20.0,,28.4,,19.1
1983-01-05,20.3,,32.36,,19.3
1983-01-06,22.6,,32.0,,19.6
1983-01-07,23.3,,32.0,,20.5
1983-01-08,24.6,,27.68,,24.1
1983-01-09,25.3,,21.02,,25.3
1983-01-10,25.7,,22.82,,25.9
1983-01-11,25.7,,23.18,,26.2
1983-01-12,25.8,,25.88,,26.2
1983-01-13,25.9,,26.06,,26.2
1983-01-14,25.9,,25.52,,26.2
1983-01-15,25.9,,24.8,,26.2
1983-01-16,26.0,,27.68,,26.2
1983-01-17,26.1,,,,26.2
1983-01-18,26.1,,28.94,,26.2
1983-01-19,26.1,,28.94,,26.3
1983-01-20,26.1,,28.04,,26.5
1983-01-21,26.1,,26.78,,26.9
1983-01-22,26.2,,23.9,,27.0
1983-01-23,26.2,,26.96,,27.1
1983-01-24,26.6,,28.4,,27.1
1983-01-25,27.1,,26.06,,27.6
1983-01-26,27.1,,30.92,,27.8
1983-01-27,27.6,,31.82,,28.1
1983-01-28,27.7,,21.38,,28.1
1983-01-29,27.9,,24.26,,28.2
1983-01-30,27.9,,24.62,,28.4
1983-01-31,28.4,,18.32,,28.4
1983-02-01,28.4,,15.8,,28.7
1983-02-02,28.4,,16.88,,28.7
1983-02-03,28.4,,12.02,,28.7
1983-02-04,28.4,,11.12,,28.7
1983-02-05,28.4,,10.76,,28.7
1983-02-06,28.4,,20.12,,28.7
1983-02-07,28.8,,22.28,,28.7
1983-02-08,29.4,,24.26,,28.7
1983-02-09,30.0,,27.86,,29.4
1983-02-10,30.9,,26.24,,29.8
1983-02-11,32.0,,29.66,,30.6
1983-02-12,32.4,,32.0,,31.8
1983-02-13,32.6,,30.74,,31.9
1983-02-14,33.1,,25.34,,32.0
1983-02-15,33.1,,26.96,,32.4
1983-02-16,33.1,,35.6,,32.8
1983-02-17,34.0,,29.12,,32.8
1983-02-18,34.7,,31.64,,33.3
1983-02-19,35.0,,23.72,,33.6
1983-02-20,35.1,,27.5,,33.9
1983-02-21,35.3,,32.18,,34.1
1983-02-22,35.9,,32.0,,34.1
1983-02-23,36.0,,33.26,,34.1
1983-02-24,36.4,,35.24,,34.3
1983-02-25,36.4,,33.8,,34.3
1983-02-26,36.6,,27.68,,34.3
1983-02-27,36.6,,27.68,,34.3
1983-02-28,37.2,,31.82,,35.0
1983-03-01,37.6,,,,35.6
1983-03-02,,,33.98,,36.0
1983-03-03,38.0,,34.34,,
1983-03-04,38.8,,35.24,,36.4
1983-03-05,38.8,,33.26,,37.2
1983-03-06,38.8,,31.64,,37.4
1983-03-07,38.8,,29.66,,37.6
1983-03-08,39.1,,31.82,,37.7
1983-03-09,39.8,,33.08,,37.9
1983-03-10,40.1,,37.58,,38.2
1983-03-11,40.7,,39.92,,38.5
1983-03-12,40.7,,32.54,,38.7
1983-03-13,40.9,,28.94,,38.7
1983-03-14,41.0,,32.0,,38.7
1983-03-15,42.8,,26.42,,39.8
1983-03-16,42.9,,22.82,,40.3
1983-03-17,43.2,,22.46,,41.2
1983-03-18,43.2,,28.22,,41.3
1983-03-19,43.7,,27.68,,41.3
1983-03-20,43.7,,22.28,,41.3
1983-03-21,43.7,,22.46,,41.4
1983-03-22,43.7,,28.22,,41.4
1983-03-23,43.7,,31.64,,41.4
1983-03-24,44.4,,27.68,,41.4
1983-03-25,44.6,,24.62,,41.5
1983-03-26,45.4,,26.96,,42.9
1983-03-27,45.5,,27.14,,43.2
1983-03-28,45.6,,27.14,,43.3
1983-03-29,45.9,,24.08,,43.4
1983-03-30,45.9,,30.92,,43.4
1983-03-31,46.3,,32.36,,43.5
1983-04-01,47.8,,29.12,,43.9
1983-04-02,48.9,,27.32,,45.3
1983-04-03,48.9,,27.5,,46.1
1983-04-04,50.0,,23.72,,46.1
1983-04-05,50.0,,24.26,,47.1
1983-04-06,50.0,,24.26,,47.2
1983-04-07,50.0,,26.42,,47.2
1983-04-08,50.0,,32.18,,47.2
1983-04-09,50.1,,32.18,,47.2
1983-04-10,50.4,,31.46,,47.3
1983-04-11,50.4,,26.78,,47.6
1983-04-12,50.6,,39.2,,47.6
1983-04-13,50.6,,26.96,,47.8
1983-04-14,50.6,,28.94,,47.8
1983-04-15,50.6,,29.3,,47.9
1983-04-16,50.6,,31.1,,47.9
1983-04-17,50.6,,34.88,,47.9
1983-04-18,50.6,,37.4,,47.9
1983-04-19,50.6,,39.38,,47.9
1983-04-20,50.6,,39.02,,47.9
1983-04-21,50.6,,39.02,,47.9
1983-04-22,50.7,,38.12,,47.9
1983-04-23,50.8,,39.38,,48.0
1983-04-24,49.4,,40.82,,48.1
1983-04-25,49.4,,40.82,,48.1
1983-04-26,49.4,,30.02,,48.3
1983-04-27,48.3,,30.02,,49.0
1983-04-28,48.3,,32.0,,49.4
1983-04-29,48.3,,36.14,,49.5
1983-04-30,47.8,,38.84,,49.5
1983-05-01,47.8,,36.86,,49.6
1983-05-02,47.8,,35.24,,49.6
1983-05-03,47.4,,37.04,,49.9
1983-05-04,47.0,,37.58,,50.1
1983-05-05,46.4,,40.64,,50.2
1983-05-06,45.9,,33.98,,50.3
1983-05-07,46.1,,34.7,,50.3
1983-05-08,46.4,,38.12,,50.6
1983-05-09,46.3,,32.0,,51.7
1983-05-10,45.9,,28.04,,51.7
1983-05-11,45.7,,30.38,,51.7
1983-05-12,45.9,,33.08,,51.9
1983-05-13,46.0,,33.98,,52.1
1983-05-14,45.7,,35.42,,52.2
1983-05-15,45.7,,37.04,,52.2
1983-05-16,45.5,,33.98,,52.2
1983-05-17,45.5,,36.32,,52.2
1983-05-18,45.5,,41.72,,52.3
1983-05-19,45.3,,39.74,,52.6
1983-05-20,45.2,,43.52,,52.7
1983-05-21,43.9,,45.86,,52.7
1983-05-22,42.6,,45.86,,52.7
1983-05-23,41.7,,46.58,,52.7
1983-05-24,39.9,,49.28,,52.7
1983-05-25,38.8,,51.08,,52.7
1983-05-26,37.6,,50.36,,52.7
1983-05-27,35.9,,51.62,,52.8
1983-05-28,34.5,,53.42,,52.8
1983-05-29,32.9,,55.4,,52.8
1983-05-30,31.3,,52.88,,52.8
1983-05-31,29.5,,52.88,,52.8
1983-06-01,27.8,,43.7,,52.9
1983-06-02,26.0,,45.5,,52.9
1983-06-03,24.6,,50.18,,52.9
1983-06-04,23.3,,50.72,,53.0
1983-06-05,22.0,,50.18,,53.1
1983-06-06,20.1,,50.72,,53.1
1983-06-07,18.3,,50.0,,53.1
1983-06-08,16.5,,53.78,,53.1
1983-06-09,15.1,,52.16,,53.1
1983-06-10,13.3,,51.8,,53.1
1983-06-11,11.1,,52.7,,53.1
1983-06-12,9.3,,41.18,,53.1
1983-06-13,7.0,,37.58,,53.1
1983-06-14,5.3,,44.78,,53.1
1983-06-15,4.2,,54.68,,53.1
1983-06-16,2.1,,51.98,,53.1
1983-06-17,0.8,,49.28,,53.1
1983-06-18,0.1,,58.1,,53.1
1983-06-19,0.0,,43.88,,53.1
1983-06-20,0.0,,41.72,,53.1
1983-06-21,0.0,,43.7,,53.1
1983-06-22,0.0,,47.12,,53.1
1983-06-23,0.0,,57.02,,53.1
1983-06-24,0.0,,61.34,,53.1
1983-06-25,0.0,,51.62,,53.1
1983-06-26,0.0,,,,53.1
1983-06-27,0.0,,59.36,,53.1
1983-06-28,0.0,,48.74,,53.1
1983-06-29,0.0,,52.52,,53.2
1983-06-30,0.0,,52.16,,53.3
1983-07-01,0.0,,51.62,,53.6
1983-07-02,0.0,,45.68,,53.6
1983-07-03,0.0,,42.62,,53.6
1983-07-04,0.0,,44.78,,53.6
1983-07-05,0.0,,54.32,,54.9
1983-07-06,0.0,,60.62,,55.1
1983-07-07,0.0,,64.04,,55.2
1983-07-08,0.0,,62.78,,55.2
1983-07-09,0.0,,55.94,,55.3
1983-07-10,0.0,,47.12,,55.3
1983-07-11,0.0,,45.32,,55.3
1983-07-12,0.0,,52.7,,55.3
1983-07-13,0.0,,60.08,,55.8
1983-07-14,0.0,,64.58,,55.8
1983-07-15,0.0,,48.02,,55.8
1983-07-16,0.0,,43.88,,55.8
1983-07-17,0.0,,47.48,,55.9
1983-07-18,0.0,,54.86,,55.9
1983-07-19,0.0,,58.82,,55.9
1983-07-20,0.0,,58.64,,56.0
1983-07-21,0.0,,54.5,,56.0
1983-07-22,0.0,,57.2,,56.0
1983-07-23,0.0,,60.08,,56.0
1983-07-24,0.0,,59.72,,56.0
1983-07-25,0.0,,61.7,,56.0
1983-07-26,0.0,,60.8,,56.1
1983-07-27,0.0,,58.28,,56.1
1983-07-28,0.0,,56.84,,56.1
1983-07-29,0.0,,61.88,,56.1
1983-07-30,0.0,,64.04,,56.1
1983-07-31,0.0,,,,56.1
1983-08-01,0.0,,62.6,,56.1
1983-08-02,0.0,,62.6,,56.1
1983-08-03,0.0,,65.48,,56.1
1983-08-04,0.0,,64.58,,56.1
1983-08-05,0.0,,,,56.1
1983-08-06,0.0,,67.64,,56.1
1983-08-07,0.0,,70.88,,56.1
1983-08-08,0.0,,71.78,,56.1
1983-08-09,0.0,,69.08,,56.1
1983-08-10,0.0,,64.94,,56.1
1983-08-11,0.0,,,,56.2
1983-08-12,0.0,,60.98,,56.5
1983-08-13,0.0,,57.02,,56.6
1983-08-14,0.0,,60.08,,56.8
1983-08-15,0.0,,60.44,,56.9
1983-08-16,0.0,,52.16,,57.0
1983-08-17,0.0,,56.3,,57.0
1983-08-18,0.0,,60.62,,57.0
1983-08-19,0.0,,,,57.3
1983-08-20,0.0,,59.18,,57.3
1983-08-21,0.0,,57.2,,57.3
1983-08-22,0.0,,52.88,,57.5
1983-08-23,0.0,,,,57.6
1983-08-24,0.0,,51.08,,57.7
1983-08-25,0.0,,52.88,,57.8
1983-08-26,0.0,,53.96,,57.9
1983-08-27,0.0,,57.02,,57.9
1983-08-28,0.0,,58.28,,58.1
1983-08-29,0.0,,,,58.1
1983-08-30,0.0,,57.38,,58.1
1983-08-31,0.0,,59.54,,58.1
1983-09-01,0.0,,58.82,,58.1
1983-09-02,0.0,,56.48,,58.1
1983-09-03,0.0,,,,58.1
1983-09-04,0.0,,50.9,,58.2
1983-09-05,0.0,,51.08,,58.2
1983-09-06,0.0,,47.48,,58.2
1983-09-07,0.0,,52.34,,58.2
1983-09-08,0.0,,56.48,,58.2
1983-09-09,0.0,,53.78,,58.2
1983-09-10,0.0,,41.54,,58.2
1983-09-11,0.0,,43.52,,58.2
1983-09-12,0.0,,50.72,,58.2
1983-09-13,0.0,,51.08,,58.2
1983-09-14,0.0,,55.76,,58.2
1983-09-15,0.0,,52.88,,58.2
1983-09-16,0.0,,50.18,,58.2
1983-09-17,0.0,,52.52,,58.2
1983-09-18,0.0,,,,58.2
1983-09-19,0.0,,47.3,,58.2
1983-09-20,0.0,,35.78,,58.2
1983-09-21,0.0,,33.98,,58.2
1983-09-22,0.0,,43.52,,58.2
1983-09-23,0.0,,48.74,,58.2
1983-09-24,0.0,,52.88,,58.2
1983-09-25,0.0,,52.16,,58.2
1983-09-26,0.0,,52.16,,58.2
1983-09-27,0.0,,53.6,,58.2
1983-09-28,0.0,,45.86,,58.2
1983-09-29,0.0,,39.38,,58.2
1983-09-30,0.0,,42.08,,58.2
1983-10-01,0.0,,40.64,,58.2
1983-10-02,0.0,,40.64,,58.2
1983-10-03,0.0,,37.58,,58.2
1983-10-04,0.0,,39.02,,0.0
1983-10-05,0.0,,43.52,,0.9
1983-10-06,0.0,,44.78,,1.0
1983-10-07,0.1,,46.58,,1.0
1983-10-08,0.0,,43.88,,1.1
1983-10-09,0.0,,46.58,,1.1
1983-10-10,0.0,,43.52,,1.1
1983-10-11,0.0,,40.64,,1.1
1983-10-12,0.0,,37.04,,1.3
1983-10-13,0.0,,40.64,,1.3
1983-10-14,0.0,,39.92,,1.3
1983-10-15,0.0,,36.14,,1.3
1983-10-16,0.0,,,,1.6
1983-10-17,0.0,,33.62,,1.7
1983-10-18,0.0,,39.2,,1.7
1983-10-19,0.0,,36.68,,1.7
1983-10-20,0.0,,37.58,,1.7
1983-10-21,0.0,,44.78,,1.7
1983-10-22,0.0,,46.04,,1.7
1983-10-23,0.0,,46.58,,1.7
1983-10-24,0.0,,38.66,,1.8
1983-10-25,0.0,,32.0,,1.8
1983-10-26,0.0,,38.66,,1.8
1983-10-27,0.0,,43.16,,1.8
1983-10-28,0.0,,43.16,,1.9
1983-10-29,0.0,,42.44,,1.9
1983-10-30,0.0,,44.6,,2.0
1983-10-31,0.0,,42.62,,2.0
1983-11-01,0.0,,42.44,,2.0
1983-11-02,0.0,,42.08,,2.0
1983-11-03,0.7,,39.92,,2.0
1983-11-04,0.7,,43.16,,2.3
1983-11-05,1.0,,,,2.8
1983-11-06,1.1,,37.04,,2.9
1983-11-07,1.3,,39.02,,3.0
1983-11-08,1.5,,27.32,,3.1
1983-11-09,0.0,,23.72,,3.2
1983-11-10,0.0,,27.32,,4.1
1983-11-11,0.0,,33.98,,4.1
1983-11-12,0.2,,32.54,,4.1
1983-11-13,0.4,,30.38,,4.3
1983-11-14,0.4,,27.32,,5.1
1983-11-15,1.0,,,,5.7
1983-11-16,1.5,,29.66,,6.2
1983-11-17,1.5,,31.46,,6.7
1983-11-18,1.8,,31.28,,6.7
1983-11-19,2.6,,,,7.0
1983-11-20,3.1,,24.08,,7.8
1983-11-21,3.6,,23.18,,8.3
1983-11-22,4.1,,18.14,,8.4
1983-11-23,4.4,,14.36,,9.3
1983-11-24,4.4,,20.66,,9.6
1983-11-25,4.6,,27.86,,9.6
1983-11-26,4.9,,20.48,,9.8
1983-11-27,6.2,,19.04,,10.3
1983-11-28,7.1,,23.18,,11.3
1983-11-29,7.7,,21.92,,11.8
1983-11-30,7.7,,11.3,,11.9
1983-12-01,7.7,,14.0,,12.1
1983-12-02,7.7,,22.82,,12.1
1983-12-03,7.4,,19.76,,12.1
1983-12-04,7.6,,23.0,,12.8
1983-12-05,8.2,,12.92,,12.8
1983-12-06,8.2,,12.2,,12.9
1983-12-07,8.4,,23.72,,12.9
1983-12-08,10.0,,30.2,,12.9
1983-12-09,11.2,,24.98,,13.7
1983-12-10,12.1,,28.94,,15.1
1983-12-11,12.9,,30.56,,17.1
1983-12-12,13.6,,30.38,,17.1
1983-12-13,14.6,,,,18.1
1983-12-14,14.9,,26.6,,18.6
1983-12-15,15.7,,27.68,,19.1
1983-12-16,16.6,,17.96,,19.4
1983-12-17,16.6,,,,19.6
1983-12-18,16.6,,14.36,,19.6
1983-12-19,16.7,,15.8,,19.6
1983-12-20,16.8,,10.22,,19.6
1983-12-21,16.8,,-0.94,,19.6
1983-12-22,16.8,,-7.24,,19.6
1983-12-23,16.8,,-11.38,,19.6
1983-12-24,16.8,,-15.16,,19.6
1983-12-25,16.8,,2.66,,19.6
1983-12-26,16.8,,23.0,,19.6
1983-12-27,17.6,,26.6,,19.6
1983-12-28,18.1,,15.26,,20.1
1983-12-29,18.1,,6.98,,20.6
1983-12-30,18.3,,17.78,,20.6
1983-12-31,19.6,,,,21.0
1984-01-01,21.1,,23.0,,22.5
1984-01-02,21.1,,16.16,,24.3
1984-01-03,21.1,,,,24.3
1984-01-04,21.3,,,,24.3
1984-01-05,21.3,,11.48,,24.3
1984-01-06,22.8,,,,24.3
1984-01-07,22.8,,,,26.0
1984-01-08,22.8,,29.66,,26.0
1984-01-09,22.8,,26.78,,26.0
1984-01-10,22.8,,19.94,,26.0
1984-01-11,22.8,,24.62,,26.0
1984-01-12,22.8,,22.64,,26.0
1984-01-13,22.8,,19.94,,26.0
1984-01-14,22.8,,16.16,,26.0
1984-01-15,22.8,,12.56,,26.0
1984-01-16,22.8,,5.9,,26.0
1984-01-17,22.8,,,,26.0
1984-01-18,22.8,,-1.66,,26.0
1984-01-19,22.8,,-3.46,,26.0
1984-01-20,22.8,,,,26.0
1984-01-21,23.1,,7.88,,26.0
1984-01-22,23.1,,,,26.0
1984-01-23,23.1,,21.02,,26.0
1984-01-24,23.4,,23.36,,26.0
1984-01-25,23.8,,30.2,,26.6
1984-01-26,24.1,,30.74,,26.6
1984-01-27,24.3,,,,27.3
1984-01-28,24.3,,26.06,,27.6
1984-01-29,24.3,,24.26,,27.6
1984-01-30,24.3,,23.54,,27.6
1984-01-31,24.3,,22.46,,27.6
1984-02-01,24.3,,26.06,,27.6
1984-02-02,24.3,,,,27.6
1984-02-03,24.3,,21.38,,27.6
1984-02-04,24.3,,25.88,,27.6
1984-02-05,24.3,,27.5,,27.6
1984-02-06,24.3,,28.04,,27.6
1984-02-07,24.3,,24.98,,27.6
1984-02-08,24.3,,23.0,,27.6
1984-02-09,24.3,,23.72,,27.6
1984-02-10,24.3,,30.56,,27.6
1984-02-11,24.3,,22.46,,27.6
1984-02-12,24.3,,19.4,,27.6
1984-02-13,24.3,,24.98,,28.3
1984-02-14,24.3,,24.98,,28.3
1984-02-15,25.3,,18.5,,28.4
1984-02-16,27.2,,6.8,,29.3
1984-02-17,27.2,,,,30.8
1984-02-18,27.8,,8.78,,30.8
1984-02-19,28.0,,,,30.8
1984-02-20,28.0,,,,30.8
1984-02-21,28.0,,,,30.8
1984-02-22,28.2,,,,30.8
1984-02-23,28.8,,,,30.8
1984-02-24,29.5,,,,30.9
1984-02-25,29.5,,,,31.3
1984-02-26,29.5,,,,31.3
1984-02-27,29.5,,20.48,,31.3
1984-02-28,29.7,,,,31.3
1984-02-29,30.0,,,,31.5
1984-03-01,30.6,,,,31.8
1984-03-02,30.6,,,,32.2
1984-03-03,30.6,,,,32.2
1984-03-04,30.9,,,,32.2
1984-03-05,31.1,,,,32.5
1984-03-06,31.4,,,,32.7
1984-03-07,31.4,,,,33.0
1984-03-08,31.4,,,,33.0
1984-03-09,31.4,,,,33.0
1984-03-10,31.7,,,,33.0
1984-03-11,32.5,,,,33.3
1984-03-12,32.6,,,,34.3
1984-03-13,33.0,,,,34.5
1984-03-14,33.2,,,,35.0
1984-03-15,33.2,,,,35.2
1984-03-16,33.9,,,,35.2
1984-03-17,34.6,,,,36.0
1984-03-18,35.1,,,,36.6
1984-03-19,35.4,,,,37.0
1984-03-20,35.4,,,,37.3
1984-03-21,35.5,,,,37.3
1984-03-22,36.4,,,,37.4
1984-03-23,36.7,,,,38.1
1984-03-24,37.2,,,,38.3
1984-03-25,37.2,,,,38.6
1984-03-26,37.4,,,,38.6
1984-03-27,37.6,,,,38.9
1984-03-28,37.8,,31.28,,39.1
1984-03-29,38.0,,,,39.4
1984-03-30,38.0,,,,39.6
1984-03-31,38.0,,,,39.6
1984-04-01,38.0,,,,39.6
1984-04-02,38.1,,,,39.6
1984-04-03,38.0,,,,39.6
1984-04-04,38.1,,,,39.6
1984-04-05,38.1,,,,39.6
1984-04-06,38.2,,,,39.6
1984-04-07,38.2,,,,39.6
1984-04-08,38.7,,,,39.6
1984-04-09,38.7,,,,39.9
1984-04-10,39.0,,,,39.9
1984-04-11,39.7,,,,40.2
1984-04-12,40.1,,,,41.1
1984-04-13,40.4,,,,41.5
1984-04-14,40.8,,,,41.8
1984-04-15,41.3,,,,42.2
1984-04-16,41.3,,,,42.7
1984-04-17,41.4,,,,42.7
1984-04-18,41.0,,,,42.7
1984-04-19,41.0,,,,42.7
1984-04-20,41.0,,39.2,,42.9
1984-04-21,41.0,,38.48,,43.0
1984-04-22,41.0,,36.14,,43.0
1984-04-23,41.0,,38.12,,43.0
1984-04-24,41.0,,33.26,,43.0
1984-04-25,41.0,,26.24,,43.0
1984-04-26,40.2,,26.6,,43.0
1984-04-27,40.3,,30.02,,43.0
1984-04-28,40.4,,29.12,,43.1
1984-04-29,40.4,,28.04,,43.1
1984-04-30,40.4,,29.66,,43.1
1984-05-01,40.1,,29.66,,43.1
1984-05-02,39.9,,31.82,,43.2
1984-05-03,40.2,,35.78,,43.2
1984-05-04,41.1,,32.9,,43.5
1984-05-05,41.2,,30.02,,44.1
1984-05-06,41.6,,26.6,,44.4
1984-05-07,41.6,,28.94,,44.8
1984-05-08,41.8,,35.24,,44.9
1984-05-09,41.8,,43.52,,45.1
1984-05-10,41.7,,41.9,,45.1
1984-05-11,41.2,,37.58,,45.1
1984-05-12,40.9,,38.84,,45.1
1984-05-13,40.1,,42.8,,45.1
1984-05-14,39.9,,46.4,,45.2
1984-05-15,38.4,,43.88,,45.9
1984-05-16,36.8,,34.16,,45.9
1984-05-17,36.3,,31.46,,45.9
1984-05-18,35.5,,37.94,,46.3
1984-05-19,35.3,,43.52,,46.6
1984-05-20,34.9,,45.68,,46.7
1984-05-21,34.0,,41.72,,46.8
1984-05-22,32.6,,37.4,,46.8
1984-05-23,31.6,,42.98,,46.8
1984-05-24,31.2,,39.92,,46.8
1984-05-25,30.1,,36.68,,46.8
1984-05-26,29.4,,39.38,,46.8
1984-05-27,28.8,,41.72,,46.9
1984-05-28,28.1,,43.16,,46.9
1984-05-29,27.4,,50.36,,47.0
1984-05-30,26.2,,54.5,,47.0
1984-05-31,24.8,,53.24,,47.0
1984-06-01,22.5,,39.92,,47.0
1984-06-02,20.3,,40.82,,47.0
1984-06-03,19.0,,44.96,,47.0
1984-06-04,18.1,,43.16,,47.0
1984-06-05,16.3,,38.84,,47.0
1984-06-06,16.1,,40.46,,47.0
1984-06-07,15.1,,38.12,,47.0
1984-06-08,14.2,,37.58,,47.8
1984-06-09,13.0,,35.78,,48.5
1984-06-10,12.2,,38.3,,48.9
1984-06-11,11.9,,41.0,,49.4
1984-06-12,10.9,,40.28,,49.5
1984-06-13,10.1,,42.98,,49.5
1984-06-14,9.0,,46.4,,49.6
1984-06-15,8.0,,51.98,,49.7
1984-06-16,5.9,,54.68,,49.7
1984-06-17,4.9,,50.36,,49.7
1984-06-18,0.1,,51.62,,49.7
1984-06-19,0.0,,,,49.7
1984-06-20,0.0,,54.68,,49.7
1984-06-21,0.0,,51.08,,49.7
1984-06-22,0.0,,40.82,,49.7
1984-06-23,0.0,,44.24,,49.7
1984-06-24,0.0,,54.5,,49.7
1984-06-25,0.0,,60.44,,49.7
1984-06-26,0.0,,59.54,,49.7
1984-06-27,0.0,,61.52,,49.7
1984-06-28,0.0,,59.72,,49.7
1984-06-29,0.0,,66.2,,49.7
1984-06-30,0.0,,,,49.7
1984-07-01,0.0,,49.82,,49.7
1984-07-02,0.0,,54.86,,49.7
1984-07-03,0.0,,58.64,,49.7
1984-07-04,0.0,,56.66,,49.7
1984-07-05,0.0,,59.36,,49.7
1984-07-06,0.0,,62.6,,49.7
1984-07-07,0.0,,62.42,,49.7
1984-07-08,0.0,,58.46,,49.7
1984-07-09,0.0,,54.86,,49.7
1984-07-10,0.0,,53.42,,49.7
1984-07-11,0.0,,57.38,,49.7
1984-07-12,0.0,,62.42,,49.7
1984-07-13,0.0,,,,49.7
1984-07-14,0.0,,57.2,,49.7
1984-07-15,0.0,,59.18,,49.7
1984-07-16,0.0,,62.42,,49.7
1984-07-17,0.0,,63.68,,49.7
1984-07-18,0.0,,65.66,,49.7
1984-07-19,0.0,,63.32,,49.7
1984-07-20,0.0,,63.32,,49.7
1984-07-21,0.0,,61.16,,49.7
1984-07-22,0.0,,59.72,,49.7
1984-07-23,0.0,,57.2,,49.7
1984-07-24,0.0,,58.1,,49.7
1984-07-25,0.0,,61.16,,49.7
1984-07-26,0.0,,66.92,,49.9
1984-07-27,0.0,,66.56,,50.5
1984-07-28,0.0,,62.78,,50.5
1984-07-29,0.0,,57.92,,50.5
1984-07-30,0.0,,56.66,,50.8
1984-07-31,0.0,,59.72,,51.0
1984-08-01,0.0,,61.34,,51.3
1984-08-02,0.0,,58.64,,51.3
1984-08-03,0.0,,59.72,,51.3
1984-08-04,0.0,,58.1,,51.3
1984-08-05,0.0,,59.9,,51.3
1984-08-06,0.0,,60.44,,51.3
1984-08-07,0.0,,57.92,,51.3
1984-08-08,0.0,,58.64,,51.4
1984-08-09,0.0,,61.88,,51.4
1984-08-10,0.0,,64.94,,51.4
1984-08-11,0.0,,66.2,,51.4
1984-08-12,0.0,,64.04,,51.4
1984-08-13,0.0,,60.44,,51.4
1984-08-14,0.0,,56.48,,51.4
1984-08-15,0.0,,60.26,,51.4
1984-08-16,0.0,,63.68,,51.4
1984-08-17,0.0,,59.54,,51.4
1984-08-18,0.0,,61.88,,51.4
1984-08-19,0.0,,63.5,,51.4
1984-08-20,0.0,,57.38,,51.5
1984-08-21,0.0,,54.32,,51.5
1984-08-22,0.0,,56.3,,51.5
1984-08-23,0.0,,57.02,,51.5
1984-08-24,0.0,,55.76,,51.5
1984-08-25,0.0,,57.92,,51.5
1984-08-26,0.0,,58.82,,51.9
1984-08-27,0.0,,58.64,,51.9
1984-08-28,0.0,,60.62,,51.9
1984-08-29,0.0,,56.48,,51.9
1984-08-30,0.0,,58.64,,51.9
1984-08-31,0.0,,58.46,,51.9
1984-09-01,0.0,,45.68,,51.9
1984-09-02,0.0,,,,52.0
1984-09-03,0.0,,47.48,,52.5
1984-09-04,0.0,,53.96,,52.5
1984-09-05,0.0,,57.74,,52.5
1984-09-06,0.0,,57.92,,52.5
1984-09-07,0.0,,41.72,,52.5
1984-09-08,0.0,,,,52.5
1984-09-09,0.0,,48.38,,52.7
1984-09-10,0.0,,51.08,,53.0
1984-09-11,0.0,,46.22,,53.0
1984-09-12,0.0,,45.86,,53.2
1984-09-13,0.0,,42.26,,53.2
1984-09-14,0.0,,,,53.2
1984-09-15,0.0,,55.4,,53.2
1984-09-16,0.0,,54.32,,53.2
1984-09-17,0.0,,53.42,,53.2
1984-09-18,0.0,,56.12,,53.2
1984-09-19,0.0,,58.64,,53.2
1984-09-20,0.0,,62.42,,53.2
1984-09-21,0.0,,50.72,,53.2
1984-09-22,0.0,,35.78,,53.2
1984-09-23,0.0,,36.14,,53.4
1984-09-24,0.0,,30.92,,53.9
1984-09-25,0.0,,30.02,,53.9
1984-09-26,0.0,,34.52,,53.9
1984-09-27,0.0,,41.36,,53.9
1984-09-28,0.0,,41.36,,53.9
1984-09-29,0.0,,38.12,,54.1
1984-09-30,0.0,,43.88,,54.1
1984-10-01,0.0,,48.56,,54.1
1984-10-02,0.0,,,,54.1
1984-10-03,0.0,,,,54.1
1984-10-04,0.0,,48.2,,0.0
1984-10-05,0.0,,48.74,,0.1
1984-10-06,0.0,,,,0.1
1984-10-07,0.0,,45.14,,0.1
1984-10-08,0.0,,48.74,,0.1
1984-10-09,0.0,,51.44,,0.1
1984-10-10,0.0,,49.46,,0.1
1984-10-11,0.0,,49.46,,0.1
1984-10-12,0.0,,,,0.1
1984-10-13,0.1,,31.46,,0.1
1984-10-14,0.2,,33.44,,0.2
1984-10-15,0.4,,25.7,,1.0
1984-10-16,0.0,,,,1.9
1984-10-17,0.0,,,,1.9
1984-10-18,0.0,,,,1.9
1984-10-19,0.0,,,,1.9
1984-10-20,0.0,,,,1.9
1984-10-21,0.0,,,,2.0
1984-10-22,0.0,,,,2.0
1984-10-23,0.0,,25.88,,2.0
1984-10-24,0.0,,28.76,,2.0
1984-10-25,0.0,,33.26,,2.0
1984-10-26,0.4,,34.34,,2.0
1984-10-27,0.4,,,,2.2
1984-10-28,0.6,,,,2.2
1984-10-29,1.7,,26.78,,2.4
1984-10-30,1.7,,24.98,,3.1
1984-10-31,1.7,,24.98,,3.1
1984-11-01,1.7,,20.84,,3.6
1984-11-02,2.4,,27.14,,3.6
1984-11-03,2.4,,33.8,,3.6
1984-11-04,2.3,,,,3.6
1984-11-05,2.3,,25.34,,3.8
1984-11-06,2.6,,25.34,,4.7
1984-11-07,2.6,,32.0,,5.0
1984-11-08,3.3,,27.68,,5.0
1984-11-09,3.3,,27.68,,5.2
1984-11-10,3.9,,24.26,,5.8
1984-11-11,4.4,,,,5.9
1984-11-12,5.6,,30.92,,7.2
1984-11-13,5.9,,,,7.7
1984-11-14,6.6,,18.86,,8.3
1984-11-15,6.8,,,,8.7
1984-11-16,7.8,,,,8.9
1984-11-17,7.8,,,,10.2
1984-11-18,7.8,,,,10.2
1984-11-19,7.8,,,,10.2
1984-11-20,8.8,,,,10.8
1984-11-21,8.8,,,,10.8
1984-11-22,9.3,,,,11.0
1984-11-23,9.3,,,,11.0
1984-11-24,9.4,,,,11.3
1984-11-25,9.4,,,,11.4
1984-11-26,9.4,,,,11.4
1984-11-27,11.1,,,,11.4
1984-11-28,11.1,,,,12.3
1984-11-29,12.0,,,,12.3
1984-11-30,12.5,,,,12.3
1984-12-01,13.8,,,,13.3
1984-12-02,14.5,,,,14.6
1984-12-03,15.3,,,,15.0
1984-12-04,15.3,,,,15.9
1984-12-05,15.3,,,,15.9
1984-12-06,15.3,,,,15.9
1984-12-07,15.3,,,,15.9
1984-12-08,15.3,,,,15.9
1984-12-09,15.3,,,,15.9
1984-12-10,15.3,,,,15.9
1984-12-11,15.4,,,,16.0
1984-12-12,16.0,,,,16.1
1984-12-13,17.1,,,,16.6
1984-12-14,17.5,,,,17.8
1984-12-15,17.8,,,,18.1
1984-12-16,17.8,,,,18.5
1984-12-17,18.1,,,,18.5
1984-12-18,18.6,,,,18.8
1984-12-19,18.6,,,,19.3
1984-12-20,18.6,,,,19.3
1984-12-21,18.8,,,,19.3
1984-12-22,18.8,,,,19.5
1984-12-23,19.1,,,,19.6
1984-12-24,19.6,,,,19.8
1984-12-25,19.8,,,,20.3
1984-12-26,19.8,,,,20.5
1984-12-27,19.8,,,,20.5
1984-12-28,19.8,,,,20.5
1984-12-29,20.0,,,,20.6
1984-12-30,20.1,,,,20.6
1984-12-31,20.3,,,,20.8
1985-01-01,22.0,,,,21.1
1985-01-02,22.0,,,,22.6
1985-01-03,22.0,,,,22.6
1985-01-04,22.0,,,,22.6
1985-01-05,22.0,,,,22.6
1985-01-06,22.1,,,,22.6
1985-01-07,22.1,,,,22.8
1985-01-08,22.1,,,,22.8
1985-01-09,22.1,,,,22.8
1985-01-10,22.1,,,,22.8
1985-01-11,22.1,,,,22.8
1985-01-12,22.1,,,,22.8
1985-01-13,22.1,,,,22.8
1985-01-14,22.1,,,,22.8
1985-01-15,22.1,,,,22.8
1985-01-16,22.1,,,,22.8
1985-01-17,22.1,,,,22.8
1985-01-18,22.1,,,,22.8
1985-01-19,22.1,,,,22.8
1985-01-20,22.1,,,,22.8
1985-01-21,22.1,,,,22.8
1985-01-22,22.3,,,,22.8
1985-01-23,22.3,,,,22.8
1985-01-24,22.1,,,,22.8
1985-01-25,22.1,,,,22.8
1985-01-26,21.8,,,,22.8
1985-01-27,21.8,,,,22.8
1985-01-28,21.8,,,,22.8
1985-01-29,21.8,,,,22.8
1985-01-30,21.8,,,,22.8
1985-01-31,21.6,,,,22.8
1985-02-01,21.5,,,,22.8
1985-02-02,21.5,,,,22.8
1985-02-03,21.3,,,,22.8
1985-02-04,21.3,,,,22.8
1985-02-05,21.3,,,,22.8
1985-02-06,21.3,,,,22.8
1985-02-07,21.5,,,,22.8
1985-02-08,21.6,,,,22.8
1985-02-09,22.0,,,,23.0
1985-02-10,24.0,,,,23.5
1985-02-11,24.0,,,,25.7
1985-02-12,24.3,,,,25.9
1985-02-13,25.1,,,,26.1
1985-02-14,26.0,,,,26.4
1985-02-15,26.0,,,,27.5
1985-02-16,26.0,,,,27.6
1985-02-17,26.0,,,,27.6
1985-02-18,26.0,,,,27.6
1985-02-19,26.0,,,,27.6
1985-02-20,26.0,,,,27.6
1985-02-21,26.0,,,,27.6
1985-02-22,26.0,,,,27.6
1985-02-23,26.0,,,,27.9
1985-02-24,26.0,,,,27.9
1985-02-25,26.0,,,,27.9
1985-02-26,26.0,,,,27.9
1985-02-27,26.0,,,,27.9
1985-02-28,26.0,,,,27.9
1985-03-01,26.0,,25.88,,27.9
1985-03-02,26.0,,,,27.9
1985-03-03,,,27.32,,27.9
1985-03-04,26.1,,21.92,,
1985-03-05,26.1,,15.98,,28.0
1985-03-06,26.1,,17.96,,28.0
1985-03-07,26.2,,17.42,,28.0
1985-03-08,26.6,,,,28.1
1985-03-09,26.6,,19.22,,28.1
1985-03-10,26.9,,22.46,,28.3
1985-03-11,27.2,,,,28.4
1985-03-12,27.2,,,,28.5
1985-03-13,27.2,,,,28.5
1985-03-14,27.2,,26.24,,28.6
1985-03-15,27.2,,27.86,,29.7
1985-03-16,27.2,,29.12,,29.7
1985-03-17,27.2,,29.12,,29.7
1985-03-18,27.2,,33.08,,29.7
1985-03-19,27.2,,34.7,,29.7
1985-03-20,27.2,,,,29.8
1985-03-21,27.2,,,,29.8
1985-03-22,27.2,,35.6,,29.8
1985-03-23,27.2,,24.8,,29.8
1985-03-24,27.5,,23.36,,29.8
1985-03-25,27.7,,31.82,,30.0
1985-03-26,28.3,,31.64,,30.2
1985-03-27,29.2,,22.1,,30.5
1985-03-28,29.6,,21.02,,31.0
1985-03-29,29.6,,21.92,,31.3
1985-03-30,30.2,,,,31.3
1985-03-31,30.4,,24.26,,31.9
1985-04-01,30.5,,28.04,,31.9
1985-04-02,31.1,,36.14,,32.0
1985-04-03,31.8,,39.02,,32.6
1985-04-04,31.8,,42.8,,32.6
1985-04-05,32.0,,40.28,,32.6
1985-04-06,32.0,,35.24,,32.6
1985-04-07,32.0,,38.12,,32.6
1985-04-08,32.0,,42.08,,32.6
1985-04-09,32.0,,45.14,,32.6
1985-04-10,32.0,,44.24,,32.6
1985-04-11,32.0,,44.06,,32.6
1985-04-12,32.0,,46.04,,32.6
1985-04-13,31.5,,43.7,,32.6
1985-04-14,30.9,,43.52,,32.6
1985-04-15,30.3,,46.58,,32.6
1985-04-16,30.2,,48.38,,32.6
1985-04-17,30.0,,44.78,,32.6
1985-04-18,29.1,,45.68,,32.6
1985-04-19,29.0,,52.7,,32.6
1985-04-20,28.7,,39.74,,32.6
1985-04-21,28.3,,26.42,,32.6
1985-04-22,28.3,,21.74,,32.6
1985-04-23,28.3,,26.96,,32.6
1985-04-24,28.6,,28.4,,33.4
1985-04-25,28.6,,28.76,,33.5
1985-04-26,29.6,,24.8,,33.8
1985-04-27,29.6,,29.3,,33.9
1985-04-28,29.8,,34.88,,34.3
1985-04-29,29.8,,54.5,,34.6
1985-04-30,29.8,,55.22,,34.6
1985-05-01,29.8,,47.12,,34.6
1985-05-02,29.8,,53.24,,34.6
1985-05-03,29.6,,53.96,,34.6
1985-05-04,29.2,,48.38,,34.6
1985-05-05,27.9,,51.98,,34.6
1985-05-06,27.4,,33.62,,34.6
1985-05-07,25.5,,39.2,,34.6
1985-05-08,25.1,,57.74,,34.6
1985-05-09,24.8,,50.9,,34.6
1985-05-10,23.6,,46.94,,34.6
1985-05-11,22.0,,43.16,,34.6
1985-05-12,20.8,,40.64,,34.6
1985-05-13,20.1,,33.98,,34.6
1985-05-14,19.8,,35.24,,34.6
1985-05-15,19.1,,42.08,,34.6
1985-05-16,18.6,,35.06,,34.6
1985-05-17,18.8,,37.04,,34.6
1985-05-18,18.8,,45.5,,34.6
1985-05-19,18.8,,50.0,,34.6
1985-05-20,17.6,,52.7,,35.2
1985-05-21,16.0,,47.12,,35.7
1985-05-22,14.4,,43.52,,35.7
1985-05-23,14.2,,49.64,,35.8
1985-05-24,13.4,,53.24,,35.9
1985-05-25,11.1,,53.42,,35.9
1985-05-26,9.4,,55.76,,35.9
1985-05-27,7.8,,53.06,,35.9
1985-05-28,6.0,,51.08,,35.9
1985-05-29,4.5,,48.74,,35.9
1985-05-30,2.5,,46.94,,35.9
1985-05-31,0.9,,35.06,,35.9
1985-06-01,0.0,,37.04,,35.9
1985-06-02,0.0,,57.38,,36.2
1985-06-03,0.0,,40.1,,37.1
1985-06-04,0.0,,43.88,,37.3
1985-06-05,0.0,,,,37.3
1985-06-06,0.0,,50.0,,37.7
1985-06-07,0.0,,47.84,,37.8
1985-06-08,0.0,,52.16,,37.8
1985-06-09,0.0,,64.04,,37.9
1985-06-10,0.0,,60.98,,37.9
1985-06-11,0.0,,52.52,,38.0
1985-06-12,0.0,,53.24,,38.0
1985-06-13,0.0,,56.84,,38.0
1985-06-14,0.0,,60.26,,38.0
1985-06-15,0.0,,57.92,,38.0
1985-06-16,0.0,,56.3,,38.0
1985-06-17,0.0,,58.82,,38.0
1985-06-18,0.0,,57.92,,38.0
1985-06-19,0.0,,62.06,,38.0
1985-06-20,0.0,,63.68,,38.0
1985-06-21,0.0,,64.94,,38.0
1985-06-22,0.0,,61.16,,38.0
1985-06-23,0.0,,55.94,,38.0
1985-06-24,0.0,,66.56,,38.0
1985-06-25,0.0,,59.54,,38.0
1985-06-26,0.0,,49.28,,38.1
1985-06-27,0.0,,44.96,,38.1
1985-06-28,0.0,,48.02,,38.1
1985-06-29,0.0,,57.56,,38.1
1985-06-30,0.0,,60.98,,38.1
1985-07-01,0.0,,61.16,,38.1
1985-07-02,0.0,,61.16,,38.1
1985-07-03,0.0,,65.84,,38.1
1985-07-04,0.0,,66.92,,38.1
1985-07-05,0.0,,69.44,,38.1
1985-07-06,0.0,,68.54,,38.1
1985-07-07,0.0,,66.92,,38.1
1985-07-08,0.0,,67.64,,38.1
1985-07-09,0.0,,65.84,,38.1
1985-07-10,0.0,,69.8,,38.1
1985-07-11,0.0,,72.32,,38.2
1985-07-12,0.0,,70.16,,38.2
1985-07-13,0.0,,64.04,,38.2
1985-07-14,0.0,,61.7,,38.2
1985-07-15,0.0,,63.5,,38.2
1985-07-16,0.0,,66.02,,38.2
1985-07-17,0.0,,68.36,,38.2
1985-07-18,0.0,,67.64,,38.2
1985-07-19,0.0,,65.3,,38.2
1985-07-20,0.0,,64.22,,38.2
1985-07-21,0.0,,64.76,,38.2
1985-07-22,0.0,,68.36,,38.2
1985-07-23,0.0,,68.72,,38.2
1985-07-24,0.0,,64.04,,38.2
1985-07-25,0.0,,64.4,,38.2
1985-07-26,0.0,,62.42,,38.2
1985-07-27,0.0,,64.22,,38.2
1985-07-28,0.0,,66.56,,38.2
1985-07-29,0.0,,68.18,,38.2
1985-07-30,0.0,,64.22,,38.2
1985-07-31,0.0,,57.2,,38.2
1985-08-01,0.0,,49.28,,38.2
1985-08-02,0.0,,55.4,,38.2
1985-08-03,0.0,,55.04,,38.2
1985-08-04,0.0,,47.48,,38.4
1985-08-05,0.0,,55.4,,38.4
1985-08-06,0.0,,61.16,,38.4
1985-08-07,0.0,,60.26,,38.4
1985-08-08,0.0,,61.7,,38.4
1985-08-09,0.0,,64.22,,38.4
1985-08-10,0.0,,48.2,,38.4
1985-08-11,0.0,,49.46,,38.4
1985-08-12,0.0,,48.2,,38.4
1985-08-13,0.0,,44.06,,38.4
1985-08-14,0.0,,51.08,,38.4
1985-08-15,0.0,,53.78,,38.4
1985-08-16,0.0,,53.78,,38.4
1985-08-17,0.0,,57.02,,38.4
1985-08-18,0.0,,54.14,,38.4
1985-08-19,0.0,,59.0,,38.4
1985-08-20,0.0,,60.62,,38.4
1985-08-21,0.0,,54.86,,38.4
1985-08-22,0.0,,56.48,,38.4
1985-08-23,0.0,,52.52,,38.4
1985-08-24,0.0,,53.96,,38.4
1985-08-25,0.0,,56.84,,38.4
1985-08-26,0.0,,62.6,,38.4
1985-08-27,0.0,,66.2,,38.4
1985-08-28,0.0,,64.76,,38.4
1985-08-29,0.0,,63.86,,38.4
1985-08-30,0.0,,60.8,,38.4
1985-08-31,0.0,,59.72,,38.4
1985-09-01,0.0,,59.36,,38.4
1985-09-02,0.0,,53.06,,38.4
1985-09-03,0.0,,49.82,,38.4
1985-09-04,0.0,,45.68,,38.4
1985-09-05,0.0,,49.28,,38.4
1985-09-06,0.0,,53.06,,38.4
1985-09-07,0.0,,51.08,,38.4
1985-09-08,0.0,,49.28,,38.4
1985-09-09,0.0,,49.1,,38.4
1985-09-10,0.0,,48.02,,38.4
1985-09-11,0.0,,39.38,,39.8
1985-09-12,0.0,,42.8,,40.5
1985-09-13,0.0,,41.54,,41.2
1985-09-14,0.0,,38.48,,41.6
1985-09-15,0.0,,45.32,,42.0
1985-09-16,0.0,,47.3,,42.8
1985-09-17,0.0,,40.28,,42.8
1985-09-18,0.0,,41.36,,42.9
1985-09-19,0.0,,36.32,,42.9
1985-09-20,0.0,,35.78,,42.9
1985-09-21,0.0,,36.86,,43.3
1985-09-22,0.0,,40.82,,43.9
1985-09-23,0.0,,45.5,,43.9
1985-09-24,0.0,,40.28,,43.9
1985-09-25,0.0,,38.84,,44.1
1985-09-26,0.0,,44.78,,44.1
1985-09-27,0.0,,42.26,,44.1
1985-09-28,0.0,,44.42,,44.1
1985-09-29,0.0,,41.9,,44.1
1985-09-30,0.0,,32.36,,44.1
1985-10-01,0.0,,33.62,,44.1
1985-10-02,0.0,,37.04,,44.1
1985-10-03,0.0,,41.54,,44.1
1985-10-04,0.0,,45.32,,44.1
1985-10-05,0.0,,45.32,,0.0
1985-10-06,0.0,,39.2,,0.0
1985-10-07,0.0,,45.5,,0.0
1985-10-08,0.0,,44.6,,0.0
1985-10-09,0.0,,28.58,,0.0
1985-10-10,0.0,,21.38,,0.0
1985-10-11,0.2,,19.76,,0.4
1985-10-12,0.2,,26.42,,0.9
1985-10-13,0.4,,32.72,,1.0
1985-10-14,0.5,,28.76,,1.1
1985-10-15,0.5,,26.78,,1.1
1985-10-16,0.5,,33.44,,1.1
1985-10-17,0.5,,37.94,,1.1
1985-10-18,0.5,,39.38,,1.1
1985-10-19,0.5,,36.5,,1.3
1985-10-20,0.5,,40.82,,1.3
1985-10-21,0.5,,44.24,,1.3
1985-10-22,0.5,,47.3,,1.3
1985-10-23,0.5,,37.22,,1.3
1985-10-24,0.2,,28.04,,1.5
1985-10-25,0.3,,33.08,,1.6
1985-10-26,3.2,,36.86,,2.0
1985-10-27,3.6,,36.14,,4.3
1985-10-28,3.6,,35.96,,6.3
1985-10-29,3.6,,39.92,,6.3
1985-10-30,3.6,,34.34,,6.3
1985-10-31,3.6,,32.54,,6.3
1985-11-01,3.4,,35.78,,6.3
1985-11-02,3.4,,28.76,,6.3
1985-11-03,3.4,,31.82,,6.3
1985-11-04,3.4,,37.04,,6.3
1985-11-05,3.3,,36.68,,6.3
1985-11-06,3.3,,39.02,,6.4
1985-11-07,3.2,,24.8,,6.4
1985-11-08,3.2,,29.48,,6.4
1985-11-09,3.5,,32.0,,6.5
1985-11-10,4.1,,23.18,,6.5
1985-11-11,6.2,,17.06,,7.2
1985-11-12,7.0,,20.66,,8.5
1985-11-13,7.4,,16.7,,8.7
1985-11-14,7.6,,20.12,,9.1
1985-11-15,7.7,,20.3,,9.3
1985-11-16,7.8,,20.12,,9.4
1985-11-17,7.8,,21.02,,9.5
1985-11-18,7.8,,26.96,,9.5
1985-11-19,8.0,,21.92,,9.5
1985-11-20,8.4,,14.72,,9.8
1985-11-21,8.9,,10.4,,10.4
1985-11-22,9.1,,14.54,,10.8
1985-11-23,10.0,,9.14,,10.9
1985-11-24,10.1,,6.26,,11.0
1985-11-25,10.2,,1.58,,11.8
1985-11-26,10.4,,16.88,,11.9
1985-11-27,11.0,,13.28,,12.2
1985-11-28,11.0,,8.24,,12.4
1985-11-29,11.0,,17.42,,12.6
1985-11-30,11.7,,20.84,,12.6
1985-12-01,11.7,,22.46,,12.6
1985-12-02,11.7,,14.36,,12.6
1985-12-03,11.9,,19.22,,12.9
1985-12-04,12.2,,28.76,,13.1
1985-12-05,12.9,,24.62,,13.2
1985-12-06,13.6,,22.82,,13.5
1985-12-07,14.1,,28.22,,14.2
1985-12-08,14.1,,26.96,,14.4
1985-12-09,14.3,,28.22,,14.4
1985-12-10,14.7,,23.36,,14.5
1985-12-11,14.9,,16.7,,14.9
1985-12-12,14.9,,8.06,,15.6
1985-12-13,14.9,,1.04,,15.6
1985-12-14,14.9,,8.06,,15.6
1985-12-15,14.9,,13.46,,15.6
1985-12-16,14.9,,16.7,,15.6
1985-12-17,14.9,,18.14,,15.6
1985-12-18,14.9,,21.02,,15.6
1985-12-19,14.9,,23.36,,15.6
1985-12-20,14.9,,26.24,,15.6
1985-12-21,14.9,,23.72,,15.6
1985-12-22,14.9,,24.08,,15.7
1985-12-23,14.9,,23.72,,15.8
1985-12-24,14.9,,25.7,,15.8
1985-12-25,14.9,,28.4,,15.8
1985-12-26,14.9,,25.34,,15.8
1985-12-27,14.9,,22.82,,15.8
1985-12-28,14.9,,20.3,,15.8
1985-12-29,14.9,,19.76,,15.8
1985-12-30,14.9,,20.66,,15.8
1985-12-31,14.9,,22.28,,15.8
1986-01-01,14.9,,17.96,,15.8
1986-01-02,14.9,,21.74,,15.8
1986-01-03,14.9,,26.06,,15.8
1986-01-04,15.2,,22.28,,15.8
1986-01-05,15.5,,20.48,,16.3
1986-01-06,16.0,,14.54,,17.3
1986-01-07,16.0,,28.58,,17.6
1986-01-08,16.1,,21.2,,17.6
1986-01-09,17.6,,16.88,,17.8
1986-01-10,17.6,,27.86,,19.0
1986-01-11,17.6,,31.46,,19.0
1986-01-12,17.8,,31.64,,19.0
1986-01-13,17.8,,30.2,,19.1
1986-01-14,18.0,,31.1,,19.5
1986-01-15,18.0,,31.28,,19.5
1986-01-16,18.0,,31.82,,19.5
1986-01-17,18.0,,29.84,,19.5
1986-01-18,18.3,,30.56,,19.5
1986-01-19,18.5,,29.12,,19.5
1986-01-20,20.0,,32.54,,19.8
1986-01-21,20.1,,35.24,,20.8
1986-01-22,20.3,,25.52,,21.0
1986-01-23,20.3,,17.42,,21.5
1986-01-24,20.3,,24.62,,21.5
1986-01-25,20.3,,27.14,,21.5
1986-01-26,20.6,,20.12,,21.5
1986-01-27,20.8,,18.68,,21.6
1986-01-28,20.8,,26.6,,22.1
1986-01-29,21.6,,31.64,,22.1
1986-01-30,21.6,,33.08,,22.1
1986-01-31,22.0,,34.7,,22.1
1986-02-01,22.6,,36.32,,22.1
1986-02-02,22.8,,34.34,,22.5
1986-02-03,23.0,,32.54,,22.6
1986-02-04,23.3,,31.1,,22.6
1986-02-05,23.8,,28.04,,22.8
1986-02-06,24.6,,23.9,,23.1
1986-02-07,24.8,,22.82,,23.6
1986-02-08,25.1,,18.32,,23.8
1986-02-09,25.1,,12.02,,23.8
1986-02-10,25.1,,8.78,,24.5
1986-02-11,25.3,,12.38,,24.5
1986-02-12,25.3,,18.5,,24.5
1986-02-13,25.3,,17.6,,24.5
1986-02-14,25.3,,22.46,,24.5
1986-02-15,25.3,,28.04,,24.5
1986-02-16,26.4,,30.02,,24.5
1986-02-17,27.1,,32.18,,25.5
1986-02-18,27.7,,31.28,,26.2
1986-02-19,29.3,,31.1,,26.8
1986-02-20,31.1,,31.82,,28.3
1986-02-21,33.8,,30.92,,29.9
1986-02-22,35.2,,28.58,,32.4
1986-02-23,36.3,,28.04,,33.8
1986-02-24,37.1,,30.92,,34.8
1986-02-25,39.4,,33.44,,37.5
1986-02-26,41.6,,36.5,,37.6
1986-02-27,42.7,,38.84,,39.6
1986-02-28,42.7,,37.94,,40.6
1986-03-01,42.8,,36.14,,40.6
1986-03-02,42.9,,37.22,,40.6
1986-03-03,43.1,,,,40.7
1986-03-04,,,39.02,,40.9
1986-03-05,43.2,,38.48,,
1986-03-06,43.2,,36.14,,40.9
1986-03-07,43.3,,36.68,,40.9
1986-03-08,43.4,,36.5,,41.0
1986-03-09,43.4,,37.58,,41.1
1986-03-10,43.5,,34.88,,41.1
1986-03-11,43.5,,32.18,,41.1
1986-03-12,42.7,,29.84,,41.1
1986-03-13,42.9,,31.64,,42.4
1986-03-14,43.3,,31.28,,43.0
1986-03-15,44.1,,27.5,,43.5
1986-03-16,44.6,,25.16,,44.2
1986-03-17,44.9,,25.52,,44.5
1986-03-18,45.5,,25.16,,44.9
1986-03-19,45.6,,30.02,,45.4
1986-03-20,45.9,,28.4,,45.5
1986-03-21,46.1,,28.94,,45.7
1986-03-22,46.2,,33.26,,45.9
1986-03-23,46.3,,34.88,,45.9
1986-03-24,46.4,,37.94,,45.9
1986-03-25,46.4,,34.34,,45.9
1986-03-26,46.5,,38.84,,45.9
1986-03-27,46.5,,31.28,,45.9
1986-03-28,46.5,,29.66,,45.9
1986-03-29,47.2,,36.68,,45.9
1986-03-30,47.2,,43.16,,46.3
1986-03-31,47.2,,43.52,,46.3
1986-04-01,47.2,,41.72,,46.3
1986-04-02,46.9,,39.56,,46.3
1986-04-03,46.4,,32.36,,46.3
1986-04-04,46.0,,32.9,,46.3
1986-04-05,45.8,,32.18,,46.3
1986-04-06,46.0,,33.8,,46.3
1986-04-07,46.2,,35.24,,46.5
1986-04-08,46.2,,38.48,,46.5
1986-04-09,46.2,,41.54,,46.5
1986-04-10,46.1,,40.28,,46.5
1986-04-11,45.9,,33.8,,46.5
1986-04-12,45.6,,38.48,,46.5
1986-04-13,45.4,,37.04,,46.6
1986-04-14,45.2,,35.24,,46.7
1986-04-15,45.1,,29.12,,46.7
1986-04-16,45.1,,24.8,,46.9
1986-04-17,45.2,,30.92,,47.3
1986-04-18,45.3,,37.58,,47.4
1986-04-19,45.5,,31.46,,47.5
1986-04-20,45.9,,29.3,,47.6
1986-04-21,46.0,,32.0,,48.0
1986-04-22,46.0,,38.3,,48.0
1986-04-23,46.2,,46.22,,48.0
1986-04-24,45.9,,46.4,,48.2
1986-04-25,45.4,,46.58,,48.3
1986-04-26,44.6,,33.08,,48.3
1986-04-27,43.6,,33.98,,48.3
1986-04-28,42.8,,30.2,,48.3
1986-04-29,42.8,,30.2,,48.3
1986-04-30,43.2,,33.8,,48.5
1986-05-01,43.2,,35.06,,48.5
1986-05-02,43.7,,29.84,,49.0
1986-05-03,43.7,,35.42,,49.4
1986-05-04,43.7,,44.06,,49.4
1986-05-05,43.5,,49.28,,49.4
1986-05-06,43.2,,44.06,,50.0
1986-05-07,42.1,,33.26,,50.0
1986-05-08,41.2,,31.82,,50.0
1986-05-09,40.6,,31.46,,50.2
1986-05-10,40.6,,37.04,,50.7
1986-05-11,40.6,,39.38,,50.7
1986-05-12,40.7,,39.2,,50.7
1986-05-13,40.4,,33.08,,50.8
1986-05-14,39.8,,30.38,,50.8
1986-05-15,40.0,,36.86,,51.2
1986-05-16,40.0,,38.84,,51.4
1986-05-17,39.6,,33.98,,51.4
1986-05-18,39.6,,35.6,,51.4
1986-05-19,38.9,,39.92,,51.4
1986-05-20,38.3,,44.78,,51.4
1986-05-21,37.5,,50.0,,51.5
1986-05-22,36.2,,52.88,,51.6
1986-05-23,34.8,,49.64,,51.9
1986-05-24,33.4,,35.06,,52.0
1986-05-25,32.2,,33.26,,52.0
1986-05-26,31.3,,39.38,,52.3
1986-05-27,31.3,,48.74,,52.3
1986-05-28,30.8,,55.58,,52.3
1986-05-29,29.2,,59.54,,52.6
1986-05-30,27.3,,60.8,,52.6
1986-05-31,25.0,,63.14,,52.6
1986-06-01,22.5,,66.2,,52.6
1986-06-02,19.6,,66.2,,52.9
1986-06-03,16.5,,63.5,,52.9
1986-06-04,13.6,,63.32,,52.9
1986-06-05,10.6,,59.54,,52.9
1986-06-06,7.3,,59.54,,52.9
1986-06-07,4.2,,60.62,,52.9
1986-06-08,1.3,,48.74,,53.1
1986-06-09,0.0,,51.08,,53.1
1986-06-10,0.0,,48.02,,53.2
1986-06-11,0.0,,46.22,,53.5
1986-06-12,0.0,,51.62,,53.7
1986-06-13,0.0,,55.58,,54.1
1986-06-14,0.0,,60.44,,54.1
1986-06-15,0.0,,61.34,,54.1
1986-06-16,0.0,,61.88,,54.3
1986-06-17,0.0,,61.16,,54.4
1986-06-18,0.0,,56.84,,54.4
1986-06-19,0.0,,63.14,,54.4
1986-06-20,0.0,,65.12,,54.4
1986-06-21,0.0,,56.3,,54.4
1986-06-22,0.0,,47.66,,54.4
1986-06-23,0.0,,51.44,,54.4
1986-06-24,0.0,,52.34,,54.4
1986-06-25,0.0,,56.48,,54.4
1986-06-26,0.0,,62.78,,54.4
1986-06-27,0.0,,65.66,,54.4
1986-06-28,0.0,,66.02,,54.4
1986-06-29,0.0,,65.84,,54.4
1986-06-30,0.0,,66.56,,54.4
1986-07-01,0.0,,65.3,,54.4
1986-07-02,0.0,,56.66,,54.4
1986-07-03,0.0,,55.76,,54.4
1986-07-04,0.0,,62.06,,54.4
1986-07-05,0.0,,68.36,,54.4
1986-07-06,0.0,,58.82,,54.4
1986-07-07,0.0,,43.16,,54.4
1986-07-08,0.0,,42.98,,54.4
1986-07-09,0.0,,50.0,,54.4
1986-07-10,0.0,,57.74,,55.2
1986-07-11,0.0,,52.88,,55.2
1986-07-12,0.0,,51.98,,55.2
1986-07-13,0.0,,,,55.2
1986-07-14,0.0,,53.96,,55.2
1986-07-15,0.0,,53.06,,55.2
1986-07-16,0.0,,57.02,,55.2
1986-07-17,0.0,,60.44,,55.2
1986-07-18,0.0,,58.82,,55.2
1986-07-19,0.0,,46.94,,55.2
1986-07-20,0.0,,46.94,,55.2
1986-07-21,0.0,,56.84,,55.2
1986-07-22,0.0,,62.96,,55.2
1986-07-23,0.0,,64.22,,55.2
1986-07-24,0.0,,63.14,,55.2
1986-07-25,0.0,,64.58,,55.2
1986-07-26,0.0,,60.62,,55.2
1986-07-27,0.0,,59.72,,55.2
1986-07-28,0.0,,58.82,,55.2
1986-07-29,0.0,,57.2,,55.2
1986-07-30,0.0,,56.84,,55.2
1986-07-31,0.0,,61.34,,55.2
1986-08-01,0.0,,58.64,,55.2
1986-08-02,0.0,,57.92,,55.2
1986-08-03,0.0,,59.72,,55.2
1986-08-04,0.0,,63.32,,55.2
1986-08-05,0.0,,67.46,,55.2
1986-08-06,0.0,,,,55.2
1986-08-07,0.0,,65.12,,55.2
1986-08-08,0.0,,64.76,,55.2
1986-08-09,0.0,,67.28,,55.2
1986-08-10,0.0,,64.22,,55.2
1986-08-11,0.0,,66.02,,55.2
1986-08-12,0.0,,66.74,,55.2
1986-08-13,0.0,,68.18,,55.2
1986-08-14,0.0,,65.3,,55.2
1986-08-15,0.0,,57.92,,55.2
1986-08-16,0.0,,57.38,,55.2
1986-08-17,0.0,,61.88,,55.2
1986-08-18,0.0,,64.58,,55.2
1986-08-19,0.0,,,,55.2
1986-08-20,0.0,,64.76,,55.2
1986-08-21,0.0,,68.0,,55.2
1986-08-22,0.0,,65.12,,55.2
1986-08-23,0.0,,64.76,,55.2
1986-08-24,0.0,,56.3,,55.2
1986-08-25,0.0,,59.0,,55.2
1986-08-26,0.0,,58.82,,55.2
1986-08-27,0.0,,32.0,,55.2
1986-08-28,0.0,,,,55.2
1986-08-29,0.0,,66.2,,55.2
1986-08-30,0.0,,68.36,,55.3
1986-08-31,0.0,,64.04,,55.3
1986-09-01,0.0,,62.78,,55.3
1986-09-02,0.0,,55.4,,55.4
1986-09-03,0.0,,49.1,,55.4
1986-09-04,0.0,,51.8,,55.4
1986-09-05,0.0,,52.88,,55.4
1986-09-06,0.0,,57.2,,55.4
1986-09-07,0.0,,59.72,,55.4
1986-09-08,0.0,,59.72,,55.5
1986-09-09,0.0,,60.08,,55.6
1986-09-10,0.0,,60.44,,55.6
1986-09-11,0.0,,46.58,,55.6
1986-09-12,0.0,,41.0,,55.7
1986-09-13,0.0,,44.96,,55.7
1986-09-14,0.0,,47.84,,56.4
1986-09-15,0.0,,49.82,,56.4
1986-09-16,0.0,,46.04,,56.4
1986-09-17,0.0,,42.44,,56.5
1986-09-18,0.0,,40.28,,56.5
1986-09-19,0.0,,40.1,,56.5
1986-09-20,0.0,,36.5,,56.6
1986-09-21,0.0,,36.14,,56.6
1986-09-22,0.0,,33.44,,56.6
1986-09-23,0.0,,32.0,,56.6
1986-09-24,0.0,,32.72,,56.6
1986-09-25,0.0,,36.14,,56.9
1986-09-26,0.0,,41.9,,57.5
1986-09-27,0.0,,35.06,,57.5
1986-09-28,0.0,,32.36,,57.6
1986-09-29,0.3,,32.54,,57.8
1986-09-30,1.1,,32.18,,58.7
1986-10-01,2.0,,31.82,,59.7
1986-10-02,2.2,,34.34,,60.7
1986-10-03,2.2,,34.88,,60.9
1986-10-04,2.2,,34.34,,61.0
1986-10-05,2.1,,37.04,,61.4
1986-10-06,2.1,,37.58,,0.0
1986-10-07,2.1,,42.44,,0.0
1986-10-08,2.0,,42.62,,0.0
1986-10-09,2.0,,44.78,,0.0
1986-10-10,2.0,,46.4,,0.0
1986-10-11,1.8,,44.96,,0.0
1986-10-12,1.3,,44.42,,0.0
1986-10-13,1.1,,38.84,,0.0
1986-10-14,1.0,,32.54,,0.0
1986-10-15,0.7,,33.8,,0.0
1986-10-16,0.4,,39.38,,0.0
1986-10-17,0.2,,41.36,,0.0
1986-10-18,0.0,,42.08,,0.0
1986-10-19,0.0,,43.52,,0.0
1986-10-20,0.0,,42.62,,0.0
1986-10-21,0.0,,39.74,,0.0
1986-10-22,0.0,,45.68,,0.0
1986-10-23,0.0,,42.98,,0.0
1986-10-24,0.0,,42.26,,0.0
1986-10-25,0.0,,41.72,,0.0
1986-10-26,0.0,,42.44,,0.0
1986-10-27,0.0,,,,0.0
1986-10-28,0.0,,,,0.0
1986-10-29,0.0,,46.94,,0.0
1986-10-30,0.0,,39.02,,0.0
1986-10-31,0.0,,35.24,,0.0
1986-11-01,0.1,,41.72,,0.0
1986-11-02,0.1,,32.0,,0.2
1986-11-03,0.2,,29.66,,0.2
1986-11-04,0.2,,29.3,,0.6
1986-11-05,0.2,,32.36,,0.8
1986-11-06,0.2,,38.48,,0.8
1986-11-07,0.4,,37.22,,0.8
1986-11-08,0.5,,35.6,,0.9
1986-11-09,0.5,,26.42,,0.9
1986-11-10,0.7,,22.46,,0.9
1986-11-11,0.7,,20.48,,1.0
1986-11-12,1.1,,20.66,,1.0
1986-11-13,1.3,,12.2,,1.3
1986-11-14,1.3,,25.88,,1.6
1986-11-15,1.3,,26.06,,1.7
1986-11-16,1.3,,28.58,,1.7
1986-11-17,1.3,,34.52,,1.7
1986-11-18,1.5,,30.74,,1.7
1986-11-19,1.5,,29.66,,1.8
1986-11-20,1.5,,28.94,,1.9
1986-11-21,2.6,,29.48,,1.9
1986-11-22,2.7,,29.48,,3.1
1986-11-23,3.1,,33.98,,3.4
1986-11-24,3.1,,29.3,,3.8
1986-11-25,3.4,,24.08,,3.8
1986-11-26,3.7,,25.34,,4.2
1986-11-27,4.0,,30.02,,4.7
1986-11-28,4.1,,21.38,,5.0
1986-11-29,4.1,,25.34,,5.2
1986-11-30,4.1,,30.74,,5.2
1986-12-01,4.3,,32.9,,5.2
1986-12-02,4.3,,27.86,,5.3
1986-12-03,4.3,,21.02,,5.3
1986-12-04,4.3,,25.16,,5.3
1986-12-05,4.3,,25.88,,5.3
1986-12-06,4.3,,26.96,,5.3
1986-12-07,4.4,,31.82,,5.3
1986-12-08,4.4,,32.0,,5.4
1986-12-09,4.5,,25.7,,5.4
1986-12-10,4.6,,20.84,,5.5
1986-12-11,4.6,,18.68,,5.6
1986-12-12,4.6,,10.4,,5.6
1986-12-13,4.6,,14.18,,5.6
1986-12-14,4.6,,19.04,,5.6
1986-12-15,4.6,,21.56,,5.6
1986-12-16,4.6,,26.96,,5.6
1986-12-17,4.6,,25.7,,5.6
1986-12-18,4.6,,23.36,,5.6
1986-12-19,4.6,,23.18,,5.8
1986-12-20,4.6,,19.94,,5.8
1986-12-21,4.6,,21.38,,5.8
1986-12-22,4.6,,24.98,,5.8
1986-12-23,4.8,,21.2,,5.8
1986-12-24,4.8,,21.56,,5.9
1986-12-25,4.8,,27.32,,5.9
1986-12-26,4.9,,24.62,,5.9
1986-12-27,5.2,,20.84,,6.0
1986-12-28,5.2,,19.58,,6.2
1986-12-29,5.2,,,,6.2
1986-12-30,5.2,,18.14,,6.2
1986-12-31,5.2,,20.48,,6.2
1987-01-01,5.2,,27.14,,6.2
1987-01-02,5.2,,18.68,,6.2
1987-01-03,5.2,,16.16,,6.2
1987-01-04,5.3,,26.42,,6.2
1987-01-05,5.5,,23.36,,6.3
1987-01-06,7.1,,26.78,,6.4
1987-01-07,7.2,,25.16,,8.2
1987-01-08,7.6,,17.6,,8.2
1987-01-09,7.6,,15.62,,8.7
1987-01-10,7.6,,10.94,,8.7
1987-01-11,7.6,,7.88,,8.7
1987-01-12,7.6,,8.42,,8.7
1987-01-13,7.6,,13.46,,8.7
1987-01-14,7.6,,22.82,,8.7
1987-01-15,7.6,,28.4,,8.7
1987-01-16,7.6,,18.86,,8.7
1987-01-17,7.6,,14.18,,8.7
1987-01-18,7.6,,9.14,,8.8
1987-01-19,7.7,,11.3,,8.8
1987-01-20,7.7,,15.62,,8.9
1987-01-21,7.7,,18.68,,8.9
1987-01-22,7.8,,13.28,,8.9
1987-01-23,7.8,,10.58,,9.0
1987-01-24,7.8,,17.78,,9.0
1987-01-25,7.8,,24.44,,9.0
1987-01-26,7.8,,25.52,,9.0
1987-01-27,8.0,,26.42,,9.0
1987-01-28,8.0,,29.66,,9.2
1987-01-29,8.7,,32.72,,9.2
1987-01-30,9.8,,31.46,,9.7
1987-01-31,9.8,,26.78,,10.6
1987-02-01,9.9,,21.74,,11.0
1987-02-02,10.0,,24.8,,11.1
1987-02-03,10.0,,24.62,,11.3
1987-02-04,10.1,,30.02,,11.3
1987-02-05,10.7,,29.3,,11.4
1987-02-06,11.2,,27.32,,12.0
1987-02-07,11.4,,22.64,,12.4
1987-02-08,11.4,,25.88,,12.9
1987-02-09,11.4,,28.4,,12.9
1987-02-10,11.4,,32.0,,12.9
1987-02-11,11.4,,31.64,,12.9
1987-02-12,11.5,,32.9,,12.9
1987-02-13,11.5,,35.42,,13.0
1987-02-14,11.5,,33.98,,13.0
1987-02-15,11.5,,34.88,,13.0
1987-02-16,11.7,,32.0,,13.0
1987-02-17,11.8,,27.32,,13.1
1987-02-18,12.8,,25.88,,13.2
1987-02-19,12.8,,23.54,,14.2
1987-02-20,13.0,,24.62,,14.2
1987-02-21,13.0,,18.32,,14.4
1987-02-22,13.1,,19.22,,14.4
1987-02-23,13.1,,18.14,,14.5
1987-02-24,13.1,,20.48,,14.5
1987-02-25,13.1,,21.92,,14.5
1987-02-26,13.3,,18.32,,14.5
1987-02-27,13.5,,21.2,,14.6
1987-02-28,13.7,,17.6,,14.7
1987-03-01,13.7,,,,14.8
1987-03-02,13.8,,19.4,,14.8
1987-03-03,13.8,,24.62,,14.8
1987-03-04,13.9,,,,14.8
1987-03-05,,,32.18,,14.8
1987-03-06,14.0,,33.44,,
1987-03-07,14.0,,33.8,,14.9
1987-03-08,14.1,,41.36,,14.9
1987-03-09,14.2,,37.58,,15.0
1987-03-10,14.3,,35.24,,15.1
1987-03-11,14.2,,35.06,,15.2
1987-03-12,13.9,,32.72,,15.6
1987-03-13,13.9,,31.28,,16.0
1987-03-14,14.1,,33.8,,16.0
1987-03-15,14.1,,32.0,,16.3
1987-03-16,14.5,,35.24,,16.3
1987-03-17,14.8,,30.92,,16.6
1987-03-18,15.3,,30.02,,16.8
1987-03-19,15.3,,31.64,,17.6
1987-03-20,15.3,,30.56,,17.8
1987-03-21,15.4,,30.02,,18.0
1987-03-22,15.4,,26.24,,18.0
1987-03-23,16.3,,20.48,,18.0
1987-03-24,16.6,,20.12,,18.8
1987-03-25,16.6,,23.18,,19.1
1987-03-26,16.8,,24.8,,19.1
1987-03-27,16.8,,26.96,,19.1
1987-03-28,16.8,,30.92,,19.1
1987-03-29,16.8,,32.36,,19.1
1987-03-30,16.8,,26.42,,19.3
1987-03-31,16.8,,23.72,,19.3
1987-04-01,16.8,,21.74,,19.3
1987-04-02,16.8,,21.2,,19.3
1987-04-03,16.8,,32.36,,19.3
1987-04-04,16.8,,38.66,,19.3
1987-04-05,16.8,,42.26,,19.3
1987-04-06,16.8,,42.44,,19.3
1987-04-07,16.8,,42.44,,19.3
1987-04-08,16.8,,40.46,,19.3
1987-04-09,16.6,,38.66,,19.3
1987-04-10,16.3,,39.2,,19.3
1987-04-11,16.3,,39.38,,19.3
1987-04-12,16.1,,34.52,,19.3
1987-04-13,15.9,,32.0,,19.3
1987-04-14,15.9,,40.28,,19.5
1987-04-15,15.9,,28.76,,19.5
1987-04-16,15.9,,27.32,,19.6
1987-04-17,15.8,,35.42,,19.8
1987-04-18,15.7,,44.42,,19.8
1987-04-19,15.5,,49.1,,19.8
1987-04-20,15.3,,46.58,,20.1
1987-04-21,14.9,,47.3,,20.1
1987-04-22,14.4,,31.1,,20.1
1987-04-23,13.8,,31.1,,20.1
1987-04-24,13.3,,34.88,,20.1
1987-04-25,13.2,,44.78,,20.1
1987-04-26,13.0,,50.72,,20.1
1987-04-27,12.5,,49.28,,20.1
1987-04-28,11.8,,50.0,,20.1
1987-04-29,11.2,,52.16,,20.1
1987-04-30,10.5,,54.68,,20.1
1987-05-01,9.7,,57.2,,20.1
1987-05-02,8.7,,54.5,,20.1
1987-05-03,7.6,,52.88,,20.3
1987-05-04,6.6,,44.06,,20.5
1987-05-05,5.5,,36.14,,20.5
1987-05-06,4.4,,33.98,,20.6
1987-05-07,4.0,,41.72,,20.8
1987-05-08,3.7,,51.62,,20.8
1987-05-09,3.0,,56.84,,20.8
1987-05-10,2.0,,58.82,,20.8
1987-05-11,0.9,,61.16,,21.1
1987-05-12,0.0,,59.36,,21.1
1987-05-13,0.0,,59.54,,21.1
1987-05-14,0.0,,57.74,,21.1
1987-05-15,0.0,,56.12,,21.1
1987-05-16,0.0,,56.84,,21.1
1987-05-17,0.0,,52.88,,21.1
1987-05-18,0.0,,58.28,,21.1
1987-05-19,0.0,,60.98,,21.1
1987-05-20,0.0,,51.08,,21.1
1987-05-21,0.0,,50.36,,21.1
1987-05-22,0.0,,49.28,,21.1
1987-05-23,0.0,,39.38,,21.6
1987-05-24,0.0,,41.18,,21.6
1987-05-25,0.0,,42.26,,21.6
1987-05-26,0.0,,44.96,,21.6
1987-05-27,0.0,,45.5,,21.6
1987-05-28,0.0,,44.6,,21.6
1987-05-29,0.0,,41.9,,21.6
1987-05-30,0.0,,40.82,,21.8
1987-05-31,0.0,,43.16,,21.8
1987-06-01,0.0,,46.94,,22.1
1987-06-02,0.0,,48.38,,22.6
1987-06-03,0.0,,49.28,,22.8
1987-06-04,0.0,,41.54,,22.8
1987-06-05,0.0,,39.38,,22.8
1987-06-06,0.0,,45.68,,23.0
1987-06-07,0.0,,54.5,,23.0
1987-06-08,0.0,,60.98,,23.0
1987-06-09,0.0,,62.24,,23.1
1987-06-10,0.0,,60.26,,23.3
1987-06-11,0.0,,51.08,,23.3
1987-06-12,0.0,,53.42,,23.3
1987-06-13,0.0,,52.7,,23.3
1987-06-14,0.0,,53.96,,24.0
1987-06-15,0.0,,58.82,,24.1
1987-06-16,0.0,,60.98,,24.1
1987-06-17,0.0,,64.76,,24.1
1987-06-18,0.0,,61.52,,24.3
1987-06-19,0.0,,59.9,,24.3
1987-06-20,0.0,,47.48,,24.3
1987-06-21,0.0,,49.64,,24.3
1987-06-22,0.0,,46.58,,24.3
1987-06-23,0.0,,46.22,,24.3
1987-06-24,0.0,,54.68,,24.3
1987-06-25,0.0,,53.96,,24.3
1987-06-26,0.0,,47.3,,24.3
1987-06-27,0.0,,50.0,,24.3
1987-06-28,0.0,,53.78,,24.3
1987-06-29,0.0,,60.44,,24.3
1987-06-30,0.0,,64.58,,24.3
1987-07-01,0.0,,65.3,,24.3
1987-07-02,0.0,,63.86,,24.3
1987-07-03,0.0,,61.52,,24.3
1987-07-04,0.0,,60.26,,24.3
1987-07-05,0.0,,59.54,,24.3
1987-07-06,0.0,,59.0,,24.3
1987-07-07,0.0,,59.0,,24.3
1987-07-08,0.0,,60.44,,24.3
1987-07-09,0.0,,51.98,,24.3
1987-07-10,0.0,,52.52,,24.3
1987-07-11,0.0,,58.46,,24.3
1987-07-12,0.0,,57.74,,24.3
1987-07-13,0.0,,53.06,,24.3
1987-07-14,0.0,,47.66,,24.3
1987-07-15,0.0,,50.18,,24.3
1987-07-16,0.0,,55.4,,24.3
1987-07-17,0.0,,60.98,,24.3
1987-07-18,0.0,,65.3,,24.3
1987-07-19,0.0,,65.12,,24.3
1987-07-20,0.0,,56.3,,24.3
1987-07-21,0.0,,45.14,,24.3
1987-07-22,0.0,,,,24.3
1987-07-23,0.0,,45.5,,24.3
1987-07-24,0.0,,51.8,,24.8
1987-07-25,0.0,,54.68,,25.0
1987-07-26,0.0,,46.76,,25.0
1987-07-27,0.0,,52.34,,25.1
1987-07-28,0.0,,63.14,,25.1
1987-07-29,0.0,,64.76,,25.1
1987-07-30,0.0,,65.66,,25.3
1987-07-31,0.0,,65.12,,25.5
1987-08-01,0.0,,64.76,,25.5
1987-08-02,0.0,,61.7,,25.5
1987-08-03,0.0,,66.74,,25.6
1987-08-04,0.0,,59.0,,25.6
1987-08-05,0.0,,56.12,,25.6
1987-08-06,0.0,,58.46,,25.6
1987-08-07,0.0,,61.52,,25.6
1987-08-08,0.0,,66.74,,25.6
1987-08-09,0.0,,62.78,,25.6
1987-08-10,0.0,,59.72,,25.6
1987-08-11,0.0,,60.08,,25.6
1987-08-12,0.0,,62.42,,25.6
1987-08-13,0.0,,66.2,,25.6
1987-08-14,0.0,,62.42,,25.6
1987-08-15,0.0,,88.16,,25.6
1987-08-16,0.0,,54.32,,25.6
1987-08-17,0.0,,48.74,,25.6
1987-08-18,0.0,,46.58,,25.6
1987-08-19,0.0,,46.94,,25.6
1987-08-20,0.0,,,,25.7
1987-08-21,0.0,,51.26,,25.7
1987-08-22,0.0,,54.86,,25.7
1987-08-23,0.0,,58.64,,25.7
1987-08-24,0.0,,60.26,,25.8
1987-08-25,0.0,,59.54,,25.8
1987-08-26,0.0,,58.1,,25.8
1987-08-27,0.0,,60.08,,25.8
1987-08-28,0.0,,55.76,,25.8
1987-08-29,0.0,,51.62,,26.0
1987-08-30,0.0,,53.42,,26.0
1987-08-31,0.0,,56.12,,26.1
1987-09-01,0.0,,59.18,,26.1
1987-09-02,0.0,,62.24,,26.1
1987-09-03,0.0,,61.88,,26.1
1987-09-04,0.0,,65.12,,26.1
1987-09-05,0.0,,68.0,,26.1
1987-09-06,0.0,,64.04,,26.1
1987-09-07,0.0,,53.96,,26.1
1987-09-08,0.0,,50.18,,26.1
1987-09-09,0.0,,52.52,,26.1
1987-09-10,0.0,,55.76,,26.1
1987-09-11,0.0,,57.2,,26.1
1987-09-12,0.0,,58.1,,26.1
1987-09-13,0.0,,58.1,,26.1
1987-09-14,0.0,,59.9,,26.1
1987-09-15,0.0,,59.54,,26.1
1987-09-16,0.0,,60.62,,26.1
1987-09-17,0.0,,59.36,,26.1
1987-09-18,0.0,,58.46,,26.1
1987-09-19,0.0,,48.38,,26.1
1987-09-20,0.0,,40.1,,26.1
1987-09-21,0.0,,41.72,,26.1
1987-09-22,0.0,,48.56,,26.1
1987-09-23,0.0,,52.7,,26.1
1987-09-24,0.0,,55.94,,26.1
1987-09-25,0.0,,58.46,,26.1
1987-09-26,0.0,,60.8,,26.1
1987-09-27,0.0,,62.42,,26.1
1987-09-28,0.0,,60.8,,26.1
1987-09-29,0.0,,55.22,,26.1
1987-09-30,0.0,,,,26.1
1987-10-01,0.0,,38.48,,26.1
1987-10-02,0.0,,44.78,,26.1
1987-10-03,0.0,,51.08,,26.1
1987-10-04,0.0,,54.68,,26.1
1987-10-05,0.0,,54.86,,26.1
1987-10-06,0.0,,55.22,,26.1
1987-10-07,0.0,,55.4,,0.0
1987-10-08,0.0,,51.08,,0.0
1987-10-09,0.0,,40.28,,0.0
1987-10-10,0.0,,39.38,,0.0
1987-10-11,0.0,,44.42,,0.0
1987-10-12,0.0,,41.0,,0.0
1987-10-13,0.0,,,,0.0
1987-10-14,0.0,,26.6,,0.0
1987-10-15,0.0,,31.46,,0.0
1987-10-16,0.0,,33.8,,0.0
1987-10-17,0.0,,33.8,,0.0
1987-10-18,0.0,,24.44,,0.0
1987-10-19,0.0,,34.34,,0.0
1987-10-20,0.0,,41.9,,0.0
1987-10-21,0.0,,39.92,,0.0
1987-10-22,0.0,,39.2,,0.0
1987-10-23,0.0,,36.32,,0.0
1987-10-24,0.0,,39.56,,0.0
1987-10-25,0.0,,41.36,,0.0
1987-10-26,0.0,,40.46,,0.0
1987-10-27,0.0,,40.46,,0.0
1987-10-28,0.0,,40.28,,0.0
1987-10-29,0.0,,42.62,,0.0
1987-10-30,0.0,,42.62,,0.0
1987-10-31,0.0,,43.52,,0.0
1987-11-01,0.0,,45.86,,0.0
1987-11-02,0.0,,47.84,,0.0
1987-11-03,0.0,,44.96,,0.0
1987-11-04,0.0,,47.48,,0.0
1987-11-05,0.0,,41.72,,0.0
1987-11-06,0.0,,40.64,,0.0
1987-11-07,0.0,,39.74,,0.1
1987-11-08,0.0,,35.24,,0.2
1987-11-09,0.0,,37.76,,0.4
1987-11-10,0.0,,41.18,,0.4
1987-11-11,0.0,,36.68,,0.4
1987-11-12,0.0,,34.88,,0.4
1987-11-13,0.0,,34.88,,0.4
1987-11-14,0.0,,33.44,,0.4
1987-11-15,0.0,,34.7,,0.4
1987-11-16,0.0,,35.42,,0.5
1987-11-17,0.0,,34.16,,0.5
1987-11-18,0.0,,24.8,,0.8
1987-11-19,0.3,,20.12,,1.6
1987-11-20,0.3,,24.44,,2.6
1987-11-21,0.4,,15.44,,2.6
1987-11-22,0.5,,19.4,,2.9
1987-11-23,0.6,,29.12,,3.1
1987-11-24,0.7,,33.08,,3.1
1987-11-25,0.7,,30.2,,3.2
1987-11-26,0.7,,23.72,,3.2
1987-11-27,0.7,,23.18,,3.2
1987-11-28,1.0,,22.46,,3.2
1987-11-29,1.0,,25.34,,3.5
1987-11-30,1.3,,12.56,,3.5
1987-12-01,1.3,,21.02,,3.8
1987-12-02,1.3,,19.4,,3.8
1987-12-03,1.3,,20.48,,3.8
1987-12-04,1.3,,24.08,,3.8
1987-12-05,1.3,,30.92,,3.8
1987-12-06,1.6,,31.82,,3.8
1987-12-07,3.1,,33.8,,4.2
1987-12-08,3.8,,33.8,,5.7
1987-12-09,3.8,,35.6,,6.7
1987-12-10,3.8,,36.14,,6.7
1987-12-11,3.8,,25.16,,6.7
1987-12-12,4.0,,20.84,,6.8
1987-12-13,4.0,,26.96,,7.1
1987-12-14,4.3,,30.02,,7.2
1987-12-15,5.2,,18.86,,7.7
1987-12-16,5.2,,12.74,,8.6
1987-12-17,5.2,,9.14,,8.9
1987-12-18,5.2,,8.06,,8.9
1987-12-19,5.2,,16.34,,8.9
1987-12-20,5.6,,22.46,,8.9
1987-12-21,6.0,,21.38,,9.1
1987-12-22,6.0,,20.66,,9.2
1987-12-23,6.0,,14.72,,9.2
1987-12-24,6.0,,15.26,,9.2
1987-12-25,6.0,,25.52,,9.2
1987-12-26,6.6,,20.48,,9.2
1987-12-27,6.9,,12.38,,9.6
1987-12-28,6.9,,6.98,,10.0
1987-12-29,6.9,,10.4,,10.0
1987-12-30,6.9,,15.26,,10.0
1987-12-31,6.9,,18.14,,10.0
1988-01-01,6.9,,23.9,,10.0
1988-01-02,6.9,,23.54,,10.0
1988-01-03,7.0,,19.22,,10.0
1988-01-04,7.4,,15.62,,10.1
1988-01-05,7.4,,5.9,,10.5
1988-01-06,7.4,,5.18,,10.5
1988-01-07,7.4,,10.94,,10.5
1988-01-08,7.4,,21.02,,10.5
1988-01-09,7.5,,24.08,,10.5
1988-01-10,7.9,,19.22,,10.6
1988-01-11,7.9,,20.12,,11.0
1988-01-12,7.9,,22.28,,11.0
1988-01-13,8.0,,27.68,,11.0
1988-01-14,8.6,,31.82,,11.2
1988-01-15,10.0,,20.12,,11.9
1988-01-16,11.1,,16.88,,13.1
1988-01-17,11.6,,21.38,,14.5
1988-01-18,11.6,,30.02,,14.9
1988-01-19,12.1,,24.62,,14.9
1988-01-20,12.6,,17.78,,15.5
1988-01-21,13.0,,14.0,,16.1
1988-01-22,13.0,,6.44,,16.3
1988-01-23,13.0,,6.8,,16.3
1988-01-24,13.0,,15.26,,16.3
1988-01-25,13.0,,17.96,,16.3
1988-01-26,13.2,,20.84,,16.3
1988-01-27,13.2,,20.12,,16.5
1988-01-28,13.5,,14.36,,16.5
1988-01-29,13.5,,21.38,,16.6
1988-01-30,13.6,,26.24,,16.6
1988-01-31,13.8,,31.82,,16.6
1988-02-01,14.0,,34.88,,16.8
1988-02-02,14.1,,31.64,,16.8
1988-02-03,14.2,,19.76,,17.1
1988-02-04,15.7,,14.36,,17.1
1988-02-05,15.7,,15.08,,18.3
1988-02-06,15.8,,9.68,,18.3
1988-02-07,15.8,,12.92,,18.3
1988-02-08,15.8,,16.88,,18.3
1988-02-09,15.8,,20.84,,18.3
1988-02-10,15.8,,22.82,,18.3
1988-02-11,15.8,,26.78,,18.3
1988-02-12,16.0,,29.84,,18.3
1988-02-13,16.3,,31.28,,18.3
1988-02-14,17.1,,29.12,,18.8
1988-02-15,18.3,,30.38,,19.6
1988-02-16,18.5,,28.58,,20.3
1988-02-17,18.5,,24.08,,20.3
1988-02-18,19.0,,21.38,,20.3
1988-02-19,19.0,,27.86,,20.6
1988-02-20,19.1,,19.58,,20.8
1988-02-21,19.3,,20.12,,20.8
1988-02-22,19.3,,23.18,,21.0
1988-02-23,19.6,,28.04,,21.0
1988-02-24,19.6,,32.0,,21.0
1988-02-25,19.6,,31.64,,21.0
1988-02-26,19.8,,29.12,,21.0
1988-02-27,19.8,,26.24,,21.0
1988-02-28,19.8,,29.84,,21.0
1988-02-29,19.8,,32.36,,21.0
1988-03-01,19.8,,34.16,,21.0
1988-03-02,19.8,,35.24,,21.1
1988-03-03,19.8,,37.58,,21.1
1988-03-04,20.0,,37.22,,21.6
1988-03-05,20.1,,35.6,,21.8
1988-03-06,20.3,,33.8,,21.8
1988-03-07,20.5,,31.82,,22.0
1988-03-08,20.6,,28.94,,22.0
1988-03-09,21.1,,34.34,,22.0
1988-03-10,21.5,,26.06,,22.3
1988-03-11,22.1,,20.84,,22.6
1988-03-12,22.6,,28.94,,23.1
1988-03-13,22.6,,26.96,,23.3
1988-03-14,22.8,,22.28,,23.5
1988-03-15,23.3,,22.46,,23.8
1988-03-16,23.3,,19.94,,24.1
1988-03-17,23.3,,23.72,,24.1
1988-03-18,23.3,,27.68,,24.1
1988-03-19,23.3,,28.22,,24.1
1988-03-20,23.3,,26.42,,24.1
1988-03-21,23.3,,28.4,,24.3
1988-03-22,23.3,,34.34,,24.3
1988-03-23,23.3,,38.48,,24.3
1988-03-24,23.3,,41.0,,24.3
1988-03-25,23.1,,34.52,,24.3
1988-03-26,23.1,,28.76,,24.3
1988-03-27,23.8,,29.12,,24.3
1988-03-28,24.1,,25.88,,24.8
1988-03-29,24.6,,33.08,,25.1
1988-03-30,25.1,,39.02,,25.3
1988-03-31,25.3,,21.38,,25.9
1988-04-01,25.5,,19.4,,25.9
1988-04-02,25.7,,22.28,,25.9
1988-04-03,26.0,,22.28,,25.9
1988-04-04,26.4,,27.5,,26.1
1988-04-05,26.5,,27.5,,26.5
1988-04-06,26.7,,40.64,,26.5
1988-04-07,26.7,,33.26,,26.6
1988-04-08,26.8,,27.86,,26.7
1988-04-09,26.9,,32.54,,27.2
1988-04-10,27.0,,44.6,,28.4
1988-04-11,27.3,,34.88,,28.4
1988-04-12,27.4,,24.26,,28.5
1988-04-13,27.4,,29.3,,28.5
1988-04-14,27.4,,38.48,,28.5
1988-04-15,27.4,,45.86,,28.5
1988-04-16,27.4,,47.84,,28.5
1988-04-17,27.4,,48.74,,28.6
1988-04-18,27.2,,46.22,,28.7
1988-04-19,26.5,,43.16,,28.7
1988-04-20,25.9,,47.66,,28.7
1988-04-21,25.0,,46.04,,28.7
1988-04-22,24.5,,39.2,,28.7
1988-04-23,23.3,,39.74,,28.7
1988-04-24,22.3,,37.76,,28.7
1988-04-25,22.1,,34.7,,28.7
1988-04-26,22.1,,35.6,,28.7
1988-04-27,22.1,,36.32,,29.5
1988-04-28,22.0,,35.42,,29.7
1988-04-29,21.6,,29.66,,29.7
1988-04-30,21.5,,32.72,,29.7
1988-05-01,21.6,,41.18,,29.8
1988-05-02,21.5,,44.96,,29.9
1988-05-03,21.1,,41.72,,29.9
1988-05-04,20.3,,32.0,,30.0
1988-05-05,19.6,,28.22,,30.0
1988-05-06,19.6,,31.46,,30.0
1988-05-07,19.6,,32.9,,30.0
1988-05-08,19.1,,35.24,,30.0
1988-05-09,18.8,,38.3,,30.1
1988-05-10,18.6,,34.7,,30.2
1988-05-11,18.3,,36.5,,30.6
1988-05-12,18.3,,37.58,,30.6
1988-05-13,17.8,,38.66,,30.8
1988-05-14,17.1,,45.86,,30.8
1988-05-15,16.8,,52.7,,31.3
1988-05-16,15.4,,58.46,,31.4
1988-05-17,13.9,,44.24,,31.4
1988-05-18,12.3,,42.8,,31.4
1988-05-19,11.1,,52.88,,31.5
1988-05-20,10.1,,51.44,,31.5
1988-05-21,8.6,,40.82,,31.5
1988-05-22,6.7,,39.38,,31.6
1988-05-23,5.5,,43.34,,31.6
1988-05-24,4.8,,49.1,,31.6
1988-05-25,3.5,,55.58,,31.7
1988-05-26,1.7,,60.08,,31.7
1988-05-27,0.7,,61.52,,31.7
1988-05-28,0.3,,57.92,,31.7
1988-05-29,0.0,,57.74,,31.7
1988-05-30,0.0,,56.84,,31.7
1988-05-31,0.0,,51.98,,31.7
1988-06-01,0.0,,,,31.7
1988-06-02,0.0,,33.08,,31.7
1988-06-03,0.0,,37.22,,31.7
1988-06-04,0.0,,41.36,,31.7
1988-06-05,0.0,,42.08,,32.6
1988-06-06,0.0,,50.9,,32.7
1988-06-07,0.0,,61.16,,32.8
1988-06-08,0.0,,,,33.4
1988-06-09,0.0,,46.22,,33.4
1988-06-10,0.0,,48.2,,33.4
1988-06-11,0.0,,44.06,,33.4
1988-06-12,0.0,,43.52,,33.4
1988-06-13,0.0,,53.06,,33.4
1988-06-14,0.0,,50.72,,33.4
1988-06-15,0.0,,51.44,,33.4
1988-06-16,0.0,,53.42,,33.4
1988-06-17,0.0,,53.24,,33.4
1988-06-18,0.0,,57.02,,33.4
1988-06-19,0.0,,61.52,,33.4
1988-06-20,0.0,,65.48,,33.4
1988-06-21,0.0,,63.86,,33.5
1988-06-22,0.0,,61.34,,33.5
1988-06-23,0.0,,66.38,,33.5
1988-06-24,0.0,,65.84,,33.5
1988-06-25,0.0,,69.8,,33.5
1988-06-26,0.0,,71.06,,33.6
1988-06-27,0.0,,70.16,,33.6
1988-06-28,0.0,,70.7,,33.6
1988-06-29,0.0,,,,33.6
1988-06-30,0.0,,60.8,,33.6
1988-07-01,0.0,,63.68,,33.6
1988-07-02,0.0,,60.62,,33.8
1988-07-03,0.0,,45.68,,33.8
1988-07-04,0.0,,50.18,,33.8
1988-07-05,0.0,,61.34,,33.8
1988-07-06,0.0,,64.22,,33.8
1988-07-07,0.0,,65.12,,33.8
1988-07-08,0.0,,60.8,,33.8
1988-07-09,0.0,,53.96,,33.8
1988-07-10,0.0,,50.9,,33.8
1988-07-11,0.0,,55.4,,33.8
1988-07-12,0.0,,61.16,,33.8
1988-07-13,0.0,,65.84,,33.8
1988-07-14,0.0,,65.3,,33.8
1988-07-15,0.0,,61.34,,33.8
1988-07-16,0.0,,57.56,,33.8
1988-07-17,0.0,,64.94,,33.8
1988-07-18,0.0,,62.96,,33.8
1988-07-19,0.0,,63.14,,33.8
1988-07-20,0.0,,62.96,,33.8
1988-07-21,0.0,,60.26,,33.8
1988-07-22,0.0,,61.88,,33.8
1988-07-23,0.0,,62.78,,33.8
1988-07-24,0.0,,,,33.8
1988-07-25,0.0,,,,33.8
1988-07-26,0.0,,69.8,,33.8
1988-07-27,0.0,,66.56,,33.8
1988-07-28,0.0,,66.92,,33.8
1988-07-29,0.0,,69.8,,33.8
1988-07-30,0.0,,69.26,,33.8
1988-07-31,0.0,,69.26,,33.8
1988-08-01,0.0,,67.82,,33.8
1988-08-02,0.0,,67.46,,33.8
1988-08-03,0.0,,70.52,,33.8
1988-08-04,0.0,,65.66,,33.8
1988-08-05,0.0,,59.54,,33.8
1988-08-06,0.0,,54.86,,33.8
1988-08-07,0.0,,57.2,,33.8
1988-08-08,0.0,,60.98,,33.8
1988-08-09,0.0,,64.94,,33.8
1988-08-10,0.0,,55.4,,33.8
1988-08-11,0.0,,55.76,,33.8
1988-08-12,0.0,,58.82,,33.8
1988-08-13,0.0,,62.06,,33.8
1988-08-14,0.0,,66.2,,33.8
1988-08-15,0.0,,66.74,,33.8
1988-08-16,0.0,,61.34,,33.8
1988-08-17,0.0,,60.08,,33.8
1988-08-18,0.0,,57.92,,33.8
1988-08-19,0.0,,57.74,,33.8
1988-08-20,0.0,,56.12,,33.8
1988-08-21,0.0,,64.76,,33.8
1988-08-22,0.0,,60.98,,33.8
1988-08-23,0.0,,61.34,,33.8
1988-08-24,0.0,,58.64,,33.8
1988-08-25,0.0,,53.96,,33.8
1988-08-26,0.0,,58.82,,33.8
1988-08-27,0.0,,63.32,,33.8
1988-08-28,0.0,,68.54,,33.8
1988-08-29,0.0,,69.44,,33.8
1988-08-30,0.0,,62.78,,33.8
1988-08-31,0.0,,60.26,,33.8
1988-09-01,0.0,,62.42,,33.8
1988-09-02,0.0,,80.24,,33.8
1988-09-03,0.0,,63.32,,33.8
1988-09-04,0.0,,60.08,,33.8
1988-09-05,0.0,,62.42,,33.8
1988-09-06,0.0,,65.12,,33.8
1988-09-07,0.0,,67.1,,33.8
1988-09-08,0.0,,66.38,,33.8
1988-09-09,0.0,,65.66,,33.8
1988-09-10,0.0,,64.94,,33.8
1988-09-11,0.0,,56.12,,33.8
1988-09-12,0.0,,55.04,,33.8
1988-09-13,0.0,,58.82,,33.8
1988-09-14,0.0,,45.32,,33.8
1988-09-15,0.0,,38.84,,33.8
1988-09-16,0.0,,42.8,,33.8
1988-09-17,0.0,,50.54,,33.8
1988-09-18,0.0,,50.36,,33.8
1988-09-19,0.0,,54.14,,33.8
1988-09-20,0.0,,51.08,,33.8
1988-09-21,0.0,,37.4,,33.8
1988-09-22,0.0,,35.78,,33.8
1988-09-23,0.0,,37.04,,33.8
1988-09-24,0.0,,38.66,,33.8
1988-09-25,0.0,,40.28,,33.8
1988-09-26,0.0,,43.16,,33.8
1988-09-27,0.0,,46.4,,33.8
1988-09-28,0.0,,48.2,,33.8
1988-09-29,0.0,,49.82,,33.8
1988-09-30,0.0,,49.46,,33.9
1988-10-01,0.0,,39.74,,33.9
1988-10-02,0.0,,40.1,,33.9
1988-10-03,0.0,,50.54,,33.9
1988-10-04,0.0,,55.4,,34.5
1988-10-05,0.0,,54.86,,34.5
1988-10-06,0.0,,54.14,,34.5
1988-10-07,0.0,,54.32,,0.0
1988-10-08,0.0,,55.58,,0.0
1988-10-09,0.0,,54.86,,0.0
1988-10-10,0.0,,53.78,,0.0
1988-10-11,0.0,,53.78,,0.0
1988-10-12,0.0,,53.96,,0.0
1988-10-13,0.0,,53.96,,0.0
1988-10-14,0.0,,51.62,,0.0
1988-10-15,0.0,,50.9,,0.0
1988-10-16,0.0,,49.46,,0.0
1988-10-17,0.0,,49.1,,0.0
1988-10-18,0.0,,45.68,,0.0
1988-10-19,0.0,,45.68,,0.0
1988-10-20,0.0,,50.18,,0.0
1988-10-21,0.0,,48.92,,0.0
1988-10-22,0.0,,44.96,,0.0
1988-10-23,0.0,,44.24,,0.0
1988-10-24,0.0,,42.8,,0.0
1988-10-25,0.0,,46.4,,0.0
1988-10-26,0.0,,44.06,,0.0
1988-10-27,0.0,,43.16,,0.0
1988-10-28,0.0,,44.96,,0.0
1988-10-29,0.0,,46.04,,0.0
1988-10-30,0.0,,44.78,,0.0
1988-10-31,0.0,,34.88,,0.0
1988-11-01,0.0,,41.36,,0.0
1988-11-02,0.0,,41.72,,0.0
1988-11-03,0.0,,40.46,,0.0
1988-11-04,0.0,,42.44,,0.0
1988-11-05,0.0,,45.68,,0.0
1988-11-06,0.0,,36.68,,0.0
1988-11-07,0.0,,33.8,,0.0
1988-11-08,0.0,,32.0,,0.0
1988-11-09,0.3,,34.52,,2.1
1988-11-10,0.3,,31.64,,3.1
1988-11-11,0.4,,24.26,,3.2
1988-11-12,0.3,,25.88,,3.3
1988-11-13,0.5,,24.26,,3.7
1988-11-14,0.7,,28.76,,4.0
1988-11-15,0.8,,26.6,,4.1
1988-11-16,1.6,,28.04,,4.3
1988-11-17,1.6,,29.12,,5.2
1988-11-18,3.0,,23.9,,5.2
1988-11-19,3.7,,19.22,,6.5
1988-11-20,3.7,,26.42,,7.2
1988-11-21,3.8,,25.88,,7.2
1988-11-22,4.5,,20.84,,7.3
1988-11-23,4.7,,18.5,,8.0
1988-11-24,4.7,,24.62,,8.3
1988-11-25,4.7,,25.52,,8.3
1988-11-26,4.9,,31.46,,8.3
1988-11-27,5.9,,27.32,,8.5
1988-11-28,8.2,,19.94,,9.3
1988-11-29,8.3,,18.68,,12.0
1988-11-30,8.5,,16.34,,12.2
1988-12-01,8.8,,16.16,,12.4
1988-12-02,9.1,,24.08,,12.7
1988-12-03,9.7,,21.92,,12.9
1988-12-04,10.0,,19.04,,13.5
1988-12-05,10.0,,21.92,,13.8
1988-12-06,10.0,,25.88,,13.8
1988-12-07,10.0,,27.32,,13.8
1988-12-08,10.0,,26.06,,13.8
1988-12-09,10.0,,24.44,,13.8
1988-12-10,10.0,,26.96,,13.8
1988-12-11,10.0,,,,13.8
1988-12-12,10.0,,22.64,,13.8
1988-12-13,10.0,,28.58,,14.5
1988-12-14,10.0,,26.42,,14.5
1988-12-15,10.1,,25.88,,14.5
1988-12-16,10.1,,31.46,,14.7
1988-12-17,10.2,,30.2,,14.7
1988-12-18,10.2,,19.22,,14.8
1988-12-19,10.2,,14.18,,14.8
1988-12-20,10.2,,16.88,,14.8
1988-12-21,10.2,,24.8,,14.8
1988-12-22,10.2,,25.16,,14.8
1988-12-23,10.2,,23.18,,14.8
1988-12-24,10.2,,23.18,,14.8
1988-12-25,10.2,,21.74,,14.8
1988-12-26,10.3,,21.38,,14.9
1988-12-27,11.1,,17.06,,15.5
1988-12-28,12.0,,13.46,,16.3
1988-12-29,12.2,,15.44,,17.1
1988-12-30,12.5,,3.56,,17.3
1988-12-31,12.6,,5.0,,17.5
1989-01-01,12.6,,3.02,,17.6
1989-01-02,12.8,,10.04,,17.6
1989-01-03,13.0,,23.72,,17.8
1989-01-04,14.0,,21.38,,18.0
1989-01-05,14.5,,18.14,,18.6
1989-01-06,14.5,,19.94,,18.8
1989-01-07,14.5,,24.62,,18.8
1989-01-08,14.8,,24.98,,18.8
1989-01-09,14.8,,26.42,,19.1
1989-01-10,14.8,,14.36,,19.1
1989-01-11,15.8,,9.14,,19.1
1989-01-12,16.0,,11.66,,20.0
1989-01-13,16.0,,25.88,,20.0
1989-01-14,16.8,,21.02,,20.0
1989-01-15,20.3,,15.62,,20.6
1989-01-16,21.0,,14.72,,24.5
1989-01-17,21.1,,17.42,,25.1
1989-01-18,21.1,,13.82,,25.1
1989-01-19,21.6,,17.78,,25.1
1989-01-20,21.8,,24.44,,25.3
1989-01-21,22.6,,25.52,,25.5
1989-01-22,22.8,,26.96,,25.5
1989-01-23,22.8,,23.72,,27.2
1989-01-24,22.8,,24.62,,27.2
1989-01-25,22.8,,28.58,,27.2
1989-01-26,22.8,,25.88,,27.2
1989-01-27,23.3,,8.24,,27.2
1989-01-28,24.3,,5.36,,27.7
1989-01-29,24.3,,9.5,,28.2
1989-01-30,24.3,,11.66,,28.2
1989-01-31,24.3,,14.36,,28.2
1989-02-01,24.3,,17.78,,28.2
1989-02-02,24.3,,27.32,,28.2
1989-02-03,24.3,,31.28,,28.2
1989-02-04,24.5,,31.64,,28.2
1989-02-05,24.6,,18.32,,28.4
1989-02-06,24.6,,6.98,,28.4
1989-02-07,24.6,,4.1,,28.4
1989-02-08,24.6,,-4.54,,28.4
1989-02-09,24.6,,-2.92,,28.4
1989-02-10,24.6,,-3.46,,28.4
1989-02-11,24.6,,,,28.4
1989-02-12,24.6,,8.6,,28.4
1989-02-13,24.6,,19.04,,28.4
1989-02-14,24.6,,24.98,,28.4
1989-02-15,24.8,,18.68,,28.4
1989-02-16,24.8,,17.6,,28.4
1989-02-17,24.8,,12.92,,28.4
1989-02-18,24.8,,8.06,,28.4
1989-02-19,24.8,,9.68,,28.4
1989-02-20,24.8,,21.38,,28.4
1989-02-21,24.8,,28.94,,28.4
1989-02-22,24.8,,30.92,,28.4
1989-02-23,25.5,,28.76,,28.4
1989-02-24,26.0,,24.44,,28.8
1989-02-25,26.2,,26.42,,29.4
1989-02-26,26.2,,31.64,,29.6
1989-02-27,26.2,,26.78,,29.6
1989-02-28,27.0,,31.28,,29.6
1989-03-01,27.0,,31.28,,30.5
1989-03-02,27.0,,26.42,,30.5
1989-03-03,27.0,,21.38,,30.5
1989-03-04,27.0,,19.58,,30.5
1989-03-05,27.0,,,,30.5
1989-03-06,,,26.78,,30.5
1989-03-07,27.0,,25.7,,
1989-03-08,27.6,,8.6,,30.5
1989-03-09,28.3,,15.98,,31.1
1989-03-10,28.3,,27.5,,31.7
1989-03-11,28.4,,34.88,,31.7
1989-03-12,29.2,,34.7,,31.8
1989-03-13,29.8,,35.06,,32.5
1989-03-14,29.9,,37.04,,33.1
1989-03-15,30.8,,40.28,,33.2
1989-03-16,30.8,,39.38,,34.1
1989-03-17,30.8,,36.68,,34.1
1989-03-18,30.8,,28.22,,34.1
1989-03-19,30.8,,19.94,,34.1
1989-03-20,31.7,,24.98,,34.1
1989-03-21,31.8,,31.1,,34.7
1989-03-22,32.1,,25.52,,34.7
1989-03-23,32.9,,30.2,,35.0
1989-03-24,33.3,,28.94,,35.6
1989-03-25,34.0,,24.08,,35.8
1989-03-26,34.4,,30.02,,36.3
1989-03-27,34.4,,32.18,,36.3
1989-03-28,35.1,,31.1,,36.3
1989-03-29,35.2,,32.36,,36.7
1989-03-30,35.2,,,,37.1
1989-03-31,35.7,,,,37.1
1989-04-01,36.5,,,,37.3
1989-04-02,37.0,,,,38.0
1989-04-03,37.3,,37.58,,38.4
1989-04-04,38.5,,33.26,,38.6
1989-04-05,38.9,,30.02,,39.6
1989-04-06,39.3,,28.22,,39.9
1989-04-07,40.0,,28.4,,40.2
1989-04-08,41.0,,,,40.6
1989-04-09,41.2,,28.4,,41.0
1989-04-10,41.4,,38.66,,41.1
1989-04-11,41.5,,44.06,,41.3
1989-04-12,41.5,,44.06,,41.4
1989-04-13,41.4,,39.38,,42.4
1989-04-14,41.4,,34.7,,42.4
1989-04-15,41.0,,37.04,,42.4
1989-04-16,40.8,,39.02,,42.4
1989-04-17,40.7,,41.36,,42.4
1989-04-18,40.5,,42.44,,42.4
1989-04-19,40.4,,44.06,,42.4
1989-04-20,40.2,,42.26,,42.4
1989-04-21,40.1,,38.48,,42.4
1989-04-22,40.0,,40.82,,42.4
1989-04-23,39.3,,45.14,,42.5
1989-04-24,38.7,,46.94,,42.6
1989-04-25,38.1,,45.86,,42.6
1989-04-26,37.5,,45.68,,42.6
1989-04-27,36.7,,34.7,,42.6
1989-04-28,36.0,,33.08,,42.6
1989-04-29,35.2,,35.24,,42.6
1989-04-30,34.9,,,,42.6
1989-05-01,34.7,,,,42.6
1989-05-02,34.7,,,,42.9
1989-05-03,34.4,,,,42.9
1989-05-04,34.3,,,,42.9
1989-05-05,34.1,,,,42.9
1989-05-06,34.0,,,,42.9
1989-05-07,33.8,,,,43.1
1989-05-08,33.4,,,,43.1
1989-05-09,32.5,,,,43.1
1989-05-10,31.6,,46.04,,43.1
1989-05-11,30.6,,,,43.1
1989-05-12,29.9,,50.36,,43.1
1989-05-13,28.3,,47.84,,43.1
1989-05-14,26.7,,47.3,,43.1
1989-05-15,25.1,,41.18,,43.2
1989-05-16,24.1,,38.84,,43.2
1989-05-17,23.1,,39.92,,43.5
1989-05-18,22.3,,38.84,,43.6
1989-05-19,21.3,,39.02,,43.6
1989-05-20,20.8,,42.08,,43.6
1989-05-21,20.6,,43.16,,43.6
1989-05-22,19.8,,46.94,,43.7
1989-05-23,19.0,,33.8,,43.8
1989-05-24,17.6,,32.9,,43.8
1989-05-25,17.3,,41.72,,43.9
1989-05-26,17.3,,47.3,,44.2
1989-05-27,16.3,,51.62,,44.2
1989-05-28,15.0,,39.92,,44.2
1989-05-29,13.6,,32.36,,44.2
1989-05-30,13.1,,34.88,,44.2
1989-05-31,13.0,,40.46,,44.2
1989-06-01,12.7,,47.84,,44.3
1989-06-02,11.8,,38.48,,44.3
1989-06-03,10.3,,38.12,,44.4
1989-06-04,9.4,,44.96,,44.5
1989-06-05,8.3,,49.82,,44.5
1989-06-06,7.0,,53.42,,44.5
1989-06-07,5.4,,53.96,,44.6
1989-06-08,3.7,,51.08,,44.6
1989-06-09,2.0,,52.52,,44.6
1989-06-10,1.0,,54.32,,44.6
1989-06-11,0.0,,57.74,,44.6
1989-06-12,0.0,,60.62,,44.6
1989-06-13,0.0,,60.44,,44.7
1989-06-14,0.0,,57.92,,44.7
1989-06-15,0.0,,53.78,,44.7
1989-06-16,0.0,,54.32,,44.7
1989-06-17,0.0,,57.92,,44.7
1989-06-18,0.0,,57.56,,44.7
1989-06-19,0.0,,62.96,,44.7
1989-06-20,0.0,,59.72,,44.7
1989-06-21,0.0,,49.1,,44.7
1989-06-22,0.0,,51.98,,44.7
1989-06-23,0.0,,59.18,,44.7
1989-06-24,0.0,,54.86,,44.7
1989-06-25,0.0,,41.36,,44.9
1989-06-26,0.0,,44.96,,44.9
1989-06-27,0.0,,43.34,,44.9
1989-06-28,0.0,,49.28,,44.9
1989-06-29,0.0,,48.74,,44.9
1989-06-30,0.0,,52.16,,44.9
1989-07-01,0.0,,57.38,,44.9
1989-07-02,0.0,,55.4,,44.9
1989-07-03,0.0,,57.56,,44.9
1989-07-04,0.0,,61.88,,45.0
1989-07-05,0.0,,56.48,,45.0
1989-07-06,0.0,,53.96,,45.0
1989-07-07,0.0,,58.1,,45.0
1989-07-08,0.0,,63.5,,45.0
1989-07-09,0.0,,63.32,,45.0
1989-07-10,0.0,,61.34,,45.0
1989-07-11,0.0,,64.76,,45.0
1989-07-12,0.0,,67.1,,45.0
1989-07-13,0.0,,62.24,,45.0
1989-07-14,0.0,,,,45.0
1989-07-15,0.0,,,,45.0
1989-07-16,0.0,,62.96,,45.0
1989-07-17,0.0,,,,45.0
1989-07-18,0.0,,,,45.0
1989-07-19,0.0,,,,45.1
1989-07-20,0.0,,60.98,,45.4
1989-07-21,0.0,,54.68,,45.4
1989-07-22,0.0,,55.94,,45.4
1989-07-23,0.0,,63.32,,45.4
1989-07-24,0.0,,69.8,,45.4
1989-07-25,0.0,,69.8,,45.4
1989-07-26,0.0,,,,45.5
1989-07-27,0.0,,65.48,,45.6
1989-07-28,0.0,,66.56,,45.6
1989-07-29,0.0,,64.76,,45.6
1989-07-30,0.0,,68.0,,45.6
1989-07-31,0.0,,66.56,,45.6
1989-08-01,0.0,,67.28,,45.6
1989-08-02,0.0,,65.3,,45.6
1989-08-03,0.0,,66.56,,45.6
1989-08-04,0.0,,66.56,,45.6
1989-08-05,0.0,,67.64,,45.6
1989-08-06,0.0,,58.28,,45.6
1989-08-07,0.0,,52.7,,45.6
1989-08-08,0.0,,54.68,,45.6
1989-08-09,0.0,,57.02,,45.6
1989-08-10,0.0,,61.16,,45.6
1989-08-11,0.0,,64.76,,45.6
1989-08-12,0.0,,67.28,,45.6
1989-08-13,0.0,,61.34,,45.6
1989-08-14,0.0,,59.72,,45.6
1989-08-15,0.0,,62.24,,45.6
1989-08-16,0.0,,63.86,,45.6
1989-08-17,0.0,,58.1,,45.6
1989-08-18,0.0,,61.7,,45.6
1989-08-19,0.0,,63.32,,45.6
1989-08-20,0.0,,57.56,,45.6
1989-08-21,0.0,,52.88,,45.6
1989-08-22,0.0,,58.46,,45.6
1989-08-23,0.0,,59.36,,45.6
1989-08-24,0.0,,57.92,,45.6
1989-08-25,0.0,,53.06,,45.6
1989-08-26,0.0,,55.76,,45.6
1989-08-27,0.0,,57.38,,45.6
1989-08-28,0.0,,,,45.6
1989-08-29,0.0,,39.38,,45.6
1989-08-30,0.0,,41.72,,45.6
1989-08-31,0.0,,46.94,,45.6
1989-09-01,0.0,,50.0,,45.9
1989-09-02,0.0,,50.0,,46.0
1989-09-03,0.0,,56.66,,46.0
1989-09-04,0.0,,51.98,,46.0
1989-09-05,0.0,,,,46.0
1989-09-06,0.0,,,,46.0
1989-09-07,0.0,,,,46.0
1989-09-08,0.0,,47.12,,46.0
1989-09-09,0.0,,51.44,,46.0
1989-09-10,0.0,,52.34,,46.0
1989-09-11,0.0,,46.76,,46.0
1989-09-12,0.0,,52.88,,46.0
1989-09-13,0.0,,,,46.0
1989-09-14,0.0,,49.28,,46.0
1989-09-15,0.0,,45.68,,46.0
1989-09-16,0.0,,46.04,,46.0
1989-09-17,0.0,,48.02,,46.0
1989-09-18,0.0,,50.72,,46.0
1989-09-19,0.0,,52.7,,46.0
1989-09-20,0.0,,54.5,,46.0
1989-09-21,0.0,,57.74,,46.0
1989-09-22,0.0,,45.32,,46.0
1989-09-23,0.0,,41.72,,46.0
1989-09-24,0.0,,44.6,,46.1
1989-09-25,0.0,,48.92,,47.3
1989-09-26,0.0,,49.64,,47.3
1989-09-27,0.0,,52.7,,47.3
1989-09-28,0.0,,,,47.3
1989-09-29,0.0,,,,47.3
1989-09-30,0.0,,,,47.3
1989-10-01,0.0,,,,47.3
1989-10-02,0.0,,,,47.3
1989-10-03,0.0,,,,47.3
1989-10-04,0.0,,,,47.4
1989-10-05,0.0,,,,47.4
1989-10-06,0.0,,,,47.4
1989-10-07,0.0,,,,47.4
1989-10-08,0.0,,,,0.0
1989-10-09,0.0,,,,0.1
1989-10-10,0.0,,,,0.3
1989-10-11,0.0,,,,0.3
1989-10-12,0.0,,42.62,,0.3
1989-10-13,0.0,,45.32,,0.3
1989-10-14,0.0,,47.3,,0.3
1989-10-15,0.0,,49.64,,0.3
1989-10-16,0.0,,,,0.3
1989-10-17,0.0,,,,0.3
1989-10-18,0.0,,,,0.3
1989-10-19,0.0,,,,0.3
1989-10-20,0.0,,,,0.3
1989-10-21,0.0,,,,0.3
1989-10-22,0.0,,,,0.3
1989-10-23,0.0,,,,0.3
1989-10-24,0.0,,,,0.3
1989-10-25,0.0,,,,0.3
1989-10-26,0.0,,,,0.3
1989-10-27,0.0,,,,0.3
1989-10-28,0.0,,41.36,,0.8
1989-10-29,0.0,,32.18,,1.6
1989-10-30,0.0,,31.82,,2.0
1989-10-31,0.0,,30.2,,2.4
1989-11-01,0.0,,28.76,,2.4
1989-11-02,0.4,,23.0,,2.4
1989-11-03,0.8,,19.94,,2.8
1989-11-04,0.9,,23.72,,3.2
1989-11-05,0.9,,25.16,,3.2
1989-11-06,0.9,,23.18,,3.2
1989-11-07,0.9,,26.42,,3.3
1989-11-08,0.9,,32.36,,3.4
1989-11-09,1.0,,33.08,,3.4
1989-11-10,1.1,,29.12,,3.6
1989-11-11,1.1,,28.4,,3.7
1989-11-12,1.1,,28.22,,3.8
1989-11-13,1.3,,27.32,,3.8
1989-11-14,1.3,,35.06,,4.3
1989-11-15,1.5,,36.32,,4.3
1989-11-16,1.5,,36.32,,4.6
1989-11-17,1.6,,34.7,,4.7
1989-11-18,1.7,,30.74,,4.7
1989-11-19,1.7,,23.72,,4.7
1989-11-20,1.7,,22.64,,5.0
1989-11-21,1.7,,30.56,,5.0
1989-11-22,1.7,,31.1,,5.0
1989-11-23,1.8,,31.28,,5.0
1989-11-24,1.8,,32.0,,5.2
1989-11-25,1.8,,33.08,,5.2
1989-11-26,1.9,,32.18,,5.2
1989-11-27,2.1,,28.4,,5.2
1989-11-28,2.1,,30.56,,5.2
1989-11-29,2.1,,26.24,,5.2
1989-11-30,2.6,,24.26,,5.2
1989-12-01,2.8,,24.08,,6.2
1989-12-02,3.2,,15.44,,6.2
1989-12-03,3.6,,13.82,,6.7
1989-12-04,3.6,,18.5,,7.0
1989-12-05,3.7,,21.38,,7.0
1989-12-06,3.8,,20.84,,7.1
1989-12-07,3.9,,26.06,,7.2
1989-12-08,3.9,,29.66,,7.3
1989-12-09,4.0,,32.54,,7.3
1989-12-10,4.0,,31.1,,7.4
1989-12-11,4.4,,26.6,,7.5
1989-12-12,4.5,,24.98,,7.9
1989-12-13,4.6,,30.02,,7.9
1989-12-14,4.7,,22.1,,7.9
1989-12-15,4.7,,13.1,,8.0
1989-12-16,4.7,,9.14,,8.1
1989-12-17,4.7,,18.14,,8.1
1989-12-18,4.7,,24.98,,8.1
1989-12-19,5.0,,27.32,,8.1
1989-12-20,5.0,,26.96,,8.1
1989-12-21,5.0,,20.3,,8.1
1989-12-22,5.0,,19.76,,8.1
1989-12-23,5.0,,11.48,,8.1
1989-12-24,5.0,,16.16,,8.1
1989-12-25,5.0,,23.18,,8.1
1989-12-26,5.0,,25.34,,8.1
1989-12-27,5.0,,25.52,,8.2
1989-12-28,5.0,,26.06,,8.2
1989-12-29,5.0,,23.72,,8.3
1989-12-30,5.0,,24.8,,8.3
1989-12-31,5.0,,26.96,,8.3
1990-01-01,5.0,,28.22,,8.3
1990-01-02,5.0,,24.08,,8.3
1990-01-03,5.0,,19.22,,8.4
1990-01-04,5.0,,23.36,,8.4
1990-01-05,5.0,,24.98,,8.4
1990-01-06,5.0,,25.34,,8.4
1990-01-07,5.0,,14.0,,8.4
1990-01-08,5.3,,8.78,,8.4
1990-01-09,5.3,,18.14,,8.8
1990-01-10,5.4,,21.38,,8.8
1990-01-11,5.8,,25.16,,8.9
1990-01-12,5.8,,29.12,,9.2
1990-01-13,6.5,,30.38,,9.3
1990-01-14,8.5,,32.0,,10.1
1990-01-15,8.7,,32.0,,11.7
1990-01-16,8.7,,30.74,,12.5
1990-01-17,8.9,,31.1,,13.0
1990-01-18,8.9,,31.28,,13.2
1990-01-19,8.9,,28.94,,13.2
1990-01-20,9.0,,24.26,,13.2
1990-01-21,9.0,,23.36,,13.3
1990-01-22,9.0,,19.4,,13.3
1990-01-23,9.0,,15.08,,13.3
1990-01-24,9.0,,14.18,,13.3
1990-01-25,9.0,,16.7,,13.3
1990-01-26,9.0,,20.84,,13.3
1990-01-27,9.0,,24.98,,13.3
1990-01-28,9.0,,20.48,,13.3
1990-01-29,9.7,,13.28,,13.3
1990-01-30,10.2,,23.72,,14.0
1990-01-31,10.3,,18.68,,14.1
1990-02-01,10.4,,16.16,,14.2
1990-02-02,10.6,,21.2,,14.2
1990-02-03,11.1,,20.48,,14.3
1990-02-04,11.8,,21.02,,14.6
1990-02-05,12.2,,19.4,,15.6
1990-02-06,12.7,,19.58,,15.9
1990-02-07,13.0,,20.48,,16.5
1990-02-08,13.3,,21.74,,16.7
1990-02-09,13.3,,19.04,,17.1
1990-02-10,13.3,,15.62,,17.2
1990-02-11,13.3,,17.24,,17.2
1990-02-12,13.8,,12.02,,17.2
1990-02-13,14.2,,18.32,,17.4
1990-02-14,14.5,,26.24,,18.0
1990-02-15,15.6,,30.74,,18.2
1990-02-16,16.8,,29.66,,19.2
1990-02-17,17.2,,13.1,,20.4
1990-02-18,17.2,,8.06,,20.8
1990-02-19,17.2,,3.02,,20.8
1990-02-20,17.3,,7.52,,20.8
1990-02-21,17.3,,16.16,,20.9
1990-02-22,17.6,,12.02,,20.9
1990-02-23,18.3,,8.24,,21.1
1990-02-24,18.3,,13.28,,21.6
1990-02-25,18.4,,19.22,,21.6
1990-02-26,18.4,,25.88,,21.7
1990-02-27,18.7,,27.5,,21.7
1990-02-28,18.8,,27.5,,21.9
1990-03-01,18.8,,31.46,,22.0
1990-03-02,18.9,,29.12,,22.0
1990-03-03,19.0,,28.04,,22.1
1990-03-04,19.0,,24.8,,22.2
1990-03-05,19.0,,26.06,,22.2
1990-03-06,19.0,,,,22.2
1990-03-07,,,28.4,,22.2
1990-03-08,19.0,,28.58,,
1990-03-09,19.1,,30.02,,22.2
1990-03-10,19.4,,24.44,,22.3
1990-03-11,19.9,,27.86,,22.4
1990-03-12,19.9,,29.66,,22.7
1990-03-13,19.9,,32.72,,22.7
1990-03-14,19.9,,27.32,,22.7
1990-03-15,20.0,,24.62,,22.7
1990-03-16,20.0,,30.92,,23.0
1990-03-17,20.1,,19.76,,23.0
1990-03-18,20.8,,19.76,,23.1
1990-03-19,20.9,,19.04,,23.5
1990-03-20,21.0,,21.56,,23.5
1990-03-21,21.0,,25.88,,23.5
1990-03-22,21.1,,30.74,,23.5
1990-03-23,21.1,,34.34,,23.5
1990-03-24,21.2,,36.14,,23.8
1990-03-25,21.1,,39.56,,24.0
1990-03-26,21.1,,36.68,,24.1
1990-03-27,21.0,,35.6,,24.1
1990-03-28,20.9,,38.48,,24.1
1990-03-29,20.6,,30.56,,24.1
1990-03-30,20.6,,25.16,,24.2
1990-03-31,20.6,,29.12,,24.4
1990-04-01,20.6,,33.8,,24.5
1990-04-02,20.5,,35.78,,24.5
1990-04-03,20.4,,33.44,,24.5
1990-04-04,20.4,,33.62,,24.6
1990-04-05,20.3,,36.32,,24.6
1990-04-06,20.3,,40.46,,24.6
1990-04-07,20.2,,42.8,,24.6
1990-04-08,20.0,,42.8,,24.6
1990-04-09,19.7,,44.24,,24.6
1990-04-10,19.6,,43.16,,24.6
1990-04-11,19.4,,40.28,,24.6
1990-04-12,19.4,,41.18,,24.6
1990-04-13,19.3,,42.26,,24.6
1990-04-14,19.1,,36.32,,24.6
1990-04-15,18.9,,36.86,,24.6
1990-04-16,18.9,,41.36,,24.6
1990-04-17,18.5,,44.42,,24.6
1990-04-18,18.4,,38.84,,24.6
1990-04-19,18.1,,40.82,,24.6
1990-04-20,17.8,,46.22,,24.6
1990-04-21,17.4,,48.38,,24.6
1990-04-22,16.9,,47.12,,24.6
1990-04-23,16.5,,44.6,,24.6
1990-04-24,15.9,,41.18,,24.7
1990-04-25,15.5,,44.42,,24.7
1990-04-26,15.1,,44.06,,25.1
1990-04-27,14.5,,38.3,,25.1
1990-04-28,14.0,,37.94,,25.1
1990-04-29,13.7,,35.78,,25.6
1990-04-30,13.2,,36.32,,26.5
1990-05-01,12.8,,32.54,,27.4
1990-05-02,12.7,,32.0,,27.6
1990-05-03,12.5,,31.82,,27.6
1990-05-04,12.2,,27.86,,28.1
1990-05-05,13.6,,28.58,,28.1
1990-05-06,13.7,,32.18,,30.4
1990-05-07,13.8,,37.22,,30.6
1990-05-08,13.8,,41.72,,30.7
1990-05-09,13.6,,45.68,,30.8
1990-05-10,13.2,,40.1,,30.8
1990-05-11,12.4,,42.98,,30.8
1990-05-12,11.2,,64.58,,30.8
1990-05-13,9.8,,32.0,,30.8
1990-05-14,8.7,,35.24,,30.8
1990-05-15,8.2,,40.28,,30.8
1990-05-16,7.6,,38.84,,30.9
1990-05-17,6.6,,44.78,,30.9
1990-05-18,5.5,,42.08,,30.9
1990-05-19,4.6,,39.38,,30.9
1990-05-20,3.8,,38.3,,30.9
1990-05-21,2.9,,34.34,,30.9
1990-05-22,2.2,,41.54,,30.9
1990-05-23,1.7,,49.28,,30.9
1990-05-24,1.0,,37.04,,30.9
1990-05-25,0.4,,36.68,,31.0
1990-05-26,0.0,,,,31.0
1990-05-27,0.0,,44.6,,31.0
1990-05-28,0.0,,46.94,,31.0
1990-05-29,0.0,,43.34,,31.6
1990-05-30,0.0,,32.9,,32.0
1990-05-31,0.0,,30.02,,32.4
1990-06-01,0.0,,43.7,,32.8
1990-06-02,0.0,,44.42,,32.9
1990-06-03,0.0,,46.4,,33.1
1990-06-04,0.0,,43.7,,33.1
1990-06-05,0.0,,40.1,,33.3
1990-06-06,0.0,,32.72,,33.7
1990-06-07,0.0,,32.9,,34.3
1990-06-08,0.0,,41.18,,34.8
1990-06-09,0.0,,48.92,,35.4
1990-06-10,0.0,,46.58,,35.5
1990-06-11,0.0,,35.6,,35.6
1990-06-12,0.0,,48.2,,35.6
1990-06-13,0.0,,52.88,,35.6
1990-06-14,0.0,,45.68,,35.6
1990-06-15,0.0,,46.76,,35.6
1990-06-16,0.0,,46.76,,35.6
1990-06-17,0.0,,35.42,,35.7
1990-06-18,0.0,,40.46,,36.0
1990-06-19,0.0,,42.62,,36.0
1990-06-20,0.0,,42.26,,36.0
1990-06-21,0.0,,45.32,,36.1
1990-06-22,0.0,,45.86,,36.2
1990-06-23,0.0,,47.12,,36.6
1990-06-24,0.0,,61.88,,36.8
1990-06-25,0.0,,60.08,,36.9
1990-06-26,0.0,,51.62,,36.9
1990-06-27,0.0,,60.62,,36.9
1990-06-28,0.0,,68.0,,36.9
1990-06-29,0.0,,64.4,,36.9
1990-06-30,0.0,,54.68,,36.9
1990-07-01,0.0,,64.58,,36.9
1990-07-02,0.0,,51.8,,36.9
1990-07-03,0.0,,54.68,,36.9
1990-07-04,0.0,,46.22,,36.9
1990-07-05,0.0,,49.82,,36.9
1990-07-06,0.0,,66.56,,36.9
1990-07-07,0.0,,63.86,,36.9
1990-07-08,0.0,,50.54,,37.0
1990-07-09,0.0,,56.3,,37.0
1990-07-10,0.0,,58.1,,37.0
1990-07-11,0.0,,61.88,,37.1
1990-07-12,0.0,,54.68,,37.1
1990-07-13,0.0,,56.66,,37.2
1990-07-14,0.0,,62.06,,37.2
1990-07-15,0.0,,63.32,,37.2
1990-07-16,0.0,,63.68,,37.2
1990-07-17,0.0,,67.46,,37.2
1990-07-18,0.0,,67.82,,37.2
1990-07-19,0.0,,68.9,,37.3
1990-07-20,0.0,,67.1,,37.3
1990-07-21,0.0,,66.02,,37.3
1990-07-22,0.0,,65.66,,37.3
1990-07-23,0.0,,63.32,,37.3
1990-07-24,0.0,,63.86,,37.3
1990-07-25,0.0,,59.72,,37.3
1990-07-26,0.0,,58.46,,37.3
1990-07-27,0.0,,60.62,,37.3
1990-07-28,0.0,,63.86,,37.3
1990-07-29,0.0,,60.26,,37.3
1990-07-30,0.0,,53.06,,37.3
1990-07-31,0.0,,47.3,,37.3
1990-08-01,0.0,,48.38,,37.3
1990-08-02,0.0,,55.58,,37.4
1990-08-03,0.0,,60.26,,38.0
1990-08-04,0.0,,62.96,,38.0
1990-08-05,0.0,,64.76,,38.0
1990-08-06,0.0,,63.68,,38.0
1990-08-07,0.0,,60.44,,38.0
1990-08-08,0.0,,59.72,,38.0
1990-08-09,0.0,,60.26,,38.0
1990-08-10,0.0,,63.32,,38.0
1990-08-11,0.0,,67.1,,38.0
1990-08-12,0.0,,70.34,,38.0
1990-08-13,0.0,,71.42,,38.0
1990-08-14,0.0,,72.68,,38.0
1990-08-15,0.0,,70.16,,38.0
1990-08-16,0.0,,64.22,,38.0
1990-08-17,0.0,,64.76,,38.0
1990-08-18,0.0,,64.22,,38.0
1990-08-19,0.0,,65.48,,38.0
1990-08-20,0.0,,66.92,,38.0
1990-08-21,0.0,,66.92,,38.0
1990-08-22,0.0,,62.42,,38.0
1990-08-23,0.0,,57.56,,38.0
1990-08-24,0.0,,47.84,,38.0
1990-08-25,0.0,,46.58,,38.0
1990-08-26,0.0,,45.68,,38.0
1990-08-27,0.0,,48.02,,38.4
1990-08-28,0.0,,49.64,,38.4
1990-08-29,0.0,,50.72,,38.6
1990-08-30,0.0,,46.94,,38.8
1990-08-31,0.0,,48.74,,38.8
1990-09-01,0.0,,50.18,,38.9
1990-09-02,0.0,,55.22,,39.3
1990-09-03,0.0,,57.92,,39.4
1990-09-04,0.0,,62.42,,39.4
1990-09-05,0.0,,53.42,,39.4
1990-09-06,0.0,,51.26,,39.4
1990-09-07,0.0,,57.56,,39.4
1990-09-08,0.0,,60.8,,39.4
1990-09-09,0.0,,61.7,,39.4
1990-09-10,0.0,,59.0,,39.4
1990-09-11,0.0,,58.82,,39.4
1990-09-12,0.0,,55.4,,39.4
1990-09-13,0.0,,55.58,,40.7
1990-09-14,0.0,,59.72,,40.7
1990-09-15,0.0,,59.18,,40.7
1990-09-16,0.0,,59.0,,40.7
1990-09-17,0.0,,60.98,,40.7
1990-09-18,0.0,,57.92,,40.7
1990-09-19,0.0,,56.66,,40.7
1990-09-20,0.0,,60.08,,40.7
1990-09-21,0.0,,55.22,,40.7
1990-09-22,0.0,,48.38,,40.7
1990-09-23,0.0,,46.76,,40.7
1990-09-24,0.0,,49.28,,40.7
1990-09-25,0.0,,52.52,,40.7
1990-09-26,0.0,,,,40.7
1990-09-27,0.0,,,,40.7
1990-09-28,0.0,,,,40.7
1990-09-29,0.0,,,,40.7
1990-09-30,0.0,,,,40.7
1990-10-01,0.0,,,,40.7
1990-10-02,0.0,,,,40.7
1990-10-03,0.0,,,,40.7
1990-10-04,0.0,,53.24,,40.7
1990-10-05,0.0,,52.88,,40.7
1990-10-06,0.0,,52.88,,40.7
1990-10-07,0.0,,54.68,,40.9
1990-10-08,0.0,,36.14,,40.9
1990-10-09,0.0,,33.8,,0.0
1990-10-10,0.0,,46.22,,0.0
1990-10-11,0.0,,44.42,,0.0
1990-10-12,0.0,,29.66,,0.2
1990-10-13,0.0,,29.12,,0.4
1990-10-14,0.0,,31.1,,0.5
1990-10-15,0.0,,37.58,,0.5
1990-10-16,0.0,,37.94,,0.5
1990-10-17,0.0,,31.64,,0.5
1990-10-18,0.0,,37.04,,0.6
1990-10-19,0.0,,35.78,,0.6
1990-10-20,0.0,,32.0,,0.6
1990-10-21,0.0,,36.68,,0.6
1990-10-22,0.0,,31.46,,0.6
1990-10-23,0.0,,27.5,,0.9
1990-10-24,0.0,,37.76,,1.0
1990-10-25,0.0,,27.5,,1.0
1990-10-26,0.1,,23.36,,1.1
1990-10-27,0.1,,30.56,,1.4
1990-10-28,0.2,,31.1,,1.4
1990-10-29,0.5,,32.18,,1.4
1990-10-30,0.5,,37.94,,1.9
1990-10-31,0.5,,44.6,,2.0
1990-11-01,0.5,,41.9,,2.0
1990-11-02,0.4,,43.7,,2.1
1990-11-03,0.4,,45.32,,2.1
1990-11-04,0.4,,40.64,,2.1
1990-11-05,0.1,,45.5,,2.1
1990-11-06,0.0,,35.96,,2.1
1990-11-07,0.0,,26.6,,2.1
1990-11-08,0.0,,22.28,,2.2
1990-11-09,0.0,,25.88,,2.3
1990-11-10,0.0,,30.38,,2.3
1990-11-11,0.0,,23.72,,2.3
1990-11-12,0.9,,19.58,,2.3
1990-11-13,0.9,,21.02,,3.5
1990-11-14,0.9,,29.84,,3.5
1990-11-15,1.0,,33.8,,3.5
1990-11-16,1.0,,34.34,,3.8
1990-11-17,1.0,,36.68,,4.0
1990-11-18,1.0,,38.12,,4.0
1990-11-19,1.0,,40.82,,4.0
1990-11-20,1.0,,32.72,,4.0
1990-11-21,1.1,,21.74,,4.0
1990-11-22,1.1,,27.5,,4.0
1990-11-23,1.1,,33.44,,4.1
1990-11-24,1.1,,32.36,,4.1
1990-11-25,1.1,,29.66,,4.1
1990-11-26,1.1,,22.28,,4.1
1990-11-27,1.4,,24.26,,4.1
1990-11-28,1.7,,28.76,,4.3
1990-11-29,2.7,,26.24,,4.8
1990-11-30,2.7,,30.92,,5.9
1990-12-01,2.7,,31.1,,5.9
1990-12-02,2.9,,17.06,,5.9
1990-12-03,3.1,,17.06,,6.0
1990-12-04,3.1,,18.86,,6.1
1990-12-05,3.6,,26.24,,6.1
1990-12-06,3.6,,20.12,,6.5
1990-12-07,3.7,,16.52,,6.6
1990-12-08,3.7,,17.06,,6.7
1990-12-09,4.2,,16.52,,6.7
1990-12-10,4.5,,26.6,,7.0
1990-12-11,4.5,,19.76,,7.2
1990-12-12,4.5,,15.98,,7.2
1990-12-13,4.5,,22.1,,7.2
1990-12-14,4.5,,28.4,,7.2
1990-12-15,4.6,,32.0,,7.2
1990-12-16,4.6,,35.24,,7.2
1990-12-17,4.7,,23.72,,7.5
1990-12-18,4.7,,13.82,,7.6
1990-12-19,4.7,,17.24,,7.6
1990-12-20,4.7,,8.78,,7.7
1990-12-21,4.9,,12.56,,7.7
1990-12-22,4.9,,13.28,,7.8
1990-12-23,5.0,,20.48,,7.8
1990-12-24,5.0,,20.12,,7.9
1990-12-25,5.8,,8.78,,7.9
1990-12-26,6.0,,-5.8,,8.7
1990-12-27,6.0,,-17.14,,8.7
1990-12-28,6.0,,-18.58,,8.7
1990-12-29,6.0,,-11.92,,8.7
1990-12-30,6.0,,0.14,,8.7
1990-12-31,6.1,,0.5,,8.7
1991-01-01,6.3,,9.68,,8.7
1991-01-02,6.4,,19.94,,9.0
1991-01-03,6.7,,13.1,,9.2
1991-01-04,6.9,,-11.02,,9.5
1991-01-05,7.2,,2.84,,9.7
1991-01-06,7.2,,18.86,,9.7
1991-01-07,7.2,,19.94,,9.7
1991-01-08,7.3,,18.14,,9.8
1991-01-09,7.3,,17.42,,10.2
1991-01-10,7.3,,15.26,,10.2
1991-01-11,7.3,,14.18,,10.2
1991-01-12,7.3,,21.92,,10.2
1991-01-13,7.3,,24.98,,10.2
1991-01-14,7.4,,22.82,,10.2
1991-01-15,8.0,,19.22,,10.3
1991-01-16,8.0,,25.16,,10.9
1991-01-17,8.2,,30.02,,10.9
1991-01-18,8.6,,31.46,,11.1
1991-01-19,9.2,,30.74,,11.5
1991-01-20,10.6,,28.94,,12.3
1991-01-21,11.1,,26.96,,13.3
1991-01-22,11.9,,21.74,,13.7
1991-01-23,12.3,,27.86,,14.1
1991-01-24,12.3,,26.6,,14.5
1991-01-25,12.3,,18.68,,14.5
1991-01-26,12.3,,11.48,,14.5
1991-01-27,12.3,,11.66,,14.5
1991-01-28,12.3,,18.32,,14.5
1991-01-29,12.3,,19.58,,14.5
1991-01-30,12.3,,15.08,,14.5
1991-01-31,12.3,,12.74,,14.5
1991-02-01,12.3,,13.82,,14.5
1991-02-02,12.3,,13.82,,14.5
1991-02-03,12.4,,11.12,,14.5
1991-02-04,12.4,,5.36,,14.5
1991-02-05,12.4,,17.6,,14.5
1991-02-06,12.4,,26.96,,14.5
1991-02-07,12.5,,30.74,,14.5
1991-02-08,12.5,,32.54,,14.5
1991-02-09,12.6,,32.36,,14.5
1991-02-10,12.7,,33.44,,15.6
1991-02-11,12.8,,31.64,,15.8
1991-02-12,12.8,,27.5,,15.8
1991-02-13,13.0,,31.64,,15.9
1991-02-14,13.0,,30.38,,15.9
1991-02-15,13.0,,31.1,,15.9
1991-02-16,13.0,,29.12,,15.9
1991-02-17,13.0,,33.98,,15.9
1991-02-18,13.0,,30.2,,15.9
1991-02-19,13.0,,30.92,,15.9
1991-02-20,13.1,,35.24,,15.9
1991-02-21,13.2,,36.14,,16.0
1991-02-22,13.2,,30.38,,16.1
1991-02-23,13.2,,24.08,,16.1
1991-02-24,13.6,,22.46,,16.3
1991-02-25,13.6,,28.22,,16.7
1991-02-26,13.6,,32.36,,16.7
1991-02-27,13.7,,33.8,,16.7
1991-02-28,13.7,,35.24,,16.7
1991-03-01,13.7,,29.12,,16.7
1991-03-02,13.7,,27.86,,16.7
1991-03-03,13.7,,29.3,,16.7
1991-03-04,13.7,,29.84,,16.7
1991-03-05,13.7,,28.94,,16.7
1991-03-06,13.7,,30.92,,16.7
1991-03-07,13.7,,,,16.7
1991-03-08,,,31.64,,16.7
1991-03-09,13.7,,30.56,,
1991-03-10,14.8,,31.1,,16.8
1991-03-11,15.7,,31.64,,17.8
1991-03-12,16.3,,19.22,,18.6
1991-03-13,17.9,,17.06,,19.2
1991-03-14,17.9,,18.14,,20.8
1991-03-15,18.0,,23.54,,20.8
1991-03-16,18.0,,30.2,,20.8
1991-03-17,17.8,,27.86,,20.9
1991-03-18,17.8,,21.38,,20.9
1991-03-19,18.0,,24.62,,21.4
1991-03-20,18.0,,28.76,,21.5
1991-03-21,18.6,,24.44,,21.6
1991-03-22,18.7,,22.28,,22.1
1991-03-23,18.7,,24.44,,22.4
1991-03-24,18.7,,28.4,,22.4
1991-03-25,18.7,,33.26,,22.4
1991-03-26,18.7,,34.88,,22.4
1991-03-27,18.7,,25.88,,22.5
1991-03-28,19.1,,27.5,,22.6
1991-03-29,19.2,,26.78,,22.8
1991-03-30,19.2,,27.68,,22.8
1991-03-31,19.3,,26.78,,22.9
1991-04-01,19.6,,25.88,,22.9
1991-04-02,19.9,,23.9,,23.1
1991-04-03,20.4,,24.08,,23.4
1991-04-04,20.6,,27.32,,23.6
1991-04-05,20.7,,27.68,,23.7
1991-04-06,20.7,,34.34,,23.7
1991-04-07,20.8,,39.38,,23.8
1991-04-08,20.8,,42.08,,23.8
1991-04-09,20.8,,34.34,,24.0
1991-04-10,20.8,,35.78,,24.0
1991-04-11,21.0,,41.18,,24.0
1991-04-12,20.9,,39.38,,24.1
1991-04-13,20.8,,,,24.1
1991-04-14,20.8,,24.08,,24.2
1991-04-15,20.7,,24.08,,24.6
1991-04-16,20.6,,28.94,,25.0
1991-04-17,20.9,,20.84,,25.0
1991-04-18,21.8,,27.5,,25.3
1991-04-19,21.9,,32.36,,26.0
1991-04-20,22.0,,32.54,,26.0
1991-04-21,21.9,,35.24,,26.2
1991-04-22,21.9,,33.44,,26.2
1991-04-23,21.8,,31.82,,26.2
1991-04-24,22.3,,30.38,,26.2
1991-04-25,22.7,,31.64,,26.7
1991-04-26,22.9,,34.52,,27.2
1991-04-27,23.0,,38.12,,27.3
1991-04-28,22.9,,39.92,,27.5
1991-04-29,22.6,,39.02,,27.5
1991-04-30,22.2,,38.66,,27.5
1991-05-01,21.7,,32.54,,27.5
1991-05-02,21.5,,28.58,,27.5
1991-05-03,21.8,,24.62,,28.0
1991-05-04,22.0,,26.6,,28.8
1991-05-05,22.0,,31.82,,28.9
1991-05-06,22.2,,26.96,,28.9
1991-05-07,22.0,,,,29.0
1991-05-08,22.0,,,,29.1
1991-05-09,21.6,,,,29.1
1991-05-10,21.4,,,,29.1
1991-05-11,21.0,,,,29.3
1991-05-12,20.6,,,,29.3
1991-05-13,20.5,,,,29.3
1991-05-14,19.7,,,,29.3
1991-05-15,18.9,,36.68,,29.4
1991-05-16,18.3,,33.26,,29.5
1991-05-17,17.5,,33.98,,29.7
1991-05-18,17.2,,36.32,,30.2
1991-05-19,17.0,,38.12,,30.2
1991-05-20,17.0,,38.3,,30.4
1991-05-21,16.4,,40.1,,30.6
1991-05-22,15.9,,44.06,,30.7
1991-05-23,15.2,,46.04,,30.8
1991-05-24,14.2,,39.02,,30.8
1991-05-25,13.3,,33.26,,30.8
1991-05-26,12.7,,37.58,,30.9
1991-05-27,12.7,,41.18,,31.5
1991-05-28,12.2,,48.02,,31.8
1991-05-29,11.5,,50.72,,31.9
1991-05-30,10.1,,50.18,,31.9
1991-05-31,8.5,,50.18,,31.9
1991-06-01,6.9,,45.14,,31.9
1991-06-02,5.5,,39.56,,31.9
1991-06-03,3.8,,36.5,,31.9
1991-06-04,2.3,,40.82,,31.9
1991-06-05,1.6,,41.0,,31.9
1991-06-06,0.7,,38.3,,31.9
1991-06-07,0.1,,48.92,,31.9
1991-06-08,0.0,,54.14,,32.6
1991-06-09,0.0,,57.2,,32.9
1991-06-10,0.0,,53.42,,33.0
1991-06-11,0.0,,46.04,,33.0
1991-06-12,0.0,,37.04,,33.0
1991-06-13,0.0,,40.46,,33.0
1991-06-14,0.0,,43.88,,33.2
1991-06-15,0.0,,49.82,,33.2
1991-06-16,0.0,,55.58,,33.3
1991-06-17,0.0,,60.26,,33.3
1991-06-18,0.0,,59.0,,33.3
1991-06-19,0.0,,51.98,,33.3
1991-06-20,0.0,,45.5,,33.3
1991-06-21,0.0,,40.1,,33.3
1991-06-22,0.0,,50.9,,33.3
1991-06-23,0.0,,52.52,,33.3
1991-06-24,0.0,,46.94,,33.3
1991-06-25,0.0,,55.76,,33.3
1991-06-26,0.0,,55.04,,33.3
1991-06-27,0.0,,47.48,,33.3
1991-06-28,0.0,,50.9,,33.3
1991-06-29,0.0,,52.88,,33.3
1991-06-30,0.0,,53.6,,33.3
1991-07-01,0.0,,46.76,,33.4
1991-07-02,0.0,,44.96,,33.4
1991-07-03,0.0,,42.26,,33.5
1991-07-04,0.0,,44.78,,33.5
1991-07-05,0.0,,50.18,,34.0
1991-07-06,0.0,,46.4,,34.4
1991-07-07,0.0,,49.28,,34.7
1991-07-08,0.0,,63.32,,34.9
1991-07-09,0.0,,61.88,,35.6
1991-07-10,0.0,,65.66,,35.6
1991-07-11,0.0,,67.82,,35.6
1991-07-12,0.0,,63.68,,35.6
1991-07-13,0.0,,61.7,,35.6
1991-07-14,0.0,,60.8,,35.6
1991-07-15,0.0,,62.78,,35.6
1991-07-16,0.0,,62.6,,35.6
1991-07-17,0.0,,57.56,,35.6
1991-07-18,0.0,,59.36,,35.6
1991-07-19,0.0,,65.3,,35.6
1991-07-20,0.0,,67.28,,35.6
1991-07-21,0.0,,64.04,,35.6
1991-07-22,0.0,,62.24,,35.6
1991-07-23,0.0,,62.24,,35.6
1991-07-24,0.0,,57.56,,35.6
1991-07-25,0.0,,56.66,,35.6
1991-07-26,0.0,,59.36,,35.6
1991-07-27,0.0,,63.32,,35.6
1991-07-28,0.0,,63.5,,35.6
1991-07-29,0.0,,63.32,,35.6
1991-07-30,0.0,,58.1,,35.6
1991-07-31,0.0,,59.36,,35.6
1991-08-01,0.0,,60.62,,35.7
1991-08-02,0.0,,59.54,,36.9
1991-08-03,0.0,,61.16,,36.9
1991-08-04,0.0,,65.12,,36.9
1991-08-05,0.0,,66.56,,36.9
1991-08-06,0.0,,64.58,,36.9
1991-08-07,0.0,,65.66,,36.9
1991-08-08,0.0,,60.62,,36.9
1991-08-09,0.0,,59.72,,36.9
1991-08-10,0.0,,62.96,,36.9
1991-08-11,0.0,,60.98,,36.9
1991-08-12,0.0,,59.54,,36.9
1991-08-13,0.0,,58.64,,37.0
1991-08-14,0.0,,62.96,,37.1
1991-08-15,0.0,,64.76,,37.1
1991-08-16,0.0,,67.46,,37.1
1991-08-17,0.0,,60.62,,37.1
1991-08-18,0.0,,59.36,,37.1
1991-08-19,0.0,,59.72,,37.1
1991-08-20,0.0,,61.34,,37.1
1991-08-21,0.0,,61.88,,37.1
1991-08-22,0.0,,59.9,,37.1
1991-08-23,0.0,,58.28,,37.1
1991-08-24,0.0,,61.16,,37.1
1991-08-25,0.0,,63.5,,37.2
1991-08-26,0.0,,64.76,,37.2
1991-08-27,0.0,,65.84,,37.2
1991-08-28,0.0,,66.02,,37.2
1991-08-29,0.0,,67.1,,37.2
1991-08-30,0.0,,63.68,,37.2
1991-08-31,0.0,,,,37.2
1991-09-01,0.0,,62.96,,37.2
1991-09-02,0.0,,62.78,,37.2
1991-09-03,0.0,,59.0,,37.2
1991-09-04,0.0,,52.52,,37.2
1991-09-05,0.0,,58.46,,37.2
1991-09-06,0.0,,62.96,,37.2
1991-09-07,0.0,,64.04,,37.2
1991-09-08,0.0,,60.44,,37.2
1991-09-09,0.0,,57.38,,37.2
1991-09-10,0.0,,57.56,,37.2
1991-09-11,0.0,,61.16,,37.2
1991-09-12,0.0,,62.78,,37.2
1991-09-13,0.0,,63.68,,37.2
1991-09-14,0.0,,60.44,,37.2
1991-09-15,0.0,,52.52,,37.2
1991-09-16,0.0,,45.5,,37.2
1991-09-17,0.0,,46.4,,37.2
1991-09-18,0.0,,45.68,,37.2
1991-09-19,0.0,,47.48,,37.6
1991-09-20,0.0,,51.08,,38.6
1991-09-21,0.0,,41.72,,38.9
1991-09-22,0.0,,43.34,,38.9
1991-09-23,0.0,,49.46,,38.9
1991-09-24,0.0,,51.98,,38.9
1991-09-25,0.0,,50.72,,38.9
1991-09-26,0.0,,52.16,,38.9
1991-09-27,0.0,,53.96,,38.9
1991-09-28,0.0,,41.72,,38.9
1991-09-29,0.0,,40.64,,38.9
1991-09-30,0.0,,47.3,,38.9
1991-10-01,0.0,,51.62,,38.9
1991-10-02,0.0,,55.22,,38.9
1991-10-03,0.0,,56.84,,38.9
1991-10-04,0.0,,57.74,,38.9
1991-10-05,0.0,,50.36,,38.9
1991-10-06,0.0,,51.8,,38.9
1991-10-07,0.0,,51.08,,38.9
1991-10-08,0.0,,52.16,,38.9
1991-10-09,0.0,,48.74,,38.9
1991-10-10,0.0,,42.44,,0.0
1991-10-11,0.0,,37.58,,0.0
1991-10-12,0.0,,42.8,,0.0
1991-10-13,0.0,,49.82,,0.0
1991-10-14,0.0,,50.72,,0.0
1991-10-15,0.0,,48.2,,0.0
1991-10-16,0.0,,49.28,,0.0
1991-10-17,0.0,,53.96,,0.0
1991-10-18,0.0,,53.96,,0.0
1991-10-19,0.0,,51.62,,0.0
1991-10-20,0.0,,46.58,,0.0
1991-10-21,0.0,,51.08,,0.0
1991-10-22,0.0,,52.34,,0.0
1991-10-23,0.0,,52.16,,0.0
1991-10-24,0.0,,39.02,,0.0
1991-10-25,0.0,,35.06,,0.0
1991-10-26,0.0,,40.82,,0.0
1991-10-27,0.0,,39.92,,0.0
1991-10-28,0.0,,43.88,,0.0
1991-10-29,0.0,,34.34,,0.0
1991-10-30,0.0,,27.68,,0.0
1991-10-31,0.0,,27.86,,0.0
1991-11-01,0.0,,29.84,,0.0
1991-11-02,0.0,,31.46,,0.0
1991-11-03,1.3,,24.8,,0.2
1991-11-04,1.9,,18.32,,1.4
1991-11-05,1.9,,19.04,,2.2
1991-11-06,2.0,,14.36,,2.2
1991-11-07,2.1,,22.64,,2.2
1991-11-08,2.1,,25.16,,2.2
1991-11-09,2.4,,13.46,,2.3
1991-11-10,2.4,,20.12,,2.6
1991-11-11,2.4,,30.92,,2.6
1991-11-12,2.5,,34.34,,2.6
1991-11-13,2.5,,33.8,,2.8
1991-11-14,2.5,,31.82,,3.2
1991-11-15,2.4,,37.4,,4.5
1991-11-16,2.4,,35.42,,4.5
1991-11-17,2.4,,32.18,,4.5
1991-11-18,2.3,,32.0,,5.2
1991-11-19,2.2,,34.7,,5.2
1991-11-20,2.0,,31.64,,5.2
1991-11-21,2.6,,26.06,,5.2
1991-11-22,2.6,,24.26,,6.0
1991-11-23,2.6,,25.52,,6.0
1991-11-24,2.6,,30.56,,6.0
1991-11-25,2.7,,26.24,,6.0
1991-11-26,3.3,,24.08,,6.2
1991-11-27,3.5,,29.84,,7.0
1991-11-28,3.5,,21.02,,7.2
1991-11-29,4.1,,13.28,,7.2
1991-11-30,4.1,,18.14,,7.8
1991-12-01,4.1,,27.5,,7.8
1991-12-02,4.4,,31.1,,7.8
1991-12-03,4.7,,28.76,,7.9
1991-12-04,5.8,,24.8,,8.1
1991-12-05,6.3,,21.2,,10.1
1991-12-06,6.3,,17.78,,10.8
1991-12-07,6.3,,8.06,,10.8
1991-12-08,6.3,,15.98,,11.2
1991-12-09,6.3,,24.08,,11.2
1991-12-10,6.6,,20.48,,11.2
1991-12-11,6.8,,24.08,,11.5
1991-12-12,6.9,,31.28,,11.5
1991-12-13,7.0,,32.36,,11.5
1991-12-14,7.3,,26.42,,11.5
1991-12-15,7.8,,21.56,,12.1
1991-12-16,7.9,,21.38,,12.7
1991-12-17,7.9,,19.4,,12.7
1991-12-18,8.0,,19.58,,12.7
1991-12-19,8.0,,25.52,,12.7
1991-12-20,8.2,,15.08,,12.7
1991-12-21,8.9,,17.6,,12.9
1991-12-22,9.1,,21.02,,13.2
1991-12-23,9.2,,25.16,,13.2
1991-12-24,9.4,,27.32,,13.2
1991-12-25,9.6,,27.5,,13.2
1991-12-26,9.8,,19.04,,13.2
1991-12-27,10.1,,12.38,,13.4
1991-12-28,10.1,,19.04,,13.5
1991-12-29,10.1,,26.24,,13.5
1991-12-30,10.1,,27.5,,13.5
1991-12-31,10.1,,23.9,,13.5
1992-01-01,10.1,,24.08,,13.6
1992-01-02,10.1,,28.22,,13.8
1992-01-03,10.1,,30.92,,13.8
1992-01-04,10.1,,28.04,,13.8
1992-01-05,10.1,,25.16,,13.9
1992-01-06,10.1,,27.5,,13.9
1992-01-07,10.1,,21.56,,14.0
1992-01-08,10.2,,18.32,,14.0
1992-01-09,10.2,,25.52,,14.1
1992-01-10,10.2,,24.26,,14.1
1992-01-11,10.2,,26.24,,14.1
1992-01-12,10.2,,29.12,,14.1
1992-01-13,10.5,,28.94,,14.2
1992-01-14,10.7,,19.04,,14.4
1992-01-15,10.7,,17.78,,14.5
1992-01-16,10.7,,20.12,,14.6
1992-01-17,10.7,,27.32,,14.6
1992-01-18,10.7,,21.2,,14.6
1992-01-19,11.0,,16.52,,14.6
1992-01-20,11.1,,18.68,,14.6
1992-01-21,11.2,,21.02,,14.6
1992-01-22,11.2,,20.84,,14.6
1992-01-23,11.2,,25.88,,14.6
1992-01-24,11.2,,20.48,,14.6
1992-01-25,11.2,,16.88,,14.7
1992-01-26,11.2,,22.28,,14.7
1992-01-27,11.2,,23.36,,14.7
1992-01-28,11.2,,20.12,,14.7
1992-01-29,11.2,,20.3,,14.7
1992-01-30,11.2,,28.22,,14.7
1992-01-31,11.2,,33.26,,14.7
1992-02-01,11.2,,30.56,,14.8
1992-02-02,11.2,,25.34,,14.8
1992-02-03,11.2,,30.2,,14.8
1992-02-04,11.2,,29.66,,14.8
1992-02-05,11.2,,28.22,,14.8
1992-02-06,11.2,,31.46,,15.0
1992-02-07,11.2,,35.78,,15.3
1992-02-08,11.2,,32.36,,15.3
1992-02-09,11.2,,25.88,,15.3
1992-02-10,11.2,,25.52,,15.3
1992-02-11,11.2,,26.78,,15.3
1992-02-12,11.2,,26.24,,15.3
1992-02-13,11.2,,27.86,,15.3
1992-02-14,11.2,,30.74,,15.3
1992-02-15,11.3,,28.76,,15.3
1992-02-16,11.7,,30.02,,15.3
1992-02-17,11.7,,33.26,,15.5
1992-02-18,11.7,,31.64,,15.5
1992-02-19,12.1,,29.84,,15.5
1992-02-20,12.1,,30.56,,15.9
1992-02-21,12.1,,29.66,,16.2
1992-02-22,12.2,,29.66,,16.3
1992-02-23,12.2,,25.52,,16.6
1992-02-24,12.5,,25.52,,16.7
1992-02-25,12.5,,29.3,,17.1
1992-02-26,12.5,,31.46,,17.1
1992-02-27,12.7,,32.0,,17.2
1992-02-28,14.5,,30.92,,17.4
1992-02-29,15.7,,31.1,,18.7
1992-03-01,16.7,,25.7,,20.2
1992-03-02,17.0,,31.46,,20.7
1992-03-03,17.2,,31.82,,21.3
1992-03-04,17.4,,33.8,,21.3
1992-03-05,17.5,,36.68,,21.4
1992-03-06,17.5,,37.58,,21.4
1992-03-07,17.6,,39.38,,21.4
1992-03-08,17.6,,39.2,,21.4
1992-03-09,17.6,,35.06,,21.4
1992-03-10,17.6,,37.4,,21.4
1992-03-11,17.6,,35.24,,21.4
1992-03-12,17.6,,34.34,,21.4
1992-03-13,17.6,,34.34,,21.4
1992-03-14,17.7,,31.1,,21.4
1992-03-15,17.8,,35.42,,21.4
1992-03-16,18.0,,32.36,,21.5
1992-03-17,18.2,,34.52,,21.5
1992-03-18,18.2,,37.94,,21.5
1992-03-19,18.1,,39.02,,21.5
1992-03-20,18.1,,40.64,,21.5
1992-03-21,18.1,,41.36,,21.5
1992-03-22,18.1,,38.84,,21.5
1992-03-23,18.1,,30.56,,21.5
1992-03-24,18.1,,29.66,,21.5
1992-03-25,18.1,,29.48,,21.5
1992-03-26,18.4,,31.46,,21.7
1992-03-27,18.7,,34.88,,21.9
1992-03-28,18.8,,34.88,,21.9
1992-03-29,19.0,,34.52,,21.9
1992-03-30,19.1,,35.78,,21.9
1992-03-31,19.2,,36.14,,21.9
1992-04-01,19.3,,37.04,,21.9
1992-04-02,19.3,,37.58,,21.9
1992-04-03,19.3,,34.52,,21.9
1992-04-04,19.3,,34.88,,21.9
1992-04-05,19.3,,38.84,,22.4
1992-04-06,19.4,,39.2,,22.5
1992-04-07,19.1,,43.7,,22.6
1992-04-08,19.1,,44.42,,22.6
1992-04-09,18.9,,45.14,,22.6
1992-04-10,18.6,,45.14,,22.6
1992-04-11,18.2,,38.48,,22.6
1992-04-12,17.8,,29.3,,22.6
1992-04-13,17.3,,26.6,,22.6
1992-04-14,17.0,,31.1,,22.6
1992-04-15,17.0,,34.7,,22.6
1992-04-16,16.5,,35.24,,22.6
1992-04-17,16.4,,36.5,,22.6
1992-04-18,16.6,,41.18,,22.8
1992-04-19,16.4,,41.54,,24.6
1992-04-20,15.8,,40.64,,25.0
1992-04-21,15.2,,42.08,,25.0
1992-04-22,14.8,,43.52,,25.0
1992-04-23,14.3,,43.16,,25.0
1992-04-24,13.9,,35.6,,25.0
1992-04-25,13.3,,34.34,,25.0
1992-04-26,12.9,,38.84,,25.3
1992-04-27,12.6,,44.78,,26.1
1992-04-28,12.6,,40.1,,26.2
1992-04-29,12.3,,32.36,,26.2
1992-04-30,11.7,,31.82,,26.3
1992-05-01,10.9,,39.56,,26.4
1992-05-02,10.9,,49.28,,26.5
1992-05-03,10.6,,52.88,,26.5
1992-05-04,10.0,,51.08,,26.6
1992-05-05,9.0,,51.62,,26.7
1992-05-06,7.8,,56.84,,26.7
1992-05-07,6.4,,45.32,,26.7
1992-05-08,5.0,,41.36,,26.7
1992-05-09,3.2,,47.48,,26.7
1992-05-10,2.2,,52.88,,26.7
1992-05-11,1.2,,56.12,,26.7
1992-05-12,0.1,,57.92,,26.7
1992-05-13,0.0,,60.26,,26.7
1992-05-14,0.0,,,,26.7
1992-05-15,0.0,,52.16,,26.7
1992-05-16,0.0,,40.64,,26.7
1992-05-17,0.0,,44.6,,26.7
1992-05-18,0.0,,42.26,,26.7
1992-05-19,0.0,,44.42,,26.7
1992-05-20,0.0,,53.42,,26.7
1992-05-21,0.0,,54.86,,26.7
1992-05-22,0.0,,54.14,,26.8
1992-05-23,0.0,,51.26,,26.8
1992-05-24,0.0,,57.92,,26.8
1992-05-25,0.0,,58.64,,26.8
1992-05-26,0.0,,55.58,,26.8
1992-05-27,0.0,,46.94,,26.8
1992-05-28,0.0,,46.04,,26.8
1992-05-29,0.0,,51.62,,26.8
1992-05-30,0.0,,57.74,,26.8
1992-05-31,0.0,,61.52,,26.8
1992-06-01,0.0,,61.88,,26.8
1992-06-02,0.0,,52.34,,26.8
1992-06-03,0.0,,50.72,,26.8
1992-06-04,0.0,,55.04,,26.8
1992-06-05,0.0,,53.6,,26.9
1992-06-06,0.0,,53.78,,26.9
1992-06-07,0.0,,56.84,,26.9
1992-06-08,0.0,,60.26,,26.9
1992-06-09,0.0,,60.08,,26.9
1992-06-10,0.0,,53.78,,26.9
1992-06-11,0.0,,54.14,,26.9
1992-06-12,0.0,,50.9,,26.9
1992-06-13,0.0,,53.06,,26.9
1992-06-14,0.0,,55.58,,26.9
1992-06-15,0.0,,60.08,,26.9
1992-06-16,0.0,,62.78,,26.9
1992-06-17,0.0,,62.96,,26.9
1992-06-18,0.0,,63.68,,26.9
1992-06-19,0.0,,47.48,,26.9
1992-06-20,0.0,,38.12,,26.9
1992-06-21,0.0,,42.44,,26.9
1992-06-22,0.0,,40.1,,27.1
1992-06-23,0.0,,43.88,,27.4
1992-06-24,0.0,,49.82,,27.7
1992-06-25,0.0,,53.6,,27.9
1992-06-26,0.0,,53.06,,28.1
1992-06-27,0.0,,58.64,,28.3
1992-06-28,0.0,,65.3,,28.3
1992-06-29,0.0,,66.56,,28.3
1992-06-30,0.0,,67.82,,28.3
1992-07-01,0.0,,62.96,,28.3
1992-07-02,0.0,,55.58,,28.3
1992-07-03,0.0,,55.76,,28.3
1992-07-04,0.0,,61.52,,28.3
1992-07-05,0.0,,60.62,,28.5
1992-07-06,0.0,,48.2,,28.5
1992-07-07,0.0,,42.62,,28.5
1992-07-08,0.0,,47.48,,29.0
1992-07-09,0.0,,50.18,,29.1
1992-07-10,0.0,,54.68,,29.5
1992-07-11,0.0,,56.66,,29.5
1992-07-12,0.0,,56.48,,29.7
1992-07-13,0.0,,52.52,,29.7
1992-07-14,0.0,,50.36,,29.7
1992-07-15,0.0,,53.6,,29.7
1992-07-16,0.0,,53.96,,29.7
1992-07-17,0.0,,56.3,,29.7
1992-07-18,0.0,,54.5,,29.7
1992-07-19,0.0,,53.96,,29.7
1992-07-20,0.0,,58.28,,29.7
1992-07-21,0.0,,58.82,,29.7
1992-07-22,0.0,,59.0,,29.7
1992-07-23,0.0,,61.88,,29.7
1992-07-24,0.0,,64.58,,29.7
1992-07-25,0.0,,65.66,,29.7
1992-07-26,0.0,,64.76,,29.7
1992-07-27,0.0,,58.46,,29.7
1992-07-28,0.0,,55.94,,29.7
1992-07-29,0.0,,60.26,,29.7
1992-07-30,0.0,,51.26,,29.7
1992-07-31,0.0,,54.68,,29.7
1992-08-01,0.0,,58.1,,29.7
1992-08-02,0.0,,62.24,,29.7
1992-08-03,0.0,,66.56,,29.7
1992-08-04,0.0,,67.28,,29.7
1992-08-05,0.0,,63.86,,29.7
1992-08-06,0.0,,65.66,,29.7
1992-08-07,0.0,,68.72,,29.7
1992-08-08,0.0,,71.42,,29.7
1992-08-09,0.0,,70.88,,29.7
1992-08-10,0.0,,68.72,,29.8
1992-08-11,0.0,,66.02,,29.8
1992-08-12,0.0,,63.68,,29.8
1992-08-13,0.0,,62.42,,29.8
1992-08-14,0.0,,63.86,,29.8
1992-08-15,0.0,,60.44,,29.8
1992-08-16,0.0,,61.16,,29.8
1992-08-17,0.0,,65.84,,29.8
1992-08-18,0.0,,69.08,,29.8
1992-08-19,0.0,,70.88,,29.8
1992-08-20,0.0,,71.42,,29.8
1992-08-21,0.0,,70.34,,29.8
1992-08-22,0.0,,63.32,,29.8
1992-08-23,0.0,,62.42,,29.8
1992-08-24,0.0,,64.4,,29.8
1992-08-25,0.0,,65.84,,29.8
1992-08-26,0.0,,69.98,,29.8
1992-08-27,0.0,,65.66,,29.8
1992-08-28,0.0,,64.04,,29.8
1992-08-29,0.0,,47.48,,29.8
1992-08-30,0.0,,39.38,,29.8
1992-08-31,0.0,,41.18,,29.8
1992-09-01,0.0,,44.24,,29.8
1992-09-02,0.0,,48.74,,29.8
1992-09-03,0.0,,56.66,,29.8
1992-09-04,0.0,,57.56,,29.8
1992-09-05,0.0,,55.58,,29.8
1992-09-06,0.0,,58.28,,29.8
1992-09-07,0.0,,59.0,,29.8
1992-09-08,0.0,,57.2,,29.8
1992-09-09,0.0,,56.84,,29.8
1992-09-10,0.0,,52.16,,29.8
1992-09-11,0.0,,46.04,,29.8
1992-09-12,0.0,,38.48,,29.8
1992-09-13,0.0,,38.12,,29.8
1992-09-14,0.0,,40.64,,29.9
1992-09-15,0.0,,49.1,,30.0
1992-09-16,0.0,,50.18,,30.0
1992-09-17,0.0,,55.4,,30.1
1992-09-18,0.0,,54.14,,30.1
1992-09-19,0.0,,43.34,,30.1
1992-09-20,0.0,,35.42,,30.1
1992-09-21,0.0,,44.6,,30.1
1992-09-22,0.0,,51.44,,30.1
1992-09-23,0.0,,50.72,,30.1
1992-09-24,0.0,,51.44,,30.1
1992-09-25,0.0,,50.72,,30.1
1992-09-26,0.0,,51.62,,30.1
1992-09-27,0.0,,51.8,,30.1
1992-09-28,0.0,,54.86,,30.1
1992-09-29,0.0,,60.08,,30.1
1992-09-30,0.0,,56.3,,30.2
1992-10-01,0.0,,41.72,,30.2
1992-10-02,0.0,,36.68,,30.2
1992-10-03,0.0,,40.46,,30.2
1992-10-04,0.0,,46.58,,31.0
1992-10-05,0.0,,51.26,,31.2
1992-10-06,0.0,,57.2,,31.2
1992-10-07,0.0,,66.92,,31.2
1992-10-08,0.0,,60.98,,31.3
1992-10-09,0.0,,55.4,,31.3
1992-10-10,0.0,,41.36,,0.0
1992-10-11,0.0,,43.7,,0.0
1992-10-12,0.0,,41.9,,0.3
1992-10-13,0.0,,39.56,,0.3
1992-10-14,0.0,,37.4,,0.3
1992-10-15,0.0,,41.18,,0.3
1992-10-16,0.0,,40.28,,0.3
1992-10-17,0.0,,44.6,,0.3
1992-10-18,0.0,,49.1,,0.3
1992-10-19,0.0,,50.9,,0.3
1992-10-20,0.0,,43.52,,0.3
1992-10-21,0.0,,32.0,,0.3
1992-10-22,0.0,,31.1,,0.3
1992-10-23,0.0,,39.38,,0.3
1992-10-24,0.0,,40.82,,0.3
1992-10-25,0.0,,43.88,,0.3
1992-10-26,0.0,,50.18,,0.3
1992-10-27,0.0,,48.92,,0.3
1992-10-28,0.0,,45.86,,0.3
1992-10-29,0.0,,43.34,,0.3
1992-10-30,0.0,,41.9,,0.3
1992-10-31,0.0,,46.04,,0.3
1992-11-01,0.0,,46.22,,0.3
1992-11-02,0.0,,44.42,,0.4
1992-11-03,0.0,,42.62,,0.4
1992-11-04,0.0,,41.18,,0.4
1992-11-05,0.0,,34.7,,0.4
1992-11-06,0.0,,31.82,,0.4
1992-11-07,0.2,,32.18,,0.6
1992-11-08,0.9,,32.54,,1.8
1992-11-09,2.1,,29.84,,2.8
1992-11-10,2.3,,24.98,,4.1
1992-11-11,2.4,,25.16,,4.9
1992-11-12,2.4,,27.5,,4.9
1992-11-13,2.4,,29.3,,4.9
1992-11-14,2.4,,30.02,,5.1
1992-11-15,2.4,,26.24,,5.1
1992-11-16,2.8,,21.38,,5.1
1992-11-17,3.6,,14.9,,5.5
1992-11-18,3.7,,21.2,,6.1
1992-11-19,3.7,,28.76,,6.1
1992-11-20,3.8,,32.0,,6.1
1992-11-21,3.8,,31.1,,6.3
1992-11-22,3.8,,32.9,,6.5
1992-11-23,3.8,,32.9,,6.5
1992-11-24,3.8,,32.0,,6.5
1992-11-25,3.8,,28.04,,6.5
1992-11-26,3.9,,23.72,,6.6
1992-11-27,3.9,,20.84,,6.6
1992-11-28,4.1,,21.2,,6.7
1992-11-29,4.2,,24.62,,7.0
1992-11-30,5.0,,18.5,,7.0
1992-12-01,5.7,,8.78,,7.8
1992-12-02,5.7,,8.06,,8.3
1992-12-03,5.7,,13.28,,8.3
1992-12-04,5.7,,20.48,,8.3
1992-12-05,5.7,,21.74,,8.3
1992-12-06,5.8,,15.98,,8.3
1992-12-07,5.8,,22.1,,8.5
1992-12-08,5.9,,23.72,,8.5
1992-12-09,6.3,,27.86,,8.5
1992-12-10,6.8,,11.66,,9.0
1992-12-11,7.3,,4.64,,9.4
1992-12-12,7.4,,6.08,,9.7
1992-12-13,7.4,,10.94,,9.7
1992-12-14,7.4,,25.16,,9.7
1992-12-15,7.4,,24.44,,9.7
1992-12-16,7.5,,24.62,,9.7
1992-12-17,9.1,,30.02,,10.2
1992-12-18,9.6,,21.92,,11.7
1992-12-19,9.8,,21.2,,11.9
1992-12-20,10.6,,14.9,,12.2
1992-12-21,10.7,,22.28,,12.7
1992-12-22,10.7,,14.36,,12.7
1992-12-23,10.7,,8.24,,12.7
1992-12-24,10.7,,15.8,,12.7
1992-12-25,11.4,,10.76,,12.7
1992-12-26,11.7,,10.4,,13.2
1992-12-27,11.7,,19.04,,13.5
1992-12-28,11.7,,23.72,,13.5
1992-12-29,12.9,,23.0,,13.6
1992-12-30,13.5,,26.06,,14.6
1992-12-31,13.7,,18.68,,15.2
1993-01-01,13.7,,13.46,,15.3
1993-01-02,13.7,,22.28,,15.3
1993-01-03,13.7,,25.52,,15.3
1993-01-04,14.8,,26.24,,15.3
1993-01-05,14.8,,25.52,,16.3
1993-01-06,15.1,,16.88,,16.3
1993-01-07,15.2,,18.86,,16.5
1993-01-08,15.7,,24.26,,16.5
1993-01-09,16.6,,9.86,,16.8
1993-01-10,17.1,,6.98,,17.5
1993-01-11,17.1,,12.92,,18.2
1993-01-12,17.1,,14.18,,18.2
1993-01-13,17.5,,8.78,,18.2
1993-01-14,17.5,,12.56,,18.4
1993-01-15,17.5,,22.82,,18.4
1993-01-16,17.7,,15.44,,18.4
1993-01-17,18.0,,13.64,,18.5
1993-01-18,18.4,,12.56,,18.9
1993-01-19,18.4,,7.7,,19.1
1993-01-20,18.5,,18.32,,19.1
1993-01-21,18.5,,28.58,,19.1
1993-01-22,19.0,,19.58,,19.1
1993-01-23,19.2,,25.7,,19.6
1993-01-24,19.4,,18.14,,19.8
1993-01-25,19.4,,20.3,,19.8
1993-01-26,19.5,,25.52,,20.0
1993-01-27,19.5,,28.4,,20.0
1993-01-28,20.0,,28.4,,20.0
1993-01-29,21.8,,21.74,,20.4
1993-01-30,23.1,,10.04,,22.2
1993-01-31,24.3,,20.84,,23.4
1993-02-01,24.5,,26.96,,24.8
1993-02-02,24.6,,22.82,,24.9
1993-02-03,24.7,,22.46,,25.0
1993-02-04,24.8,,21.74,,25.0
1993-02-05,24.8,,20.66,,25.0
1993-02-06,24.8,,20.3,,25.0
1993-02-07,24.8,,24.08,,25.0
1993-02-08,24.8,,24.08,,25.0
1993-02-09,24.8,,21.2,,25.0
1993-02-10,25.0,,23.18,,25.0
1993-02-11,25.0,,25.52,,25.0
1993-02-12,25.0,,26.78,,25.0
1993-02-13,25.0,,30.2,,25.0
1993-02-14,25.0,,30.02,,25.0
1993-02-15,25.0,,30.92,,25.0
1993-02-16,25.0,,32.54,,25.0
1993-02-17,25.0,,29.48,,25.0
1993-02-18,25.0,,25.52,,25.0
1993-02-19,25.0,,24.26,,25.0
1993-02-20,25.2,,23.72,,25.0
1993-02-21,25.3,,21.74,,25.2
1993-02-22,25.3,,17.42,,25.4
1993-02-23,25.4,,7.52,,25.4
1993-02-24,25.9,,12.56,,25.5
1993-02-25,26.0,,29.84,,26.0
1993-02-26,26.2,,32.0,,26.1
1993-02-27,26.6,,22.1,,26.3
1993-02-28,27.2,,17.96,,26.8
1993-03-01,27.4,,16.34,,27.4
1993-03-02,28.2,,21.2,,27.6
1993-03-03,28.4,,21.38,,28.5
1993-03-04,29.2,,13.28,,28.6
1993-03-05,29.6,,11.48,,29.1
1993-03-06,29.8,,14.72,,29.4
1993-03-07,29.9,,19.94,,29.5
1993-03-08,30.0,,,,29.5
1993-03-09,,,23.72,,29.5
1993-03-10,30.0,,26.6,,
1993-03-11,30.1,,24.62,,29.5
1993-03-12,30.2,,28.94,,29.6
1993-03-13,30.2,,33.44,,29.7
1993-03-14,30.2,,33.62,,29.7
1993-03-15,30.2,,33.8,,29.8
1993-03-16,30.2,,34.7,,29.8
1993-03-17,30.2,,33.08,,29.8
1993-03-18,30.3,,31.64,,29.8
1993-03-19,30.3,,26.42,,29.8
1993-03-20,30.5,,25.16,,29.8
1993-03-21,30.6,,30.74,,29.8
1993-03-22,30.6,,31.82,,29.8
1993-03-23,30.8,,31.82,,29.8
1993-03-24,31.9,,32.9,,29.9
1993-03-25,34.0,,33.26,,30.8
1993-03-26,35.2,,33.26,,32.6
1993-03-27,38.2,,36.68,,33.7
1993-03-28,38.6,,32.9,,35.4
1993-03-29,38.6,,32.9,,36.2
1993-03-30,38.7,,39.2,,36.2
1993-03-31,38.7,,40.46,,36.4
1993-04-01,38.7,,34.88,,36.4
1993-04-02,38.8,,34.88,,36.4
1993-04-03,39.3,,39.02,,36.5
1993-04-04,39.3,,36.68,,36.8
1993-04-05,39.6,,37.04,,36.9
1993-04-06,39.5,,32.54,,37.3
1993-04-07,39.3,,31.64,,37.3
1993-04-08,39.2,,35.42,,37.3
1993-04-09,39.1,,32.36,,37.3
1993-04-10,38.8,,,,37.3
1993-04-11,39.3,,34.88,,37.3
1993-04-12,39.2,,32.0,,37.7
1993-04-13,39.7,,28.76,,37.8
1993-04-14,40.6,,29.12,,38.3
1993-04-15,40.6,,33.26,,39.6
1993-04-16,40.7,,37.4,,39.8
1993-04-17,40.7,,32.72,,39.8
1993-04-18,40.9,,28.04,,39.9
1993-04-19,41.1,,27.5,,40.2
1993-04-20,41.7,,30.2,,40.4
1993-04-21,41.7,,31.64,,41.1
1993-04-22,41.7,,33.98,,41.1
1993-04-23,41.6,,32.72,,41.1
1993-04-24,41.5,,36.32,,41.1
1993-04-25,41.7,,37.04,,41.1
1993-04-26,41.7,,30.56,,41.3
1993-04-27,42.2,,30.56,,41.5
1993-04-28,42.5,,35.6,,41.9
1993-04-29,42.4,,42.98,,42.5
1993-04-30,42.3,,37.22,,42.5
1993-05-01,42.0,,33.44,,42.6
1993-05-02,42.1,,33.44,,42.6
1993-05-03,41.6,,38.12,,42.9
1993-05-04,41.6,,35.6,,43.0
1993-05-05,41.4,,34.88,,43.0
1993-05-06,41.4,,38.84,,43.0
1993-05-07,41.0,,35.6,,43.0
1993-05-08,40.4,,37.4,,43.1
1993-05-09,40.6,,40.46,,43.1
1993-05-10,39.6,,42.44,,43.6
1993-05-11,39.0,,35.6,,43.6
1993-05-12,38.3,,34.7,,43.7
1993-05-13,38.5,,41.72,,43.7
1993-05-14,37.4,,37.58,,44.7
1993-05-15,37.0,,34.52,,45.0
1993-05-16,36.7,,33.8,,45.0
1993-05-17,36.3,,40.82,,45.3
1993-05-18,36.3,,50.54,,45.4
1993-05-19,35.9,,54.32,,45.4
1993-05-20,34.5,,55.58,,45.5
1993-05-21,32.8,,54.14,,45.5
1993-05-22,30.9,,,,45.5
1993-05-23,29.1,,51.62,,45.5
1993-05-24,27.5,,49.28,,45.5
1993-05-25,26.1,,,,45.5
1993-05-26,24.5,,51.8,,45.5
1993-05-27,22.9,,55.04,,45.5
1993-05-28,21.4,,52.88,,45.5
1993-05-29,19.3,,,,45.5
1993-05-30,17.0,,45.14,,45.5
1993-05-31,15.0,,47.66,,45.5
1993-06-01,13.7,,51.98,,45.5
1993-06-02,12.1,,53.42,,45.5
1993-06-03,10.4,,51.62,,45.5
1993-06-04,8.5,,54.14,,45.5
1993-06-05,6.8,,52.16,,45.7
1993-06-06,4.6,,49.82,,45.7
1993-06-07,3.1,,54.68,,45.7
1993-06-08,1.2,,53.78,,45.7
1993-06-09,0.0,,50.54,,45.7
1993-06-10,0.0,,39.2,,45.8
1993-06-11,0.0,,39.02,,46.3
1993-06-12,0.0,,41.9,,46.3
1993-06-13,0.0,,44.24,,46.7
1993-06-14,0.0,,42.44,,46.7
1993-06-15,0.0,,39.02,,46.8
1993-06-16,0.0,,42.98,,47.4
1993-06-17,0.0,,47.66,,48.2
1993-06-18,0.0,,47.48,,48.6
1993-06-19,0.0,,38.48,,48.6
1993-06-20,0.0,,39.92,,48.6
1993-06-21,0.0,,47.66,,49.0
1993-06-22,0.0,,57.38,,49.0
1993-06-23,0.0,,50.0,,49.0
1993-06-24,0.0,,46.04,,49.0
1993-06-25,0.0,,53.42,,49.0
1993-06-26,0.0,,56.66,,49.1
1993-06-27,0.0,,61.7,,49.1
1993-06-28,0.0,,62.96,,49.1
1993-06-29,0.0,,53.24,,49.1
1993-06-30,0.0,,42.98,,49.1
1993-07-01,0.0,,37.58,,49.1
1993-07-02,0.0,,47.48,,49.1
1993-07-03,0.0,,56.48,,49.1
1993-07-04,0.0,,63.5,,49.1
1993-07-05,0.0,,62.06,,49.1
1993-07-06,0.0,,51.08,,49.1
1993-07-07,0.0,,44.78,,49.1
1993-07-08,0.0,,48.92,,49.1
1993-07-09,0.0,,52.7,,49.1
1993-07-10,0.0,,46.58,,49.1
1993-07-11,0.0,,43.34,,49.1
1993-07-12,0.0,,48.02,,49.1
1993-07-13,0.0,,49.28,,49.2
1993-07-14,0.0,,55.04,,49.2
1993-07-15,0.0,,49.64,,49.2
1993-07-16,0.0,,51.62,,49.2
1993-07-17,0.0,,56.12,,49.2
1993-07-18,0.0,,54.5,,49.2
1993-07-19,0.0,,56.12,,49.2
1993-07-20,0.0,,,,49.2
1993-07-21,0.0,,50.72,,49.2
1993-07-22,0.0,,,,49.2
1993-07-23,0.0,,,,49.2
1993-07-24,0.0,,47.12,,49.2
1993-07-25,0.0,,46.22,,49.2
1993-07-26,0.0,,49.82,,49.2
1993-07-27,0.0,,57.38,,49.2
1993-07-28,0.0,,52.88,,49.2
1993-07-29,0.0,,50.9,,49.2
1993-07-30,0.0,,46.76,,49.3
1993-07-31,0.0,,48.02,,49.3
1993-08-01,0.0,,49.46,,49.3
1993-08-02,0.0,,49.1,,49.5
1993-08-03,0.0,,,,49.5
1993-08-04,0.0,,53.78,,49.5
1993-08-05,0.0,,63.86,,49.5
1993-08-06,0.0,,62.96,,49.6
1993-08-07,0.0,,57.2,,49.6
1993-08-08,0.0,,58.28,,49.6
1993-08-09,0.0,,60.98,,49.6
1993-08-10,0.0,,,,49.6
1993-08-11,0.0,,62.6,,49.6
1993-08-12,0.0,,59.72,,49.6
1993-08-13,0.0,,,,49.6
1993-08-14,0.0,,61.34,,49.6
1993-08-15,0.0,,54.68,,49.6
1993-08-16,0.0,,56.48,,49.6
1993-08-17,0.0,,58.82,,49.7
1993-08-18,0.0,,59.36,,50.0
1993-08-19,0.0,,56.48,,50.0
1993-08-20,0.0,,,,50.0
1993-08-21,0.0,,54.68,,50.0
1993-08-22,0.0,,54.32,,50.0
1993-08-23,0.0,,47.12,,50.0
1993-08-24,0.0,,42.08,,50.0
1993-08-25,0.0,,47.3,,50.0
1993-08-26,0.0,,,,50.5
1993-08-27,0.0,,61.52,,50.6
1993-08-28,0.0,,61.52,,50.6
1993-08-29,0.0,,53.96,,50.6
1993-08-30,0.0,,52.88,,50.6
1993-08-31,0.0,,55.94,,50.6
1993-09-01,0.0,,48.02,,50.6
1993-09-02,0.0,,42.8,,50.6
1993-09-03,0.0,,45.68,,50.6
1993-09-04,0.0,,50.18,,50.6
1993-09-05,0.0,,51.08,,50.6
1993-09-06,0.0,,46.22,,50.6
1993-09-07,0.0,,49.1,,50.6
1993-09-08,0.0,,51.8,,50.6
1993-09-09,0.0,,54.32,,50.6
1993-09-10,0.0,,53.6,,50.6
1993-09-11,0.0,,57.92,,50.7
1993-09-12,0.0,,59.72,,50.7
1993-09-13,0.0,,58.28,,50.7
1993-09-14,0.0,,57.74,,50.7
1993-09-15,0.0,,56.84,,50.7
1993-09-16,0.0,,55.94,,50.7
1993-09-17,0.0,,57.2,,50.7
1993-09-18,0.0,,59.18,,50.7
1993-09-19,0.0,,57.74,,50.7
1993-09-20,0.0,,40.64,,50.7
1993-09-21,0.0,,41.0,,50.7
1993-09-22,0.0,,45.86,,50.7
1993-09-23,0.0,,48.2,,50.7
1993-09-24,0.0,,48.56,,50.7
1993-09-25,0.0,,46.04,,50.7
1993-09-26,0.0,,43.7,,50.7
1993-09-27,0.0,,45.86,,50.7
1993-09-28,0.0,,41.36,,50.7
1993-09-29,0.0,,36.5,,50.7
1993-09-30,0.0,,39.92,,50.7
1993-10-01,0.0,,44.42,,50.7
1993-10-02,0.0,,,,50.7
1993-10-03,0.0,,49.1,,50.7
1993-10-04,0.0,,48.02,,50.7
1993-10-05,0.0,,51.8,,50.7
1993-10-06,0.0,,53.06,,50.7
1993-10-07,0.0,,53.24,,50.7
1993-10-08,0.0,,53.6,,50.7
1993-10-09,0.0,,,,50.7
1993-10-10,0.0,,50.54,,50.7
1993-10-11,0.0,,,,0.0
1993-10-12,0.0,,,,0.0
1993-10-13,0.0,,,,0.0
1993-10-14,0.0,,,,0.0
1993-10-15,0.0,,,,0.0
1993-10-16,0.0,,,,0.0
1993-10-17,0.0,,,,0.3
1993-10-18,0.0,,,,0.3
1993-10-19,0.0,,,,0.4
1993-10-20,0.0,,,,0.4
1993-10-21,0.0,,41.0,,0.5
1993-10-22,0.0,,39.56,,0.5
1993-10-23,0.0,,36.5,,0.5
1993-10-24,0.0,,,,0.6
1993-10-25,0.0,,,,0.7
1993-10-26,0.0,,33.62,,0.9
1993-10-27,0.0,,,,1.0
1993-10-28,0.0,,33.8,,1.0
1993-10-29,0.0,,,,1.0
1993-10-30,0.0,,41.72,,1.0
1993-10-31,0.0,,43.16,,1.0
1993-11-01,0.0,,42.8,,1.0
1993-11-02,0.0,,,,1.0
1993-11-03,0.0,,,,1.0
1993-11-04,0.0,,37.4,,1.0
1993-11-05,0.0,,37.94,,1.0
1993-11-06,0.0,,28.94,,1.0
1993-11-07,0.0,,31.46,,1.0
1993-11-08,0.0,,35.06,,1.0
1993-11-09,0.0,,28.76,,1.0
1993-11-10,0.0,,32.18,,1.0
1993-11-11,0.0,,,,1.0
1993-11-12,0.0,,25.7,,1.0
1993-11-13,0.0,,22.1,,1.0
1993-11-14,0.0,,,,1.0
1993-11-15,0.0,,23.72,,1.0
1993-11-16,0.0,,23.72,,1.0
1993-11-17,0.0,,29.66,,1.0
1993-11-18,0.0,,32.54,,1.0
1993-11-19,0.0,,29.12,,1.0
1993-11-20,0.0,,31.46,,1.0
1993-11-21,0.0,,24.62,,1.0
1993-11-22,0.0,,24.26,,1.0
1993-11-23,0.0,,25.16,,1.0
1993-11-24,0.0,,31.46,,1.0
1993-11-25,0.0,,31.82,,1.0
1993-11-26,0.0,,19.76,,1.0
1993-11-27,0.0,,,,1.0
1993-11-28,0.0,,,,1.0
1993-11-29,0.0,,28.04,,1.0
1993-11-30,0.0,,23.36,,1.0
1993-12-01,0.2,,,,1.0
1993-12-02,0.4,,,,1.1
1993-12-03,0.6,,2.48,,1.2
1993-12-04,0.6,,8.42,,1.3
1993-12-05,0.6,,18.86,,1.3
1993-12-06,0.7,,27.86,,1.3
1993-12-07,0.8,,31.64,,1.4
1993-12-08,1.0,,26.96,,1.5
1993-12-09,1.4,,27.68,,1.7
1993-12-10,1.9,,23.9,,2.2
1993-12-11,3.3,,,,2.8
1993-12-12,3.3,,23.72,,4.3
1993-12-13,3.4,,14.54,,4.3
1993-12-14,4.0,,17.96,,4.4
1993-12-15,4.0,,24.44,,5.0
1993-12-16,4.0,,30.2,,5.0
1993-12-17,4.4,,28.76,,5.0
1993-12-18,6.0,,31.82,,5.4
1993-12-19,6.0,,34.16,,7.0
1993-12-20,6.1,,19.76,,7.0
1993-12-21,6.1,,19.58,,7.1
1993-12-22,6.1,,26.24,,7.1
1993-12-23,6.1,,23.72,,7.1
1993-12-24,6.1,,20.3,,7.1
1993-12-25,6.1,,21.38,,7.1
1993-12-26,6.1,,15.08,,7.1
1993-12-27,6.1,,13.82,,7.1
1993-12-28,6.1,,13.46,,7.1
1993-12-29,6.1,,14.36,,7.1
1993-12-30,6.1,,15.26,,7.1
1993-12-31,6.1,,15.62,,7.1
1994-01-01,6.2,,,,7.1
1994-01-02,6.2,,24.26,,7.2
1994-01-03,6.2,,25.16,,7.2
1994-01-04,6.2,,23.0,,7.2
1994-01-05,6.2,,20.12,,7.2
1994-01-06,6.2,,21.92,,7.2
1994-01-07,6.2,,25.7,,7.2
1994-01-08,6.2,,25.88,,7.2
1994-01-09,6.3,,27.32,,7.2
1994-01-10,6.7,,27.5,,7.3
1994-01-11,7.8,,,,7.6
1994-01-12,8.4,,31.46,,8.7
1994-01-13,9.0,,24.44,,9.3
1994-01-14,9.6,,18.32,,9.9
1994-01-15,10.3,,16.52,,10.5
1994-01-16,10.6,,24.08,,11.2
1994-01-17,10.6,,26.6,,11.5
1994-01-18,11.3,,25.7,,11.5
1994-01-19,11.6,,26.06,,12.2
1994-01-20,11.6,,28.58,,12.5
1994-01-21,11.7,,,,12.5
1994-01-22,11.8,,,,12.6
1994-01-23,11.8,,26.96,,12.7
1994-01-24,11.8,,19.76,,12.7
1994-01-25,11.8,,21.92,,12.7
1994-01-26,11.8,,,,12.7
1994-01-27,11.8,,,,12.7
1994-01-28,11.8,,,,12.7
1994-01-29,11.8,,30.02,,12.7
1994-01-30,11.8,,31.1,,12.7
1994-01-31,11.9,,32.18,,12.7
1994-02-01,11.9,,28.58,,12.8
1994-02-02,12.1,,29.66,,12.8
1994-02-03,12.1,,26.6,,13.0
1994-02-04,12.2,,22.82,,13.0
1994-02-05,12.2,,19.94,,13.1
1994-02-06,12.2,,22.1,,13.1
1994-02-07,12.2,,,,13.1
1994-02-08,12.2,,9.86,,13.1
1994-02-09,12.2,,12.38,,13.1
1994-02-10,12.2,,14.18,,13.1
1994-02-11,12.2,,14.72,,13.1
1994-02-12,12.2,,16.7,,13.1
1994-02-13,12.2,,17.06,,13.1
1994-02-14,12.2,,22.82,,13.1
1994-02-15,12.2,,27.32,,13.1
1994-02-16,12.5,,15.44,,13.1
1994-02-17,13.1,,17.06,,13.4
1994-02-18,13.1,,20.12,,13.9
1994-02-19,13.8,,16.16,,13.9
1994-02-20,14.0,,15.08,,14.4
1994-02-21,14.0,,24.62,,14.6
1994-02-22,14.0,,,,14.6
1994-02-23,14.0,,28.58,,14.6
1994-02-24,14.0,,34.16,,14.6
1994-02-25,14.1,,30.74,,14.6
1994-02-26,14.3,,24.26,,14.7
1994-02-27,14.8,,21.02,,14.9
1994-02-28,14.9,,19.94,,15.4
1994-03-01,14.9,,23.9,,15.5
1994-03-02,15.1,,18.14,,15.5
1994-03-03,15.5,,21.74,,15.7
1994-03-04,15.5,,29.48,,16.1
1994-03-05,17.2,,33.44,,16.1
1994-03-06,18.8,,32.18,,17.8
1994-03-07,19.2,,31.1,,19.4
1994-03-08,19.9,,30.74,,19.8
1994-03-09,20.3,,,,20.5
1994-03-10,,,35.06,,20.9
1994-03-11,20.3,,38.12,,
1994-03-12,20.5,,39.38,,20.9
1994-03-13,20.5,,36.68,,21.1
1994-03-14,20.5,,31.64,,21.1
1994-03-15,20.5,,27.14,,21.1
1994-03-16,20.5,,29.66,,21.1
1994-03-17,20.5,,29.66,,21.1
1994-03-18,20.5,,31.1,,21.1
1994-03-19,20.5,,30.74,,21.1
1994-03-20,20.5,,31.82,,21.1
1994-03-21,20.7,,32.9,,21.1
1994-03-22,20.7,,38.48,,21.2
1994-03-23,20.7,,40.28,,21.2
1994-03-24,20.7,,42.26,,21.2
1994-03-25,20.7,,38.48,,21.2
1994-03-26,20.8,,29.66,,21.2
1994-03-27,20.8,,35.24,,21.3
1994-03-28,20.8,,24.08,,21.3
1994-03-29,20.8,,26.06,,21.3
1994-03-30,20.8,,33.08,,21.3
1994-03-31,21.1,,24.26,,21.3
1994-04-01,21.1,,18.86,,21.5
1994-04-02,21.1,,26.06,,21.5
1994-04-03,21.1,,32.0,,21.5
1994-04-04,21.1,,36.68,,21.5
1994-04-05,21.1,,35.42,,21.5
1994-04-06,21.1,,40.28,,21.5
1994-04-07,21.1,,41.0,,21.5
1994-04-08,20.9,,40.28,,21.5
1994-04-09,20.9,,37.58,,21.5
1994-04-10,20.8,,40.1,,21.5
1994-04-11,20.7,,41.72,,21.5
1994-04-12,20.6,,33.8,,21.5
1994-04-13,20.4,,30.92,,21.5
1994-04-14,20.5,,32.54,,21.5
1994-04-15,20.5,,31.46,,21.7
1994-04-16,20.4,,27.14,,21.7
1994-04-17,21.1,,32.36,,21.8
1994-04-18,21.3,,34.34,,22.5
1994-04-19,21.4,,39.02,,22.8
1994-04-20,21.4,,39.56,,22.9
1994-04-21,21.3,,39.2,,22.9
1994-04-22,21.3,,35.96,,22.9
1994-04-23,21.3,,,,22.9
1994-04-24,21.1,,42.08,,22.9
1994-04-25,20.8,,47.48,,22.9
1994-04-26,20.6,,48.74,,22.9
1994-04-27,20.6,,48.74,,22.9
1994-04-28,20.4,,50.18,,22.9
1994-04-29,19.6,,50.72,,22.9
1994-04-30,18.7,,52.34,,22.9
1994-05-01,17.8,,39.56,,22.9
1994-05-02,16.7,,35.96,,22.9
1994-05-03,16.2,,35.96,,22.9
1994-05-04,15.7,,36.32,,23.0
1994-05-05,15.5,,37.22,,23.3
1994-05-06,15.7,,35.24,,23.8
1994-05-07,15.4,,37.04,,24.3
1994-05-08,15.1,,38.48,,24.3
1994-05-09,14.6,,36.5,,24.3
1994-05-10,14.1,,39.38,,24.3
1994-05-11,13.8,,41.54,,24.3
1994-05-12,13.0,,44.06,,24.3
1994-05-13,12.3,,44.06,,24.4
1994-05-14,11.7,,48.38,,24.4
1994-05-15,11.1,,53.78,,24.4
1994-05-16,10.3,,48.2,,24.6
1994-05-17,8.9,,50.18,,24.7
1994-05-18,8.1,,55.04,,24.7
1994-05-19,6.9,,56.48,,25.0
1994-05-20,5.2,,59.0,,25.0
1994-05-21,3.5,,54.5,,25.0
1994-05-22,1.5,,46.76,,25.0
1994-05-23,0.4,,50.18,,25.1
1994-05-24,0.0,,46.22,,25.1
1994-05-25,0.0,,40.82,,25.1
1994-05-26,0.0,,34.52,,25.1
1994-05-27,0.0,,36.68,,25.1
1994-05-28,0.2,,36.32,,25.1
1994-05-29,0.1,,36.68,,25.7
1994-05-30,0.3,,43.34,,25.8
1994-05-31,0.0,,47.12,,26.6
1994-06-01,0.0,,51.98,,27.2
1994-06-02,0.0,,56.12,,27.2
1994-06-03,0.0,,59.54,,27.2
1994-06-04,0.0,,59.0,,27.3
1994-06-05,0.0,,44.6,,27.3
1994-06-06,0.0,,41.72,,27.4
1994-06-07,0.0,,48.38,,27.4
1994-06-08,0.0,,52.52,,27.6
1994-06-09,0.0,,50.54,,27.8
1994-06-10,0.0,,45.68,,27.8
1994-06-11,0.0,,58.82,,27.8
1994-06-12,0.0,,57.56,,27.8
1994-06-13,0.0,,51.62,,28.0
1994-06-14,0.0,,57.92,,28.0
1994-06-15,0.0,,45.68,,28.0
1994-06-16,0.0,,37.22,,28.0
1994-06-17,0.0,,42.26,,28.0
1994-06-18,0.0,,50.72,,28.0
1994-06-19,0.0,,55.94,,28.0
1994-06-20,0.0,,60.44,,28.0
1994-06-21,0.0,,59.36,,28.0
1994-06-22,0.0,,48.02,,28.0
1994-06-23,0.0,,36.32,,28.0
1994-06-24,0.0,,41.9,,28.0
1994-06-25,0.0,,41.54,,28.0
1994-06-26,0.0,,50.0,,28.0
1994-06-27,0.0,,54.32,,28.0
1994-06-28,0.0,,59.0,,28.0
1994-06-29,0.0,,67.82,,28.0
1994-06-30,0.0,,66.38,,28.0
1994-07-01,0.0,,65.66,,28.0
1994-07-02,0.0,,63.5,,28.0
1994-07-03,0.0,,60.98,,28.0
1994-07-04,0.0,,64.04,,28.0
1994-07-05,0.0,,50.0,,28.0
1994-07-06,0.0,,54.5,,28.0
1994-07-07,0.0,,63.5,,28.0
1994-07-08,0.0,,65.12,,28.0
1994-07-09,0.0,,65.12,,28.0
1994-07-10,0.0,,62.78,,28.0
1994-07-11,0.0,,55.22,,28.0
1994-07-12,0.0,,50.9,,28.0
1994-07-13,0.0,,53.6,,28.0
1994-07-14,0.0,,42.98,,28.0
1994-07-15,0.0,,48.38,,28.0
1994-07-16,0.0,,56.84,,28.0
1994-07-17,0.0,,62.78,,28.1
1994-07-18,0.0,,67.28,,28.1
1994-07-19,0.0,,62.78,,28.1
1994-07-20,0.0,,59.54,,28.1
1994-07-21,0.0,,60.44,,28.1
1994-07-22,0.0,,62.24,,28.1
1994-07-23,0.0,,62.42,,28.1
1994-07-24,0.0,,63.68,,28.1
1994-07-25,0.0,,64.94,,28.1
1994-07-26,0.0,,67.64,,28.1
1994-07-27,0.0,,66.2,,28.1
1994-07-28,0.0,,64.22,,28.1
1994-07-29,0.0,,66.92,,28.1
1994-07-30,0.0,,70.34,,28.1
1994-07-31,0.0,,71.6,,28.1
1994-08-01,0.0,,69.08,,28.1
1994-08-02,0.0,,68.54,,28.1
1994-08-03,0.0,,70.52,,28.1
1994-08-04,0.0,,72.5,,28.1
1994-08-05,0.0,,73.76,,28.1
1994-08-06,0.0,,73.04,,28.1
1994-08-07,0.0,,70.34,,28.1
1994-08-08,0.0,,63.32,,28.1
1994-08-09,0.0,,64.76,,28.1
1994-08-10,0.0,,68.0,,28.1
1994-08-11,0.0,,66.2,,28.1
1994-08-12,0.0,,67.64,,28.1
1994-08-13,0.0,,71.24,,28.1
1994-08-14,0.0,,67.82,,28.1
1994-08-15,0.0,,64.04,,28.1
1994-08-16,0.0,,67.1,,28.1
1994-08-17,0.0,,65.12,,28.1
1994-08-18,0.0,,62.06,,28.1
1994-08-19,0.0,,,,28.1
1994-08-20,0.0,,,,28.1
1994-08-21,0.0,,,,28.1
1994-08-22,0.0,,,,28.1
1994-08-23,0.0,,,,28.1
1994-08-24,0.0,,,,28.1
1994-08-25,0.0,,,,28.1
1994-08-26,0.0,,,,28.1
1994-08-27,0.0,,,,28.1
1994-08-28,0.0,,,,28.1
1994-08-29,0.0,,,,28.1
1994-08-30,0.0,,,,28.1
1994-08-31,0.0,,,,28.1
1994-09-01,0.0,,,,28.1
1994-09-02,0.0,,,,28.1
1994-09-03,0.0,,,,28.1
1994-09-04,0.0,,,,28.1
1994-09-05,0.0,,,,28.1
1994-09-06,0.0,,,,28.1
1994-09-07,0.0,,,,28.1
1994-09-08,0.0,,,,28.1
1994-09-09,0.0,,,,28.1
1994-09-10,0.0,,,,28.1
1994-09-11,0.0,,,,28.1
1994-09-12,0.0,,,,28.1
1994-09-13,0.0,,,,28.1
1994-09-14,0.0,,,,28.1
1994-09-15,0.0,,,,28.1
1994-09-16,0.0,,,,28.1
1994-09-17,0.0,,,,28.1
1994-09-18,0.0,,,,28.1
1994-09-19,0.0,,,,28.1
1994-09-20,0.0,,,,28.1
1994-09-21,0.0,,,,28.1
1994-09-22,0.0,,46.94,,28.1
1994-09-23,0.0,,46.4,,28.1
1994-09-24,0.0,,49.64,,28.1
1994-09-25,0.0,,53.96,,28.1
1994-09-26,0.0,,56.3,,28.1
1994-09-27,0.0,,56.84,,28.1
1994-09-28,0.0,,57.92,,28.1
1994-09-29,0.0,,58.1,,28.1
1994-09-30,0.0,,56.66,,28.1
1994-10-01,0.0,,55.58,,28.1
1994-10-02,0.0,,58.46,,28.1
1994-10-03,0.0,,60.08,,28.1
1994-10-04,0.0,,59.36,,28.1
1994-10-05,0.0,,59.0,,28.1
1994-10-06,0.0,,59.36,,28.1
1994-10-07,0.0,,60.8,,28.1
1994-10-08,0.0,,46.94,,28.1
1994-10-09,0.0,,50.18,,28.1
1994-10-10,0.0,,48.56,,28.1
1994-10-11,0.0,,39.02,,28.6
1994-10-12,0.0,,32.18,,0.0
1994-10-13,0.0,,39.92,,0.0
1994-10-14,0.0,,40.82,,0.0
1994-10-15,0.0,,41.54,,0.0
1994-10-16,0.0,,41.18,,0.0
1994-10-17,0.0,,42.98,,0.2
1994-10-18,0.0,,46.94,,0.2
1994-10-19,0.0,,49.1,,0.3
1994-10-20,0.0,,37.58,,0.3
1994-10-21,0.0,,39.2,,0.3
1994-10-22,0.0,,40.28,,0.3
1994-10-23,0.0,,31.64,,0.5
1994-10-24,0.0,,30.38,,0.6
1994-10-25,0.4,,37.58,,0.6
1994-10-26,0.2,,35.78,,1.1
1994-10-27,0.0,,34.7,,1.2
1994-10-28,0.0,,37.58,,1.2
1994-10-29,0.0,,38.12,,1.2
1994-10-30,0.0,,36.5,,1.2
1994-10-31,0.0,,30.56,,1.2
1994-11-01,0.0,,34.52,,1.2
1994-11-02,0.0,,38.84,,1.2
1994-11-03,0.0,,39.92,,1.2
1994-11-04,0.0,,41.54,,1.2
1994-11-05,0.0,,42.08,,1.2
1994-11-06,0.0,,30.2,,1.2
1994-11-07,0.0,,24.98,,1.2
1994-11-08,0.0,,26.06,,1.4
1994-11-09,0.0,,31.1,,1.7
1994-11-10,0.0,,28.76,,1.7
1994-11-11,0.3,,17.78,,1.7
1994-11-12,0.5,,15.62,,1.9
1994-11-13,0.5,,22.28,,2.1
1994-11-14,0.5,,27.86,,2.1
1994-11-15,1.0,,29.48,,2.1
1994-11-16,1.3,,23.36,,2.6
1994-11-17,2.0,,18.5,,2.9
1994-11-18,2.1,,29.12,,3.7
1994-11-19,2.2,,32.0,,3.8
1994-11-20,2.7,,28.76,,3.9
1994-11-21,2.9,,25.52,,4.4
1994-11-22,2.9,,15.8,,4.7
1994-11-23,2.9,,15.44,,4.7
1994-11-24,2.9,,24.44,,4.8
1994-11-25,2.9,,21.02,,4.8
1994-11-26,3.1,,14.9,,4.8
1994-11-27,4.1,,11.48,,4.9
1994-11-28,4.3,,15.62,,5.9
1994-11-29,4.3,,17.96,,6.1
1994-11-30,4.6,,6.98,,6.1
1994-12-01,5.2,,7.88,,6.3
1994-12-02,5.2,,20.12,,6.8
1994-12-03,5.2,,25.7,,6.8
1994-12-04,5.3,,25.88,,6.8
1994-12-05,5.7,,15.26,,6.9
1994-12-06,6.6,,16.16,,7.3
1994-12-07,6.7,,17.42,,8.2
1994-12-08,7.0,,21.56,,8.3
1994-12-09,7.1,,32.36,,8.6
1994-12-10,8.0,,31.28,,8.7
1994-12-11,8.5,,27.32,,9.6
1994-12-12,10.3,,26.78,,10.1
1994-12-13,10.6,,20.3,,11.9
1994-12-14,11.4,,23.36,,12.2
1994-12-15,11.8,,22.46,,12.9
1994-12-16,12.0,,15.8,,13.3
1994-12-17,12.7,,9.68,,13.5
1994-12-18,13.0,,13.64,,14.1
1994-12-19,13.1,,14.54,,14.4
1994-12-20,13.3,,19.76,,14.5
1994-12-21,13.3,,22.64,,14.7
1994-12-22,13.5,,19.4,,14.7
1994-12-23,14.1,,18.86,,14.9
1994-12-24,14.4,,20.48,,15.5
1994-12-25,14.5,,25.88,,15.8
1994-12-26,14.6,,31.82,,15.9
1994-12-27,15.4,,28.76,,16.1
1994-12-28,15.9,,23.0,,16.9
1994-12-29,17.0,,24.62,,17.4
1994-12-30,17.0,,28.58,,18.4
1994-12-31,17.0,,27.32,,18.4
1995-01-01,17.0,,29.12,,18.4
1995-01-02,17.0,,33.08,,18.4
1995-01-03,17.0,,29.84,,18.4
1995-01-04,17.0,,28.22,,18.4
1995-01-05,17.1,,32.72,,18.4
1995-01-06,17.6,,29.48,,18.5
1995-01-07,18.0,,12.2,,18.9
1995-01-08,18.3,,7.7,,19.3
1995-01-09,18.3,,3.38,,19.6
1995-01-10,18.3,,6.44,,19.6
1995-01-11,18.4,,9.32,,19.6
1995-01-12,18.5,,12.02,,19.7
1995-01-13,18.6,,17.96,,19.8
1995-01-14,18.6,,19.94,,19.9
1995-01-15,18.6,,20.3,,19.9
1995-01-16,18.7,,27.14,,19.9
1995-01-17,18.8,,29.66,,20.0
1995-01-18,20.0,,32.54,,20.1
1995-01-19,20.7,,32.72,,21.2
1995-01-20,20.9,,29.66,,21.9
1995-01-21,21.4,,28.4,,22.1
1995-01-22,22.4,,30.38,,22.6
1995-01-23,23.3,,31.82,,23.5
1995-01-24,24.6,,26.6,,24.4
1995-01-25,25.2,,21.2,,25.7
1995-01-26,25.2,,17.06,,26.3
1995-01-27,25.4,,24.62,,26.3
1995-01-28,25.5,,26.42,,26.5
1995-01-29,25.8,,17.24,,26.6
1995-01-30,26.0,,14.0,,26.9
1995-01-31,26.0,,15.26,,27.1
1995-02-01,26.1,,19.94,,27.1
1995-02-02,26.2,,30.56,,27.2
1995-02-03,26.3,,32.9,,27.3
1995-02-04,26.3,,29.84,,27.4
1995-02-05,26.3,,25.16,,27.4
1995-02-06,26.6,,24.62,,27.4
1995-02-07,26.6,,30.56,,27.7
1995-02-08,26.6,,32.54,,27.7
1995-02-09,26.6,,34.34,,27.7
1995-02-10,27.1,,35.78,,27.7
1995-02-11,28.1,,29.3,,28.1
1995-02-12,28.4,,32.54,,29.0
1995-02-13,28.6,,36.14,,29.3
1995-02-14,28.6,,35.78,,29.5
1995-02-15,28.6,,34.88,,29.5
1995-02-16,28.6,,35.42,,29.5
1995-02-17,28.6,,32.9,,29.5
1995-02-18,28.6,,29.48,,29.5
1995-02-19,28.6,,28.58,,29.5
1995-02-20,28.6,,21.02,,29.5
1995-02-21,28.6,,17.96,,29.5
1995-02-22,28.6,,19.04,,29.5
1995-02-23,28.6,,11.66,,29.5
1995-02-24,28.9,,15.62,,29.5
1995-02-25,28.9,,25.88,,29.8
1995-02-26,29.1,,28.76,,29.8
1995-02-27,29.1,,34.16,,30.0
1995-02-28,30.8,,36.32,,30.0
1995-03-01,31.1,,37.76,,31.6
1995-03-02,31.2,,37.22,,31.9
1995-03-03,31.3,,36.14,,32.0
1995-03-04,31.5,,37.22,,32.1
1995-03-05,31.6,,38.84,,32.3
1995-03-06,31.6,,37.22,,32.4
1995-03-07,31.7,,33.98,,32.4
1995-03-08,31.7,,29.12,,32.5
1995-03-09,31.8,,24.26,,32.5
1995-03-10,31.8,,,,32.6
1995-03-11,,,24.44,,32.6
1995-03-12,31.8,,28.22,,
1995-03-13,31.8,,30.56,,32.6
1995-03-14,31.8,,26.42,,32.6
1995-03-15,32.5,,20.3,,32.6
1995-03-16,33.1,,15.62,,33.3
1995-03-17,33.5,,20.84,,33.9
1995-03-18,33.5,,31.1,,34.3
1995-03-19,33.6,,34.34,,34.3
1995-03-20,33.7,,36.86,,34.4
1995-03-21,33.8,,34.16,,34.5
1995-03-22,35.0,,30.74,,34.6
1995-03-23,35.2,,31.82,,35.8
1995-03-24,35.6,,36.68,,36.0
1995-03-25,36.3,,32.0,,36.4
1995-03-26,36.4,,30.2,,37.1
1995-03-27,36.8,,34.52,,37.2
1995-03-28,36.8,,33.98,,37.6
1995-03-29,36.9,,31.28,,37.6
1995-03-30,37.7,,33.08,,37.7
1995-03-31,38.0,,31.28,,38.6
1995-04-01,38.4,,27.14,,38.9
1995-04-02,38.4,,26.42,,39.4
1995-04-03,38.8,,20.3,,39.4
1995-04-04,39.2,,21.2,,39.8
1995-04-05,39.3,,25.7,,40.2
1995-04-06,39.3,,26.96,,40.3
1995-04-07,39.4,,27.32,,40.3
1995-04-08,39.4,,27.32,,40.5
1995-04-09,39.4,,32.72,,40.5
1995-04-10,39.4,,37.76,,40.5
1995-04-11,39.4,,37.4,,40.6
1995-04-12,39.3,,35.78,,40.6
1995-04-13,39.2,,40.28,,40.6
1995-04-14,39.0,,43.34,,40.6
1995-04-15,38.9,,40.64,,40.6
1995-04-16,38.5,,34.52,,40.6
1995-04-17,39.4,,36.68,,40.6
1995-04-18,39.0,,29.66,,41.5
1995-04-19,38.8,,28.22,,42.3
1995-04-20,38.7,,30.74,,43.1
1995-04-21,38.9,,35.24,,43.4
1995-04-22,38.9,,40.64,,43.6
1995-04-23,38.9,,34.34,,43.6
1995-04-24,38.6,,25.88,,43.6
1995-04-25,38.8,,26.06,,43.6
1995-04-26,38.8,,31.82,,43.8
1995-04-27,39.1,,34.16,,43.8
1995-04-28,39.1,,33.26,,44.0
1995-04-29,38.8,,30.2,,44.0
1995-04-30,38.7,,30.92,,44.0
1995-05-01,38.7,,37.58,,44.0
1995-05-02,38.6,,37.22,,44.0
1995-05-03,38.5,,40.28,,44.0
1995-05-04,38.3,,44.06,,44.0
1995-05-05,38.0,,39.92,,44.0
1995-05-06,37.4,,41.36,,44.1
1995-05-07,36.8,,42.44,,44.1
1995-05-08,36.1,,36.68,,44.1
1995-05-09,36.2,,33.8,,44.1
1995-05-10,35.5,,39.74,,44.5
1995-05-11,35.9,,33.98,,44.5
1995-05-12,35.9,,37.58,,45.0
1995-05-13,36.2,,39.2,,45.1
1995-05-14,35.9,,39.92,,46.0
1995-05-15,35.1,,37.22,,46.1
1995-05-16,35.6,,36.32,,46.1
1995-05-17,34.5,,40.1,,46.6
1995-05-18,34.1,,39.92,,47.2
1995-05-19,33.6,,42.26,,47.9
1995-05-20,33.1,,42.8,,48.0
1995-05-21,32.2,,38.48,,48.3
1995-05-22,31.9,,35.96,,48.3
1995-05-23,31.0,,38.3,,48.5
1995-05-24,30.1,,43.34,,49.1
1995-05-25,29.9,,44.96,,49.2
1995-05-26,29.1,,46.94,,49.2
1995-05-27,28.0,,45.86,,49.2
1995-05-28,26.4,,47.84,,49.5
1995-05-29,25.3,,47.66,,49.5
1995-05-30,24.1,,50.18,,49.5
1995-05-31,22.5,,51.62,,49.5
1995-06-01,21.1,,49.64,,49.5
1995-06-02,19.7,,49.1,,49.5
1995-06-03,18.3,,48.2,,49.5
1995-06-04,16.9,,48.56,,49.5
1995-06-05,16.0,,43.52,,49.5
1995-06-06,14.8,,47.48,,49.5
1995-06-07,13.8,,53.42,,49.5
1995-06-08,12.6,,56.48,,49.5
1995-06-09,10.9,,56.84,,49.5
1995-06-10,8.8,,55.22,,49.5
1995-06-11,6.7,,51.44,,49.5
1995-06-12,4.7,,51.44,,49.5
1995-06-13,3.2,,53.06,,49.5
1995-06-14,1.6,,57.56,,49.5
1995-06-15,0.0,,41.54,,49.5
1995-06-16,0.0,,32.9,,49.7
1995-06-17,0.0,,41.0,,49.7
1995-06-18,0.0,,43.88,,50.1
1995-06-19,0.0,,43.34,,50.4
1995-06-20,0.0,,52.52,,50.5
1995-06-21,0.0,,60.08,,51.0
1995-06-22,0.0,,61.7,,51.1
1995-06-23,0.0,,59.9,,51.2
1995-06-24,0.0,,56.66,,51.3
1995-06-25,0.0,,53.78,,51.3
1995-06-26,0.0,,55.22,,51.3
1995-06-27,0.0,,45.68,,51.3
1995-06-28,0.0,,43.88,,51.3
1995-06-29,0.0,,39.74,,51.3
1995-06-30,0.0,,44.06,,51.7
1995-07-01,0.0,,41.54,,52.5
1995-07-02,0.0,,48.74,,53.1
1995-07-03,0.0,,62.24,,53.1
1995-07-04,0.0,,61.16,,53.4
1995-07-05,0.0,,63.86,,53.4
1995-07-06,0.0,,65.3,,53.4
1995-07-07,0.0,,58.82,,53.4
1995-07-08,0.0,,55.94,,53.4
1995-07-09,0.0,,57.92,,53.4
1995-07-10,0.0,,61.34,,53.4
1995-07-11,0.0,,62.42,,53.4
1995-07-12,0.0,,56.3,,53.4
1995-07-13,0.0,,51.08,,53.4
1995-07-14,0.0,,54.68,,53.4
1995-07-15,0.0,,60.98,,53.4
1995-07-16,0.0,,62.78,,53.7
1995-07-17,0.0,,65.12,,53.7
1995-07-18,0.0,,65.3,,53.7
1995-07-19,0.0,,60.62,,53.7
1995-07-20,0.0,,63.68,,53.7
1995-07-21,0.0,,62.78,,53.9
1995-07-22,0.0,,53.96,,54.1
1995-07-23,0.0,,51.8,,54.1
1995-07-24,0.0,,57.56,,54.1
1995-07-25,0.0,,59.9,,54.3
1995-07-26,0.0,,62.42,,54.3
1995-07-27,0.0,,64.58,,54.3
1995-07-28,0.0,,65.48,,54.3
1995-07-29,0.0,,64.22,,54.3
1995-07-30,0.0,,62.96,,54.3
1995-07-31,0.0,,63.5,,54.3
1995-08-01,0.0,,61.7,,54.3
1995-08-02,0.0,,61.88,,54.3
1995-08-03,0.0,,62.24,,54.3
1995-08-04,0.0,,64.04,,54.3
1995-08-05,0.0,,60.98,,54.3
1995-08-06,0.0,,63.68,,54.3
1995-08-07,0.0,,68.72,,54.3
1995-08-08,0.0,,57.92,,54.3
1995-08-09,0.0,,49.28,,54.3
1995-08-10,0.0,,54.86,,54.4
1995-08-11,0.0,,61.34,,54.5
1995-08-12,0.0,,62.78,,54.5
1995-08-13,0.0,,64.22,,54.5
1995-08-14,0.0,,63.14,,54.5
1995-08-15,0.0,,64.76,,54.5
1995-08-16,0.0,,66.56,,54.5
1995-08-17,0.0,,53.06,,54.5
1995-08-18,0.0,,46.04,,54.5
1995-08-19,0.0,,54.32,,54.5
1995-08-20,0.0,,60.62,,54.5
1995-08-21,0.0,,52.34,,54.5
1995-08-22,0.0,,56.12,,54.5
1995-08-23,0.0,,49.1,,54.5
1995-08-24,0.0,,54.86,,54.5
1995-08-25,0.0,,61.52,,54.5
1995-08-26,0.0,,55.94,,54.5
1995-08-27,0.0,,47.3,,54.6
1995-08-28,0.0,,46.22,,54.6
1995-08-29,0.0,,53.42,,54.7
1995-08-30,0.0,,61.88,,54.7
1995-08-31,0.0,,66.92,,54.7
1995-09-01,0.0,,63.32,,54.7
1995-09-02,0.0,,60.44,,54.7
1995-09-03,0.0,,58.1,,54.7
1995-09-04,0.0,,58.64,,55.2
1995-09-05,0.0,,57.2,,55.2
1995-09-06,0.0,,57.92,,55.2
1995-09-07,0.0,,59.18,,55.2
1995-09-08,0.0,,52.34,,55.2
1995-09-09,0.0,,53.96,,55.2
1995-09-10,0.0,,59.36,,55.2
1995-09-11,0.0,,63.86,,55.2
1995-09-12,0.0,,61.88,,55.2
1995-09-13,0.0,,62.42,,55.2
1995-09-14,0.0,,58.46,,55.2
1995-09-15,0.0,,53.42,,55.2
1995-09-16,0.0,,54.32,,55.2
1995-09-17,0.0,,50.18,,55.2
1995-09-18,0.0,,46.58,,55.2
1995-09-19,0.0,,48.2,,55.2
1995-09-20,0.0,,51.8,,55.2
1995-09-21,0.0,,53.78,,55.2
1995-09-22,0.0,,56.48,,55.2
1995-09-23,0.0,,58.46,,55.3
1995-09-24,0.0,,58.46,,55.3
1995-09-25,0.0,,60.98,,55.3
1995-09-26,0.0,,60.08,,55.3
1995-09-27,0.0,,52.34,,55.3
1995-09-28,0.0,,53.6,,55.3
1995-09-29,0.0,,51.44,,55.3
1995-09-30,0.0,,45.68,,55.6
1995-10-01,0.0,,38.84,,55.6
1995-10-02,0.0,,43.16,,55.6
1995-10-03,0.0,,46.76,,55.6
1995-10-04,0.0,,46.22,,55.6
1995-10-05,0.0,,49.64,,55.6
1995-10-06,0.0,,46.94,,55.6
1995-10-07,0.0,,47.48,,55.6
1995-10-08,0.0,,44.78,,55.6
1995-10-09,0.0,,40.64,,55.6
1995-10-10,0.0,,37.94,,55.6
1995-10-11,0.0,,38.12,,55.6
1995-10-12,0.0,,40.28,,55.6
1995-10-13,0.0,,37.04,,0.0
1995-10-14,0.0,,31.64,,0.0
1995-10-15,0.0,,33.08,,0.0
1995-10-16,0.0,,40.28,,0.9
1995-10-17,0.0,,36.86,,0.9
1995-10-18,0.0,,38.12,,0.9
1995-10-19,0.0,,38.3,,0.9
1995-10-20,0.0,,46.94,,0.9
1995-10-21,0.0,,48.74,,0.9
1995-10-22,0.0,,31.1,,0.9
1995-10-23,0.0,,30.74,,1.0
1995-10-24,0.0,,40.1,,1.2
1995-10-25,0.0,,46.04,,1.3
1995-10-26,0.0,,43.34,,1.4
1995-10-27,0.0,,41.36,,1.4
1995-10-28,0.0,,37.58,,1.4
1995-10-29,0.0,,33.08,,1.4
1995-10-30,0.0,,41.72,,1.5
1995-10-31,0.0,,32.54,,1.5
1995-11-01,0.0,,29.66,,1.6
1995-11-02,0.0,,31.82,,1.6
1995-11-03,0.0,,35.06,,1.6
1995-11-04,0.0,,37.4,,1.6
1995-11-05,0.0,,36.14,,1.6
1995-11-06,0.0,,32.0,,1.6
1995-11-07,0.0,,34.88,,1.9
1995-11-08,0.0,,35.78,,2.7
1995-11-09,0.0,,33.08,,2.7
1995-11-10,0.0,,25.34,,2.7
1995-11-11,0.0,,17.96,,2.7
1995-11-12,0.0,,20.12,,2.7
1995-11-13,0.0,,24.26,,2.7
1995-11-14,0.0,,27.86,,2.7
1995-11-15,0.0,,31.64,,2.7
1995-11-16,0.0,,27.68,,2.7
1995-11-17,0.0,,32.0,,2.7
1995-11-18,0.1,,35.78,,2.7
1995-11-19,0.6,,28.22,,2.8
1995-11-20,1.1,,22.64,,3.3
1995-11-21,0.9,,33.26,,4.2
1995-11-22,1.2,,35.96,,4.4
1995-11-23,1.6,,35.96,,4.7
1995-11-24,1.4,,38.66,,6.5
1995-11-25,1.2,,37.22,,7.0
1995-11-26,1.2,,37.4,,7.8
1995-11-27,1.2,,38.84,,7.8
1995-11-28,1.2,,37.4,,7.8
1995-11-29,1.2,,31.64,,7.8
1995-11-30,1.2,,35.78,,7.8
1995-12-01,1.2,,36.68,,7.8
1995-12-02,1.2,,36.14,,7.8
1995-12-03,1.2,,36.5,,7.8
1995-12-04,1.1,,38.84,,7.9
1995-12-05,1.0,,37.04,,7.9
1995-12-06,0.8,,27.5,,7.9
1995-12-07,1.2,,25.34,,8.1
1995-12-08,1.5,,31.64,,8.8
1995-12-09,2.0,,35.42,,9.1
1995-12-10,2.9,,35.42,,9.6
1995-12-11,2.9,,34.88,,11.0
1995-12-12,2.9,,23.72,,11.2
1995-12-13,2.5,,24.98,,13.0
1995-12-14,2.5,,24.44,,14.3
1995-12-15,3.3,,21.02,,14.3
1995-12-16,3.6,,22.46,,15.1
1995-12-17,4.1,,22.64,,15.4
1995-12-18,4.2,,16.34,,15.9
1995-12-19,4.3,,28.22,,16.0
1995-12-20,4.3,,33.44,,16.1
1995-12-21,4.9,,33.8,,16.1
1995-12-22,5.0,,33.8,,16.7
1995-12-23,5.2,,29.12,,16.8
1995-12-24,6.3,,26.96,,17.1
1995-12-25,6.7,,29.3,,18.2
1995-12-26,6.7,,20.48,,18.6
1995-12-27,7.1,,11.66,,18.6
1995-12-28,7.1,,13.64,,19.0
1995-12-29,7.1,,14.0,,19.0
1995-12-30,7.1,,16.16,,19.0
1995-12-31,7.1,,12.2,,19.0
1996-01-01,7.1,,11.48,,19.0
1996-01-02,7.1,,12.92,,19.0
1996-01-03,7.1,,15.26,,19.0
1996-01-04,7.1,,18.14,,19.0
1996-01-05,7.1,,17.42,,19.0
1996-01-06,7.1,,19.4,,19.0
1996-01-07,7.1,,21.74,,19.0
1996-01-08,7.2,,23.54,,19.0
1996-01-09,7.2,,30.56,,19.1
1996-01-10,7.9,,28.04,,19.1
1996-01-11,9.1,,23.36,,19.8
1996-01-12,9.3,,30.56,,21.0
1996-01-13,9.3,,29.84,,21.8
1996-01-14,9.5,,18.32,,21.8
1996-01-15,9.7,,19.04,,22.0
1996-01-16,9.7,,24.62,,22.2
1996-01-17,9.7,,32.0,,22.2
1996-01-18,9.8,,32.36,,22.2
1996-01-19,9.9,,31.82,,22.3
1996-01-20,9.9,,22.64,,22.4
1996-01-21,10.4,,22.64,,22.4
1996-01-22,10.4,,27.86,,22.9
1996-01-23,10.4,,28.04,,22.9
1996-01-24,10.4,,30.74,,22.9
1996-01-25,10.4,,31.1,,22.9
1996-01-26,10.5,,28.58,,22.9
1996-01-27,11.4,,14.72,,23.0
1996-01-28,11.7,,11.84,,24.0
1996-01-29,11.8,,22.28,,24.3
1996-01-30,12.2,,23.18,,24.4
1996-01-31,13.7,,21.56,,24.8
1996-02-01,15.0,,14.54,,26.3
1996-02-02,15.4,,17.24,,27.7
1996-02-03,15.4,,17.42,,28.1
1996-02-04,15.9,,13.82,,28.1
1996-02-05,16.7,,15.08,,28.6
1996-02-06,17.1,,20.84,,29.5
1996-02-07,17.4,,17.6,,29.9
1996-02-08,19.1,,18.32,,30.2
1996-02-09,20.3,,6.44,,32.0
1996-02-10,21.0,,1.22,,33.2
1996-02-11,21.0,,0.86,,33.9
1996-02-12,21.0,,-0.04,,33.9
1996-02-13,21.0,,6.98,,33.9
1996-02-14,21.0,,26.06,,33.9
1996-02-15,21.0,,32.0,,33.9
1996-02-16,21.6,,31.82,,33.9
1996-02-17,22.5,,32.9,,34.6
1996-02-18,25.1,,35.42,,35.6
1996-02-19,25.4,,33.26,,38.2
1996-02-20,25.9,,26.6,,38.5
1996-02-21,25.9,,30.02,,39.0
1996-02-22,25.9,,32.9,,39.0
1996-02-23,25.9,,34.34,,39.0
1996-02-24,25.9,,35.96,,39.0
1996-02-25,25.9,,34.7,,39.0
1996-02-26,26.1,,34.34,,39.0
1996-02-27,26.1,,34.7,,39.2
1996-02-28,26.2,,33.8,,39.2
1996-02-29,26.2,,30.2,,39.3
1996-03-01,26.9,,30.92,,39.3
1996-03-02,27.5,,28.58,,40.1
1996-03-03,27.8,,19.4,,40.7
1996-03-04,28.2,,21.92,,41.0
1996-03-05,28.2,,18.5,,41.4
1996-03-06,28.8,,10.76,,41.4
1996-03-07,29.2,,7.52,,42.1
1996-03-08,29.4,,7.34,,42.5
1996-03-09,29.4,,12.56,,42.7
1996-03-10,29.4,,16.52,,42.7
1996-03-11,29.4,,22.28,,42.7
1996-03-12,29.4,,25.52,,42.7
1996-03-13,29.4,,30.2,,42.7
1996-03-14,29.4,,32.72,,42.7
1996-03-15,30.1,,28.58,,42.7
1996-03-16,30.7,,26.06,,43.4
1996-03-17,31.4,,31.1,,44.0
1996-03-18,31.4,,36.14,,44.8
1996-03-19,31.4,,39.38,,44.8
1996-03-20,31.4,,35.96,,44.8
1996-03-21,31.4,,37.04,,44.8
1996-03-22,31.5,,31.46,,44.8
1996-03-23,31.6,,34.34,,44.9
1996-03-24,32.0,,34.88,,45.0
1996-03-25,32.1,,33.44,,45.4
1996-03-26,32.1,,32.9,,45.5
1996-03-27,32.1,,32.54,,45.7
1996-03-28,32.1,,30.92,,45.8
1996-03-29,32.1,,35.96,,45.8
1996-03-30,32.1,,38.84,,45.8
1996-03-31,32.1,,39.74,,45.8
1996-04-01,32.0,,33.62,,45.8
1996-04-02,31.9,,29.48,,45.8
1996-04-03,32.1,,23.72,,45.8
1996-04-04,32.2,,22.46,,46.0
1996-04-05,32.5,,26.6,,46.1
1996-04-06,32.5,,30.74,,46.5
1996-04-07,32.8,,31.1,,46.5
1996-04-08,32.8,,21.74,,46.7
1996-04-09,33.2,,28.4,,46.9
1996-04-10,33.2,,38.48,,47.5
1996-04-11,33.1,,38.66,,47.5
1996-04-12,33.0,,33.98,,47.7
1996-04-13,32.9,,33.62,,47.7
1996-04-14,33.2,,35.42,,47.7
1996-04-15,33.2,,39.56,,48.0
1996-04-16,33.2,,44.24,,48.0
1996-04-17,33.1,,47.12,,48.0
1996-04-18,32.9,,46.94,,48.0
1996-04-19,32.6,,46.94,,48.0
1996-04-20,32.3,,36.14,,48.1
1996-04-21,32.0,,35.78,,48.1
1996-04-22,32.3,,30.02,,48.1
1996-04-23,32.2,,30.2,,48.7
1996-04-24,32.2,,35.6,,48.9
1996-04-25,32.2,,42.08,,49.0
1996-04-26,32.0,,35.42,,49.0
1996-04-27,31.7,,33.26,,49.1
1996-04-28,31.8,,28.22,,49.1
1996-04-29,31.8,,28.76,,50.0
1996-04-30,32.2,,26.78,,50.1
1996-05-01,32.6,,30.56,,50.6
1996-05-02,32.8,,34.34,,51.0
1996-05-03,32.8,,36.68,,51.3
1996-05-04,33.4,,33.98,,51.3
1996-05-05,32.8,,36.14,,52.0
1996-05-06,33.2,,39.2,,53.2
1996-05-07,33.0,,32.18,,54.0
1996-05-08,32.6,,35.06,,54.1
1996-05-09,32.5,,41.0,,54.1
1996-05-10,32.4,,42.44,,54.1
1996-05-11,31.8,,41.36,,54.1
1996-05-12,31.1,,33.08,,54.2
1996-05-13,30.4,,32.9,,54.2
1996-05-14,30.4,,32.54,,54.4
1996-05-15,30.2,,36.32,,54.4
1996-05-16,29.7,,39.74,,54.4
1996-05-17,29.5,,41.54,,54.4
1996-05-18,28.9,,39.92,,54.4
1996-05-19,28.1,,41.0,,54.5
1996-05-20,27.4,,42.8,,54.5
1996-05-21,26.7,,49.82,,54.5
1996-05-22,25.8,,53.78,,54.5
1996-05-23,24.8,,48.56,,54.6
1996-05-24,23.4,,41.72,,54.6
1996-05-25,22.4,,42.26,,54.6
1996-05-26,21.7,,39.2,,54.6
1996-05-27,21.1,,41.0,,55.4
1996-05-28,20.4,,37.4,,56.5
1996-05-29,20.0,,37.22,,57.3
1996-05-30,19.5,,38.66,,58.1
1996-05-31,18.9,,39.2,,58.6
1996-06-01,18.4,,36.86,,58.6
1996-06-02,17.8,,38.48,,58.6
1996-06-03,17.5,,44.96,,58.7
1996-06-04,16.4,,50.0,,59.0
1996-06-05,15.3,,52.16,,59.0
1996-06-06,13.9,,45.14,,59.0
1996-06-07,12.3,,45.5,,59.1
1996-06-08,11.3,,41.0,,59.1
1996-06-09,9.7,,42.44,,59.1
1996-06-10,8.8,,44.24,,59.2
1996-06-11,7.7,,50.0,,59.3
1996-06-12,6.4,,56.3,,59.3
1996-06-13,4.7,,60.26,,59.3
1996-06-14,2.4,,57.92,,59.4
1996-06-15,1.0,,54.14,,59.4
1996-06-16,0.0,,56.84,,59.4
1996-06-17,0.0,,64.58,,59.4
1996-06-18,0.0,,66.02,,59.4
1996-06-19,0.0,,61.52,,59.4
1996-06-20,0.0,,57.74,,59.4
1996-06-21,0.0,,55.76,,59.4
1996-06-22,0.0,,55.94,,59.4
1996-06-23,0.0,,61.88,,59.4
1996-06-24,0.0,,62.24,,59.4
1996-06-25,0.0,,61.34,,59.4
1996-06-26,0.0,,60.8,,59.4
1996-06-27,0.0,,51.98,,59.4
1996-06-28,0.0,,38.84,,59.4
1996-06-29,0.0,,45.68,,59.4
1996-06-30,0.0,,50.0,,59.4
1996-07-01,0.0,,43.7,,59.4
1996-07-02,0.0,,47.48,,59.4
1996-07-03,0.0,,52.34,,59.4
1996-07-04,0.0,,43.88,,59.4
1996-07-05,0.0,,50.54,,59.4
1996-07-06,0.0,,52.16,,59.4
1996-07-07,0.0,,49.64,,59.4
1996-07-08,0.0,,48.02,,59.4
1996-07-09,0.0,,54.32,,59.4
1996-07-10,0.0,,60.08,,59.4
1996-07-11,0.0,,65.12,,59.4
1996-07-12,0.0,,69.98,,59.5
1996-07-13,0.0,,68.36,,59.5
1996-07-14,0.0,,65.12,,59.5
1996-07-15,0.0,,57.74,,59.5
1996-07-16,0.0,,58.46,,59.5
1996-07-17,0.0,,63.68,,59.5
1996-07-18,0.0,,65.3,,59.5
1996-07-19,0.0,,67.46,,59.5
1996-07-20,0.0,,65.12,,59.5
1996-07-21,0.0,,64.4,,59.5
1996-07-22,0.0,,64.76,,59.5
1996-07-23,0.0,,66.74,,59.5
1996-07-24,0.0,,64.94,,59.5
1996-07-25,0.0,,60.08,,59.5
1996-07-26,0.0,,56.12,,59.5
1996-07-27,0.0,,59.72,,59.5
1996-07-28,0.0,,52.52,,59.5
1996-07-29,0.0,,51.98,,59.5
1996-07-30,0.0,,55.04,,59.5
1996-07-31,0.0,,60.8,,59.5
1996-08-01,0.0,,64.22,,59.5
1996-08-02,0.0,,66.38,,59.5
1996-08-03,0.0,,67.82,,59.6
1996-08-04,0.0,,69.08,,59.6
1996-08-05,0.0,,69.62,,59.6
1996-08-06,0.0,,71.42,,59.6
1996-08-07,0.0,,69.8,,59.6
1996-08-08,0.0,,58.64,,59.6
1996-08-09,0.0,,59.0,,59.6
1996-08-10,0.0,,62.06,,59.6
1996-08-11,0.0,,65.84,,60.0
1996-08-12,0.0,,56.84,,60.2
1996-08-13,0.0,,49.46,,60.2
1996-08-14,0.0,,48.2,,60.2
1996-08-15,0.0,,52.7,,60.2
1996-08-16,0.0,,51.62,,60.2
1996-08-17,0.0,,58.28,,60.2
1996-08-18,0.0,,65.12,,60.2
1996-08-19,0.0,,66.2,,60.2
1996-08-20,0.0,,67.64,,60.2
1996-08-21,0.0,,70.16,,60.2
1996-08-22,0.0,,68.72,,60.2
1996-08-23,0.0,,68.18,,60.2
1996-08-24,0.0,,64.4,,60.2
1996-08-25,0.0,,64.76,,60.2
1996-08-26,0.0,,67.46,,60.2
1996-08-27,0.0,,62.42,,60.2
1996-08-28,0.0,,52.52,,60.2
1996-08-29,0.0,,53.42,,60.2
1996-08-30,0.0,,56.12,,60.2
1996-08-31,0.0,,53.42,,60.2
1996-09-01,0.0,,56.84,,60.2
1996-09-02,0.0,,61.52,,60.2
1996-09-03,0.0,,66.38,,60.2
1996-09-04,0.0,,67.1,,60.2
1996-09-05,0.0,,68.0,,60.2
1996-09-06,0.0,,59.54,,60.2
1996-09-07,0.0,,56.48,,60.2
1996-09-08,0.0,,61.16,,60.2
1996-09-09,0.0,,64.22,,60.2
1996-09-10,0.0,,57.92,,60.2
1996-09-11,0.0,,51.98,,60.2
1996-09-12,0.0,,53.06,,60.2
1996-09-13,0.0,,55.58,,60.2
1996-09-14,0.0,,55.94,,60.2
1996-09-15,0.0,,39.38,,60.2
1996-09-16,0.0,,42.62,,60.2
1996-09-17,0.0,,50.9,,60.2
1996-09-18,0.0,,54.5,,60.2
1996-09-19,0.0,,58.28,,60.2
1996-09-20,0.0,,62.78,,60.2
1996-09-21,0.0,,61.16,,60.2
1996-09-22,0.0,,60.08,,60.2
1996-09-23,0.0,,55.76,,60.2
1996-09-24,0.0,,49.1,,60.2
1996-09-25,0.0,,40.46,,60.2
1996-09-26,0.0,,36.86,,60.2
1996-09-27,0.0,,34.52,,60.2
1996-09-28,0.0,,36.86,,60.7
1996-09-29,0.0,,37.94,,60.7
1996-09-30,0.0,,42.44,,60.7
1996-10-01,0.0,,43.16,,60.7
1996-10-02,0.0,,,,60.8
1996-10-03,0.0,,37.94,,60.8
1996-10-04,0.0,,43.34,,60.8
1996-10-05,0.0,,41.0,,60.8
1996-10-06,0.0,,38.48,,60.9
1996-10-07,0.0,,44.96,,60.9
1996-10-08,0.0,,51.98,,60.9
1996-10-09,0.0,,53.24,,60.9
1996-10-10,0.0,,54.68,,60.9
1996-10-11,0.0,,51.62,,60.9
1996-10-12,0.0,,51.26,,60.9
1996-10-13,0.0,,53.24,,0.0
1996-10-14,0.0,,55.04,,0.0
1996-10-15,0.0,,51.8,,0.0
1996-10-16,0.0,,51.8,,0.0
1996-10-17,0.0,,52.52,,0.0
1996-10-18,0.0,,55.4,,0.0
1996-10-19,0.0,,56.48,,0.0
1996-10-20,0.0,,56.3,,0.0
1996-10-21,0.0,,50.18,,0.0
1996-10-22,0.0,,48.92,,0.0
1996-10-23,0.0,,42.8,,0.0
1996-10-24,0.0,,33.08,,0.0
1996-10-25,0.0,,35.24,,0.0
1996-10-26,0.0,,24.98,,0.1
1996-10-27,0.0,,27.5,,0.1
1996-10-28,0.0,,32.9,,0.1
1996-10-29,0.2,,23.0,,0.1
1996-10-30,0.4,,18.68,,0.2
1996-10-31,0.4,,21.56,,0.4
1996-11-01,0.4,,28.94,,0.4
1996-11-02,0.4,,30.56,,0.4
1996-11-03,0.8,,32.72,,0.5
1996-11-04,0.9,,26.42,,0.9
1996-11-05,2.5,,25.88,,1.1
1996-11-06,3.0,,25.52,,2.7
1996-11-07,3.0,,30.38,,3.3
1996-11-08,3.0,,31.64,,3.3
1996-11-09,3.0,,32.36,,3.3
1996-11-10,3.2,,30.38,,3.3
1996-11-11,3.2,,30.38,,3.5
1996-11-12,3.2,,32.18,,3.5
1996-11-13,3.2,,33.08,,3.5
1996-11-14,3.2,,26.06,,3.5
1996-11-15,3.2,,21.02,,3.5
1996-11-16,3.2,,22.1,,3.5
1996-11-17,3.2,,28.94,,3.5
1996-11-18,3.5,,34.7,,3.5
1996-11-19,3.5,,34.16,,3.7
1996-11-20,3.5,,35.6,,3.7
1996-11-21,3.5,,37.76,,3.7
1996-11-22,3.5,,38.48,,3.7
1996-11-23,3.6,,36.86,,3.7
1996-11-24,3.6,,28.04,,3.8
1996-11-25,3.6,,22.1,,3.8
1996-11-26,3.9,,23.0,,3.8
1996-11-27,3.9,,24.98,,4.0
1996-11-28,4.1,,33.8,,4.0
1996-11-29,4.2,,35.96,,4.3
1996-11-30,5.6,,31.1,,4.5
1996-12-01,5.5,,34.34,,8.1
1996-12-02,5.3,,32.9,,10.0
1996-12-03,5.2,,26.96,,10.4
1996-12-04,5.3,,29.66,,10.5
1996-12-05,5.3,,23.18,,11.0
1996-12-06,5.6,,17.06,,11.0
1996-12-07,5.6,,24.44,,11.5
1996-12-08,5.6,,25.7,,11.5
1996-12-09,5.7,,16.34,,11.5
1996-12-10,6.4,,19.94,,11.6
1996-12-11,6.6,,23.9,,12.3
1996-12-12,7.1,,17.78,,12.5
1996-12-13,8.5,,14.18,,13.0
1996-12-14,9.0,,14.0,,14.4
1996-12-15,9.5,,24.26,,14.9
1996-12-16,10.7,,23.36,,15.4
1996-12-17,11.5,,24.26,,16.6
1996-12-18,12.2,,32.72,,17.4
1996-12-19,13.3,,32.9,,18.1
1996-12-20,13.5,,31.46,,19.2
1996-12-21,13.9,,26.24,,19.6
1996-12-22,14.1,,26.6,,20.5
1996-12-23,14.5,,24.44,,21.0
1996-12-24,14.6,,14.54,,21.4
1996-12-25,15.6,,16.34,,21.5
1996-12-26,15.6,,17.78,,22.5
1996-12-27,15.6,,3.92,,22.5
1996-12-28,15.6,,12.02,,22.5
1996-12-29,15.6,,18.5,,22.5
1996-12-30,15.6,,24.26,,22.5
1996-12-31,15.6,,21.02,,22.5
1997-01-01,16.6,,19.58,,22.5
1997-01-02,16.9,,21.02,,23.6
1997-01-03,17.2,,26.78,,23.9
1997-01-04,18.1,,28.22,,24.2
1997-01-05,18.7,,30.38,,25.1
1997-01-06,20.0,,29.3,,25.8
1997-01-07,22.0,,28.76,,27.2
1997-01-08,23.2,,31.82,,29.4
1997-01-09,24.2,,32.72,,30.8
1997-01-10,26.4,,34.52,,31.9
1997-01-11,27.0,,34.16,,35.1
1997-01-12,27.8,,32.0,,36.4
1997-01-13,28.7,,24.08,,37.4
1997-01-14,30.2,,11.48,,38.6
1997-01-15,30.5,,9.32,,40.4
1997-01-16,31.0,,11.12,,40.8
1997-01-17,31.3,,21.38,,41.4
1997-01-18,31.5,,24.8,,41.7
1997-01-19,31.5,,27.86,,41.9
1997-01-20,31.5,,27.32,,41.9
1997-01-21,31.7,,21.56,,41.9
1997-01-22,32.0,,-3.28,,42.1
1997-01-23,32.0,,2.84,,42.4
1997-01-24,32.0,,11.3,,42.4
1997-01-25,32.1,,12.2,,42.4
1997-01-26,32.1,,14.54,,42.5
1997-01-27,32.1,,26.6,,42.5
1997-01-28,32.2,,31.46,,42.5
1997-01-29,32.6,,33.26,,42.6
1997-01-30,32.6,,29.84,,43.0
1997-01-31,32.6,,24.62,,43.0
1997-02-01,32.8,,17.78,,43.0
1997-02-02,33.2,,9.86,,43.2
1997-02-03,33.4,,14.0,,43.6
1997-02-04,33.4,,20.48,,43.8
1997-02-05,33.4,,27.5,,43.8
1997-02-06,34.4,,19.04,,43.8
1997-02-07,35.3,,27.68,,45.0
1997-02-08,35.3,,24.62,,46.0
1997-02-09,35.7,,30.56,,46.0
1997-02-10,35.7,,32.18,,46.5
1997-02-11,35.8,,29.3,,46.5
1997-02-12,37.0,,20.12,,46.6
1997-02-13,37.1,,17.78,,48.0
1997-02-14,37.4,,15.8,,48.1
1997-02-15,37.4,,12.92,,48.4
1997-02-16,37.4,,12.56,,48.4
1997-02-17,37.4,,15.62,,48.4
1997-02-18,37.4,,19.22,,48.4
1997-02-19,37.4,,19.76,,48.4
1997-02-20,37.4,,26.06,,48.4
1997-02-21,37.4,,27.86,,48.4
1997-02-22,37.4,,24.08,,48.4
1997-02-23,37.6,,22.46,,48.4
1997-02-24,37.8,,29.12,,48.6
1997-02-25,37.8,,30.02,,48.8
1997-02-26,38.1,,31.64,,48.8
1997-02-27,38.1,,30.02,,49.1
1997-02-28,38.1,,23.9,,49.1
1997-03-01,38.3,,26.6,,49.1
1997-03-02,38.7,,19.76,,49.3
1997-03-03,38.7,,16.34,,49.7
1997-03-04,38.7,,19.94,,49.7
1997-03-05,38.7,,20.3,,49.7
1997-03-06,39.3,,22.1,,49.7
1997-03-07,39.3,,29.12,,50.4
1997-03-08,39.3,,27.5,,50.4
1997-03-09,39.3,,20.48,,50.4
1997-03-10,39.6,,18.5,,50.4
1997-03-11,39.6,,,,50.7
1997-03-12,,,22.46,,50.7
1997-03-13,39.6,,25.52,,
1997-03-14,40.0,,18.32,,50.7
1997-03-15,40.7,,15.8,,51.1
1997-03-16,41.0,,23.0,,51.9
1997-03-17,41.1,,27.14,,52.2
1997-03-18,41.2,,27.86,,52.3
1997-03-19,41.5,,24.8,,52.4
1997-03-20,41.6,,28.94,,52.7
1997-03-21,41.6,,36.68,,52.8
1997-03-22,41.8,,36.5,,52.8
1997-03-23,41.8,,25.52,,53.0
1997-03-24,41.8,,17.78,,53.0
1997-03-25,41.8,,19.58,,53.0
1997-03-26,41.8,,28.94,,53.0
1997-03-27,41.9,,37.76,,53.0
1997-03-28,42.1,,34.52,,53.1
1997-03-29,42.1,,39.74,,53.3
1997-03-30,42.3,,44.96,,53.3
1997-03-31,43.0,,37.94,,53.5
1997-04-01,43.3,,35.78,,54.4
1997-04-02,43.3,,37.76,,54.7
1997-04-03,43.3,,38.84,,54.7
1997-04-04,43.3,,32.54,,54.7
1997-04-05,43.3,,38.3,,54.7
1997-04-06,43.3,,43.16,,54.7
1997-04-07,43.3,,30.02,,54.7
1997-04-08,43.5,,28.76,,54.7
1997-04-09,43.5,,28.94,,54.9
1997-04-10,43.7,,41.36,,54.9
1997-04-11,43.8,,26.6,,55.1
1997-04-12,43.8,,23.72,,55.2
1997-04-13,43.9,,30.74,,55.2
1997-04-14,44.0,,34.7,,55.3
1997-04-15,44.2,,24.62,,55.4
1997-04-16,44.2,,25.52,,55.6
1997-04-17,44.2,,28.4,,55.6
1997-04-18,44.2,,34.16,,55.7
1997-04-19,44.2,,33.44,,55.7
1997-04-20,44.0,,34.7,,55.7
1997-04-21,43.9,,31.1,,55.7
1997-04-22,43.8,,24.8,,55.7
1997-04-23,43.8,,30.56,,55.7
1997-04-24,43.8,,35.24,,55.7
1997-04-25,43.8,,37.94,,55.7
1997-04-26,43.5,,42.62,,55.7
1997-04-27,43.4,,44.6,,55.7
1997-04-28,43.5,,44.42,,55.7
1997-04-29,43.4,,41.54,,55.8
1997-04-30,43.2,,39.92,,55.8
1997-05-01,42.7,,37.94,,55.9
1997-05-02,42.3,,37.94,,56.2
1997-05-03,42.0,,41.18,,57.6
1997-05-04,41.9,,35.24,,58.4
1997-05-05,41.6,,40.28,,58.5
1997-05-06,41.7,,43.7,,58.5
1997-05-07,41.1,,47.66,,59.2
1997-05-08,40.3,,40.82,,59.3
1997-05-09,40.0,,38.48,,59.3
1997-05-10,39.6,,37.76,,59.3
1997-05-11,39.1,,32.54,,59.4
1997-05-12,38.9,,31.64,,59.6
1997-05-13,39.2,,34.7,,59.6
1997-05-14,39.1,,46.76,,60.0
1997-05-15,38.8,,46.22,,60.0
1997-05-16,37.3,,49.1,,60.1
1997-05-17,36.7,,45.86,,60.1
1997-05-18,35.8,,45.14,,60.1
1997-05-19,34.7,,48.56,,60.2
1997-05-20,34.1,,52.16,,60.2
1997-05-21,33.1,,53.96,,60.2
1997-05-22,32.0,,54.32,,60.3
1997-05-23,30.9,,54.32,,60.3
1997-05-24,29.7,,54.68,,60.3
1997-05-25,28.5,,54.14,,60.4
1997-05-26,27.1,,55.04,,60.4
1997-05-27,25.8,,54.68,,60.4
1997-05-28,24.3,,51.44,,60.4
1997-05-29,22.9,,50.54,,60.4
1997-05-30,21.6,,51.62,,60.4
1997-05-31,20.4,,54.5,,60.4
1997-06-01,19.2,,52.88,,60.4
1997-06-02,17.8,,53.06,,60.4
1997-06-03,16.5,,47.84,,60.4
1997-06-04,15.2,,42.62,,60.4
1997-06-05,14.3,,37.76,,60.4
1997-06-06,13.0,,42.08,,60.5
1997-06-07,13.0,,46.76,,60.6
1997-06-08,12.5,,47.84,,61.2
1997-06-09,11.8,,51.8,,61.2
1997-06-10,10.9,,57.38,,61.3
1997-06-11,9.5,,57.02,,61.4
1997-06-12,7.8,,51.98,,61.4
1997-06-13,6.0,,54.14,,61.5
1997-06-14,4.3,,57.74,,61.5
1997-06-15,2.2,,48.56,,61.5
1997-06-16,0.9,,49.46,,61.6
1997-06-17,0.0,,51.8,,61.6
1997-06-18,0.0,,54.32,,61.8
1997-06-19,0.0,,56.84,,61.9
1997-06-20,0.0,,57.38,,62.0
1997-06-21,0.0,,50.0,,62.0
1997-06-22,0.0,,53.78,,62.0
1997-06-23,0.0,,46.76,,62.1
1997-06-24,0.0,,52.7,,62.4
1997-06-25,0.0,,51.98,,62.6
1997-06-26,0.0,,56.66,,62.6
1997-06-27,0.0,,58.28,,62.7
1997-06-28,0.0,,59.54,,62.9
1997-06-29,0.0,,56.66,,63.0
1997-06-30,0.0,,53.42,,63.0
1997-07-01,0.0,,49.64,,63.0
1997-07-02,0.0,,55.94,,63.0
1997-07-03,0.0,,47.84,,63.0
1997-07-04,0.0,,45.14,,63.0
1997-07-05,0.0,,47.3,,63.0
1997-07-06,0.0,,55.4,,63.0
1997-07-07,0.0,,60.26,,63.0
1997-07-08,0.0,,59.36,,63.0
1997-07-09,0.0,,59.72,,63.0
1997-07-10,0.0,,54.5,,63.0
1997-07-11,0.0,,43.16,,63.0
1997-07-12,0.0,,42.98,,63.0
1997-07-13,0.0,,48.2,,63.0
1997-07-14,0.0,,53.24,,63.8
1997-07-15,0.0,,59.36,,64.4
1997-07-16,0.0,,63.5,,64.4
1997-07-17,0.0,,58.82,,64.4
1997-07-18,0.0,,58.1,,64.4
1997-07-19,0.0,,60.8,,64.4
1997-07-20,0.0,,59.18,,64.4
1997-07-21,0.0,,48.56,,64.4
1997-07-22,0.0,,47.48,,64.4
1997-07-23,0.0,,51.62,,64.5
1997-07-24,0.0,,56.66,,64.5
1997-07-25,0.0,,64.22,,64.5
1997-07-26,0.0,,66.02,,64.5
1997-07-27,0.0,,66.2,,64.5
1997-07-28,0.0,,61.7,,64.5
1997-07-29,0.0,,53.6,,64.5
1997-07-30,0.0,,54.68,,64.5
1997-07-31,0.0,,59.18,,64.5
1997-08-01,0.0,,65.12,,64.5
1997-08-02,0.0,,66.2,,64.5
1997-08-03,0.0,,65.48,,64.5
1997-08-04,0.0,,64.04,,64.5
1997-08-05,0.0,,62.24,,64.5
1997-08-06,0.0,,61.7,,64.5
1997-08-07,0.0,,63.5,,64.5
1997-08-08,0.0,,60.8,,64.5
1997-08-09,0.0,,57.56,,64.5
1997-08-10,0.0,,56.3,,64.5
1997-08-11,0.0,,55.76,,64.5
1997-08-12,0.0,,59.9,,65.0
1997-08-13,0.0,,63.14,,65.1
1997-08-14,0.0,,67.46,,65.2
1997-08-15,0.0,,60.62,,65.2
1997-08-16,0.0,,60.44,,65.2
1997-08-17,0.0,,62.24,,65.2
1997-08-18,0.0,,66.02,,65.4
1997-08-19,0.0,,57.74,,65.4
1997-08-20,0.0,,58.1,,65.4
1997-08-21,0.0,,56.12,,65.4
1997-08-22,0.0,,53.78,,65.4
1997-08-23,0.0,,51.44,,65.4
1997-08-24,0.0,,55.58,,65.9
1997-08-25,0.0,,60.26,,65.9
1997-08-26,0.0,,59.0,,66.1
1997-08-27,0.0,,55.04,,66.2
1997-08-28,0.0,,57.92,,66.2
1997-08-29,0.0,,57.2,,66.2
1997-08-30,0.0,,59.54,,66.2
1997-08-31,0.0,,62.78,,66.2
1997-09-01,0.0,,60.8,,66.2
1997-09-02,0.0,,64.04,,66.2
1997-09-03,0.0,,64.22,,66.2
1997-09-04,0.0,,54.86,,66.2
1997-09-05,0.0,,57.74,,66.2
1997-09-06,0.0,,60.62,,66.2
1997-09-07,0.0,,56.84,,66.8
1997-09-08,0.0,,55.04,,66.8
1997-09-09,0.0,,54.14,,66.8
1997-09-10,0.0,,58.46,,66.8
1997-09-11,0.0,,60.8,,66.8
1997-09-12,0.0,,61.16,,66.8
1997-09-13,0.0,,58.1,,66.8
1997-09-14,0.0,,55.4,,66.8
1997-09-15,0.0,,55.76,,66.8
1997-09-16,0.0,,61.16,,66.8
1997-09-17,0.0,,57.02,,66.8
1997-09-18,0.0,,58.82,,66.8
1997-09-19,0.0,,59.72,,66.8
1997-09-20,0.0,,62.42,,66.8
1997-09-21,0.0,,60.8,,66.8
1997-09-22,0.0,,47.66,,66.8
1997-09-23,0.0,,48.38,,66.8
1997-09-24,0.0,,55.04,,66.8
1997-09-25,0.0,,56.84,,67.8
1997-09-26,0.0,,42.8,,67.8
1997-09-27,0.0,,41.36,,67.9
1997-09-28,0.0,,45.14,,67.9
1997-09-29,0.0,,40.28,,68.0
1997-09-30,0.0,,44.6,,68.1
1997-10-01,0.0,,47.12,,68.3
1997-10-02,0.0,,49.46,,68.3
1997-10-03,0.0,,50.18,,68.3
1997-10-04,0.0,,52.16,,68.3
1997-10-05,0.0,,51.8,,68.3
1997-10-06,0.0,,55.04,,68.3
1997-10-07,0.0,,52.7,,68.3
1997-10-08,0.0,,40.1,,68.3
1997-10-09,0.0,,44.06,,68.3
1997-10-10,0.0,,48.56,,68.3
1997-10-11,0.0,,54.5,,68.3
1997-10-12,0.0,,59.36,,68.3
1997-10-13,0.0,,45.14,,68.3
1997-10-14,0.0,,42.8,,0.0
1997-10-15,0.0,,43.34,,0.0
1997-10-16,0.0,,36.14,,0.0
1997-10-17,0.0,,38.48,,0.0
1997-10-18,0.0,,32.9,,0.0
1997-10-19,0.0,,33.26,,0.0
1997-10-20,0.0,,33.26,,0.2
1997-10-21,0.0,,33.08,,0.2
1997-10-22,0.0,,29.48,,0.2
1997-10-23,0.0,,27.14,,0.8
1997-10-24,0.0,,33.44,,0.8
1997-10-25,0.0,,39.2,,0.9
1997-10-26,0.0,,42.26,,1.0
1997-10-27,0.0,,45.5,,1.0
1997-10-28,0.0,,46.04,,1.1
1997-10-29,0.0,,41.18,,1.1
1997-10-30,0.0,,41.54,,1.1
1997-10-31,0.0,,40.46,,1.1
1997-11-01,0.0,,38.84,,1.1
1997-11-02,0.0,,38.3,,1.1
1997-11-03,0.0,,30.02,,1.1
1997-11-04,0.0,,28.58,,1.1
1997-11-05,0.3,,26.24,,1.1
1997-11-06,0.3,,33.08,,1.3
1997-11-07,0.3,,34.34,,1.3
1997-11-08,0.3,,35.96,,1.3
1997-11-09,0.3,,34.52,,1.3
1997-11-10,0.3,,37.76,,1.3
1997-11-11,0.9,,32.9,,1.3
1997-11-12,0.6,,29.12,,2.9
1997-11-13,0.3,,31.1,,3.4
1997-11-14,0.3,,37.58,,3.5
1997-11-15,0.3,,36.86,,3.5
1997-11-16,0.3,,39.92,,3.6
1997-11-17,0.2,,41.9,,3.6
1997-11-18,0.0,,36.14,,3.6
1997-11-19,0.0,,32.72,,3.6
1997-11-20,0.0,,29.66,,3.6
1997-11-21,0.0,,27.86,,4.0
1997-11-22,0.0,,28.76,,4.0
1997-11-23,0.0,,24.98,,4.0
1997-11-24,0.0,,25.34,,4.0
1997-11-25,0.0,,24.08,,4.0
1997-11-26,0.0,,22.28,,4.0
1997-11-27,0.0,,27.68,,4.0
1997-11-28,0.0,,28.04,,4.0
1997-11-29,0.0,,29.12,,4.0
1997-11-30,0.4,,30.56,,4.0
1997-12-01,0.5,,28.22,,4.4
1997-12-02,1.5,,24.8,,4.5
1997-12-03,1.8,,19.76,,5.5
1997-12-04,1.8,,29.66,,5.8
1997-12-05,1.8,,33.26,,5.8
1997-12-06,2.2,,25.52,,5.8
1997-12-07,2.3,,28.58,,6.2
1997-12-08,2.6,,28.94,,6.3
1997-12-09,2.8,,26.24,,6.6
1997-12-10,2.8,,29.12,,6.8
1997-12-11,2.8,,29.84,,6.8
1997-12-12,2.9,,23.54,,6.8
1997-12-13,2.9,,15.62,,6.9
1997-12-14,2.9,,18.32,,6.9
1997-12-15,2.9,,22.64,,6.9
1997-12-16,2.9,,21.56,,6.9
1997-12-17,2.9,,27.14,,6.9
1997-12-18,2.9,,29.12,,6.9
1997-12-19,2.9,,24.44,,6.9
1997-12-20,3.2,,14.18,,6.9
1997-12-21,3.8,,12.38,,7.2
1997-12-22,3.8,,14.0,,7.8
1997-12-23,3.8,,18.68,,7.8
1997-12-24,3.8,,25.34,,7.8
1997-12-25,3.8,,32.18,,7.8
1997-12-26,3.8,,27.68,,7.8
1997-12-27,3.9,,29.3,,7.8
1997-12-28,4.2,,29.3,,7.9
1997-12-29,4.8,,18.5,,8.2
1997-12-30,5.6,,9.5,,8.7
1997-12-31,5.6,,15.98,,9.4
1998-01-01,5.6,,15.44,,9.4
1998-01-02,5.6,,10.04,,9.4
1998-01-03,5.6,,12.56,,9.4
1998-01-04,5.6,,15.26,,9.4
1998-01-05,5.6,,8.42,,9.4
1998-01-06,5.6,,11.66,,9.4
1998-01-07,5.6,,18.14,,9.4
1998-01-08,5.7,,22.1,,9.4
1998-01-09,5.7,,30.74,,9.5
1998-01-10,5.7,,25.7,,9.5
1998-01-11,6.0,,29.48,,9.5
1998-01-12,6.0,,31.82,,9.8
1998-01-13,6.0,,31.1,,9.8
1998-01-14,6.1,,29.66,,9.8
1998-01-15,6.8,,23.9,,9.9
1998-01-16,7.0,,17.06,,10.6
1998-01-17,7.1,,17.24,,10.8
1998-01-18,7.1,,22.46,,10.9
1998-01-19,7.1,,13.64,,10.9
1998-01-20,8.0,,12.02,,10.9
1998-01-21,8.0,,26.78,,11.8
1998-01-22,8.0,,27.5,,11.8
1998-01-23,9.9,,25.52,,11.8
1998-01-24,12.3,,25.16,,13.7
1998-01-25,13.3,,24.08,,16.1
1998-01-26,14.1,,22.28,,17.1
1998-01-27,15.4,,22.1,,17.9
1998-01-28,15.9,,30.2,,19.2
1998-01-29,16.5,,30.2,,19.7
1998-01-30,17.4,,26.96,,20.3
1998-01-31,17.4,,23.18,,21.2
1998-02-01,18.7,,21.02,,21.2
1998-02-02,18.7,,24.62,,22.5
1998-02-03,18.7,,30.02,,22.5
1998-02-04,18.9,,28.94,,22.5
1998-02-05,19.0,,28.76,,22.7
1998-02-06,19.2,,32.0,,22.8
1998-02-07,19.2,,29.3,,23.0
1998-02-08,19.3,,26.42,,23.0
1998-02-09,19.3,,30.92,,23.1
1998-02-10,19.3,,27.68,,23.1
1998-02-11,19.5,,21.56,,23.1
1998-02-12,19.7,,24.62,,23.3
1998-02-13,19.7,,30.02,,23.5
1998-02-14,19.7,,33.98,,23.5
1998-02-15,19.8,,33.62,,23.5
1998-02-16,20.0,,25.52,,23.6
1998-02-17,20.3,,30.74,,23.8
1998-02-18,20.3,,32.72,,24.1
1998-02-19,20.4,,29.66,,24.1
1998-02-20,20.7,,22.1,,24.2
1998-02-21,21.1,,21.56,,24.5
1998-02-22,21.1,,24.44,,24.9
1998-02-23,21.2,,25.34,,24.9
1998-02-24,21.4,,26.42,,25.0
1998-02-25,21.6,,25.16,,25.2
1998-02-26,21.9,,27.5,,25.4
1998-02-27,22.3,,20.48,,25.7
1998-02-28,22.5,,26.24,,26.1
1998-03-01,22.5,,23.18,,26.3
1998-03-02,22.5,,26.96,,26.3
1998-03-03,22.5,,28.58,,26.3
1998-03-04,22.5,,28.58,,26.3
1998-03-05,22.5,,22.46,,26.3
1998-03-06,23.5,,21.74,,26.3
1998-03-07,23.6,,23.54,,27.3
1998-03-08,23.7,,17.96,,27.4
1998-03-09,23.8,,16.7,,27.5
1998-03-10,23.8,,14.18,,27.6
1998-03-11,23.8,,18.68,,27.6
1998-03-12,23.8,,,,27.6
1998-03-13,,,28.76,,27.6
1998-03-14,23.8,,31.64,,
1998-03-15,23.8,,21.56,,27.6
1998-03-16,24.2,,16.34,,27.6
1998-03-17,24.4,,17.78,,28.0
1998-03-18,24.5,,19.04,,28.2
1998-03-19,24.5,,16.52,,28.3
1998-03-20,24.5,,20.66,,28.3
1998-03-21,24.5,,25.7,,28.3
1998-03-22,24.5,,32.9,,28.3
1998-03-23,24.7,,34.52,,28.3
1998-03-24,24.8,,36.32,,28.5
1998-03-25,24.8,,38.48,,28.7
1998-03-26,24.7,,38.12,,28.8
1998-03-27,24.7,,37.22,,29.0
1998-03-28,24.6,,35.6,,29.3
1998-03-29,24.6,,24.08,,29.3
1998-03-30,24.6,,27.5,,29.3
1998-03-31,24.6,,31.1,,29.3
1998-04-01,24.6,,36.14,,29.3
1998-04-02,24.5,,38.84,,29.3
1998-04-03,24.5,,36.32,,29.3
1998-04-04,24.5,,38.12,,29.3
1998-04-05,24.8,,36.68,,29.3
1998-04-06,24.4,,35.24,,30.8
1998-04-07,24.3,,31.1,,31.4
1998-04-08,24.2,,25.52,,31.6
1998-04-09,24.3,,25.34,,31.9
1998-04-10,24.4,,32.18,,32.0
1998-04-11,24.4,,30.38,,32.1
1998-04-12,24.4,,32.72,,32.1
1998-04-13,24.4,,33.62,,32.1
1998-04-14,24.4,,34.16,,32.1
1998-04-15,24.3,,32.72,,32.2
1998-04-16,24.2,,32.0,,32.3
1998-04-17,24.2,,32.18,,32.3
1998-04-18,24.2,,30.2,,32.4
1998-04-19,24.4,,30.38,,32.5
1998-04-20,24.5,,31.28,,32.7
1998-04-21,24.5,,34.52,,32.8
1998-04-22,24.5,,38.3,,33.0
1998-04-23,24.5,,34.52,,33.0
1998-04-24,24.6,,30.02,,33.0
1998-04-25,24.5,,27.86,,33.2
1998-04-26,24.4,,27.5,,33.3
1998-04-27,24.4,,29.48,,33.3
1998-04-28,24.6,,32.72,,33.4
1998-04-29,24.6,,32.36,,33.6
1998-04-30,24.5,,35.96,,33.6
1998-05-01,24.5,,36.86,,33.7
1998-05-02,24.3,,41.18,,33.7
1998-05-03,24.1,,45.86,,33.7
1998-05-04,23.7,,47.48,,33.7
1998-05-05,23.2,,44.42,,33.8
1998-05-06,22.6,,34.16,,33.9
1998-05-07,22.1,,33.26,,33.9
1998-05-08,22.5,,38.48,,34.1
1998-05-09,22.4,,45.14,,34.6
1998-05-10,22.1,,47.3,,34.6
1998-05-11,21.4,,47.3,,34.6
1998-05-12,20.6,,49.64,,34.6
1998-05-13,19.9,,49.28,,34.6
1998-05-14,19.1,,50.72,,34.6
1998-05-15,18.4,,45.86,,34.7
1998-05-16,17.5,,43.52,,34.7
1998-05-17,16.8,,46.22,,34.7
1998-05-18,16.1,,46.22,,34.7
1998-05-19,15.4,,50.0,,34.7
1998-05-20,14.4,,44.6,,34.8
1998-05-21,13.2,,42.8,,35.0
1998-05-22,12.7,,41.18,,35.1
1998-05-23,11.6,,41.72,,35.9
1998-05-24,11.0,,38.48,,36.4
1998-05-25,10.1,,39.74,,36.7
1998-05-26,9.7,,34.7,,36.7
1998-05-27,9.1,,35.6,,37.4
1998-05-28,8.9,,36.14,,37.6
1998-05-29,8.8,,33.08,,38.0
1998-05-30,8.6,,38.12,,38.3
1998-05-31,9.1,,48.2,,38.6
1998-06-01,8.7,,50.36,,39.2
1998-06-02,7.7,,33.26,,39.2
1998-06-03,6.3,,34.52,,39.3
1998-06-04,6.9,,42.98,,39.3
1998-06-05,7.0,,46.58,,40.4
1998-06-06,6.1,,43.52,,40.6
1998-06-07,5.1,,32.0,,41.1
1998-06-08,4.5,,35.96,,41.2
1998-06-09,5.3,,46.04,,42.0
1998-06-10,5.2,,43.7,,43.1
1998-06-11,4.1,,37.04,,43.2
1998-06-12,3.0,,44.6,,43.3
1998-06-13,2.2,,50.54,,43.5
1998-06-14,0.9,,47.48,,43.5
1998-06-15,0.0,,45.5,,43.6
1998-06-16,0.0,,46.4,,43.6
1998-06-17,0.0,,41.54,,43.6
1998-06-18,0.0,,44.6,,43.6
1998-06-19,0.0,,47.12,,43.6
1998-06-20,0.0,,42.8,,43.8
1998-06-21,0.0,,48.2,,43.9
1998-06-22,0.0,,49.28,,43.9
1998-06-23,0.0,,53.6,,44.1
1998-06-24,0.0,,50.36,,44.2
1998-06-25,0.0,,51.26,,44.2
1998-06-26,0.0,,50.0,,44.3
1998-06-27,0.0,,45.5,,44.3
1998-06-28,0.0,,41.36,,44.3
1998-06-29,0.0,,50.72,,44.4
1998-06-30,0.0,,59.36,,44.4
1998-07-01,0.0,,43.52,,44.4
1998-07-02,0.0,,46.94,,44.5
1998-07-03,0.0,,52.88,,44.5
1998-07-04,0.0,,51.8,,44.6
1998-07-05,0.0,,49.1,,44.6
1998-07-06,0.0,,47.3,,44.6
1998-07-07,0.0,,,,44.6
1998-07-08,0.0,,40.1,,44.8
1998-07-09,0.0,,45.32,,45.6
1998-07-10,0.0,,54.5,,47.0
1998-07-11,0.0,,60.8,,47.0
1998-07-12,0.0,,63.86,,47.0
1998-07-13,0.0,,62.6,,47.0
1998-07-14,0.0,,64.4,,47.0
1998-07-15,0.0,,60.44,,47.0
1998-07-16,0.0,,59.54,,47.0
1998-07-17,0.0,,59.36,,47.0
1998-07-18,0.0,,60.44,,47.0
1998-07-19,0.0,,62.78,,47.0
1998-07-20,0.0,,65.48,,47.0
1998-07-21,0.0,,62.42,,47.0
1998-07-22,0.0,,61.88,,47.0
1998-07-23,0.0,,58.82,,47.0
1998-07-24,0.0,,60.8,,47.1
1998-07-25,0.0,,62.78,,47.2
1998-07-26,0.0,,63.5,,47.2
1998-07-27,0.0,,65.48,,47.2
1998-07-28,0.0,,68.0,,47.2
1998-07-29,0.0,,71.96,,47.2
1998-07-30,0.0,,69.62,,47.2
1998-07-31,0.0,,68.36,,47.2
1998-08-01,0.0,,66.92,,47.2
1998-08-02,0.0,,67.82,,47.2
1998-08-03,0.0,,68.54,,47.2
1998-08-04,0.0,,69.26,,47.2
1998-08-05,0.0,,67.64,,47.2
1998-08-06,0.0,,66.92,,47.2
1998-08-07,0.0,,68.54,,47.2
1998-08-08,0.0,,63.32,,47.2
1998-08-09,0.0,,66.38,,47.2
1998-08-10,0.0,,60.44,,47.2
1998-08-11,0.0,,60.44,,47.2
1998-08-12,0.0,,54.32,,47.2
1998-08-13,0.0,,55.04,,47.7
1998-08-14,0.0,,61.34,,47.8
1998-08-15,0.0,,64.4,,48.3
1998-08-16,0.0,,66.74,,48.3
1998-08-17,0.0,,68.72,,48.3
1998-08-18,0.0,,68.36,,48.3
1998-08-19,0.0,,64.04,,48.3
1998-08-20,0.0,,63.32,,48.3
1998-08-21,0.0,,64.58,,48.3
1998-08-22,0.0,,64.22,,48.3
1998-08-23,0.0,,66.56,,48.3
1998-08-24,0.0,,66.56,,48.3
1998-08-25,0.0,,67.46,,48.3
1998-08-26,0.0,,67.82,,48.3
1998-08-27,0.0,,66.2,,48.3
1998-08-28,0.0,,60.8,,48.3
1998-08-29,0.0,,57.92,,48.3
1998-08-30,0.0,,55.76,,48.3
1998-08-31,0.0,,58.28,,48.3
1998-09-01,0.0,,63.14,,48.3
1998-09-02,0.0,,62.6,,48.3
1998-09-03,0.0,,59.36,,48.3
1998-09-04,0.0,,54.5,,48.3
1998-09-05,0.0,,53.42,,48.3
1998-09-06,0.0,,59.0,,48.3
1998-09-07,0.0,,56.48,,48.3
1998-09-08,0.0,,58.1,,48.3
1998-09-09,0.0,,62.78,,48.3
1998-09-10,0.0,,66.92,,48.3
1998-09-11,0.0,,63.68,,48.3
1998-09-12,0.0,,64.4,,48.3
1998-09-13,0.0,,65.84,,48.3
1998-09-14,0.0,,66.02,,48.3
1998-09-15,0.0,,66.2,,48.3
1998-09-16,0.0,,68.72,,48.3
1998-09-17,0.0,,67.82,,48.3
1998-09-18,0.0,,60.44,,48.3
1998-09-19,0.0,,60.8,,48.3
1998-09-20,0.0,,59.36,,48.3
1998-09-21,0.0,,53.96,,48.6
1998-09-22,0.0,,52.34,,48.6
1998-09-23,0.0,,54.14,,48.6
1998-09-24,0.0,,54.14,,49.3
1998-09-25,0.0,,54.86,,49.4
1998-09-26,0.0,,56.84,,49.5
1998-09-27,0.0,,59.54,,49.5
1998-09-28,0.0,,61.34,,49.5
1998-09-29,0.0,,60.26,,49.5
1998-09-30,0.0,,49.28,,49.5
1998-10-01,0.0,0.0,42.26,,49.5
1998-10-02,0.0,0.0,41.0,,49.5
1998-10-03,0.0,0.0,42.98,,49.5
1998-10-04,0.0,0.0,43.88,,49.5
1998-10-05,0.0,0.0,46.94,,49.5
1998-10-06,0.0,0.0,47.48,,49.5
1998-10-07,0.0,0.0,43.34,,49.6
1998-10-08,0.0,0.0,44.96,,49.6
1998-10-09,0.0,0.0,48.2,,49.6
1998-10-10,0.0,0.0,51.8,,50.0
1998-10-11,0.0,0.0,53.06,,50.2
1998-10-12,0.0,0.0,53.24,,50.2
1998-10-13,0.0,0.0,51.8,,50.2
1998-10-14,0.0,0.0,39.56,,50.2
1998-10-15,0.0,0.0,33.26,,0.0
1998-10-16,0.0,0.0,32.18,,0.0
1998-10-17,0.0,0.0,35.24,,0.1
1998-10-18,0.0,0.0,42.44,,0.1
1998-10-19,0.0,0.0,45.86,,0.1
1998-10-20,0.0,0.0,43.34,,0.1
1998-10-21,0.0,0.0,38.66,,0.1
1998-10-22,0.0,,31.28,,0.1
1998-10-23,0.0,0.0,35.6,,0.1
1998-10-24,0.0,0.0,46.94,,0.1
1998-10-25,0.0,0.0,41.36,,0.1
1998-10-26,0.0,0.0,35.42,,0.2
1998-10-27,0.0,0.0,31.1,,0.2
1998-10-28,0.0,0.0,32.72,,0.2
1998-10-29,0.0,0.0,32.54,,0.2
1998-10-30,0.0,0.0,36.68,,0.2
1998-10-31,0.0,0.0,37.58,,0.2
1998-11-01,0.0,0.0,39.38,,0.2
1998-11-02,0.0,0.0,42.26,,0.2
1998-11-03,0.0,0.0,42.62,,0.2
1998-11-04,0.0,0.0,39.74,,0.2
1998-11-05,0.0,0.0,42.62,,0.3
1998-11-06,0.0,5.0,44.42,,0.3
1998-11-07,0.0,5.0,42.62,,0.3
1998-11-08,0.0,7.0,42.44,,0.3
1998-11-09,0.0,13.0,33.8,,0.3
1998-11-10,0.0,11.0,28.04,,0.3
1998-11-11,0.0,11.0,28.04,,0.3
1998-11-12,0.0,10.0,32.0,,0.4
1998-11-13,0.0,9.0,34.34,,0.4
1998-11-14,0.0,9.0,29.84,,0.4
1998-11-15,0.0,9.0,28.22,,0.4
1998-11-16,0.0,8.0,31.28,,0.4
1998-11-17,0.0,8.0,30.02,,0.4
1998-11-18,0.0,12.0,24.98,,0.4
1998-11-19,0.6,12.0,24.44,,0.4
1998-11-20,0.6,10.0,23.0,,1.0
1998-11-21,1.0,20.0,18.86,,1.0
1998-11-22,1.6,26.0,23.18,,1.4
1998-11-23,1.6,27.0,26.06,,2.1
1998-11-24,1.8,27.0,27.32,,2.1
1998-11-25,1.8,30.0,32.18,,2.3
1998-11-26,1.8,30.0,36.14,,2.3
1998-11-27,1.8,29.0,36.32,,2.3
1998-11-28,1.8,29.0,34.52,,2.3
1998-11-29,1.8,31.0,31.1,,2.3
1998-11-30,1.9,35.0,25.7,,2.3
1998-12-01,2.5,35.0,24.08,,2.4
1998-12-02,2.6,36.0,28.4,,3.0
1998-12-03,2.6,38.0,31.64,,3.1
1998-12-04,3.5,40.0,27.86,,3.1
1998-12-05,5.6,37.0,29.84,,4.0
1998-12-06,6.0,32.0,27.14,,6.2
1998-12-07,6.7,38.0,29.48,,6.6
1998-12-08,7.1,41.0,33.62,,7.4
1998-12-09,7.7,41.0,33.44,,7.8
1998-12-10,7.8,42.0,30.38,,8.4
1998-12-11,7.8,38.0,27.14,,8.5
1998-12-12,8.2,40.0,32.0,,8.5
1998-12-13,8.7,39.0,,,8.9
1998-12-14,9.3,39.0,31.28,,9.4
1998-12-15,9.5,39.0,27.14,,10.0
1998-12-16,10.4,38.0,16.88,,10.2
1998-12-17,10.5,38.0,14.54,,11.1
1998-12-18,10.5,37.0,15.62,,11.2
1998-12-19,10.5,37.0,17.78,,11.2
1998-12-20,10.6,34.0,18.68,,11.2
1998-12-21,10.7,36.0,11.66,,11.3
1998-12-22,11.0,35.0,17.96,,11.4
1998-12-23,11.0,35.0,25.16,,11.7
1998-12-24,11.0,34.0,30.38,,11.7
1998-12-25,11.1,44.0,32.9,,11.7
1998-12-26,11.4,52.0,26.96,,11.8
1998-12-27,11.8,52.0,24.44,,12.1
1998-12-28,11.8,66.0,28.04,,12.5
1998-12-29,11.8,79.0,28.22,,12.5
1998-12-30,11.8,76.0,14.54,,12.5
1998-12-31,11.8,72.0,3.02,,12.5
1999-01-01,11.8,73.0,-4.9,,12.5
1999-01-02,11.8,69.0,-8.14,,12.5
1999-01-03,11.8,70.0,-5.62,,12.5
1999-01-04,11.8,68.0,1.22,,12.5
1999-01-05,11.8,68.0,12.74,,12.5
1999-01-06,11.8,66.0,24.44,,12.5
1999-01-07,12.0,65.0,25.7,,12.5
1999-01-08,13.3,66.0,25.7,,12.7
1999-01-09,13.8,65.0,30.56,,14.0
1999-01-10,15.5,64.0,32.18,,14.5
1999-01-11,17.6,63.0,31.46,,16.2
1999-01-12,18.2,62.0,29.48,,18.3
1999-01-13,18.3,63.0,19.76,,18.9
1999-01-14,18.6,62.0,17.42,,19.0
1999-01-15,18.6,68.0,15.44,,19.3
1999-01-16,18.6,71.0,21.92,,19.3
1999-01-17,18.6,79.0,28.4,,19.3
1999-01-18,18.6,81.0,30.2,,19.3
1999-01-19,18.6,84.0,24.62,,19.3
1999-01-20,18.6,85.0,21.56,,19.3
1999-01-21,18.6,97.0,26.24,,19.3
1999-01-22,18.6,98.0,30.56,,19.3
1999-01-23,18.6,104.0,30.38,,19.3
1999-01-24,18.7,103.0,25.16,,19.3
1999-01-25,18.7,100.0,23.0,,19.4
1999-01-26,18.7,99.0,28.76,,19.4
1999-01-27,18.7,98.0,29.48,,19.4
1999-01-28,19.8,96.0,26.24,,19.4
1999-01-29,21.0,95.0,21.2,,20.5
1999-01-30,22.1,93.0,29.84,,21.7
1999-01-31,22.5,92.0,28.4,,22.7
1999-02-01,23.3,90.0,28.22,,23.1
1999-02-02,23.7,90.0,25.7,,23.9
1999-02-03,25.1,94.0,24.8,,24.3
1999-02-04,25.8,93.0,23.54,,25.7
1999-02-05,26.9,93.0,13.64,,26.4
1999-02-06,27.5,92.0,12.74,,27.5
1999-02-07,27.5,98.0,20.3,,28.1
1999-02-08,27.5,108.0,11.48,,28.1
1999-02-09,27.5,109.0,18.32,,28.1
1999-02-10,27.5,114.0,19.58,,28.1
1999-02-11,27.5,111.0,23.18,,28.1
1999-02-12,27.5,108.0,27.68,,28.1
1999-02-13,27.5,106.0,14.36,,28.1
1999-02-14,27.5,104.0,21.38,,28.1
1999-02-15,27.5,104.0,22.1,,28.1
1999-02-16,27.9,102.0,23.0,,28.1
1999-02-17,28.0,104.0,17.78,,28.5
1999-02-18,28.1,112.0,26.42,,28.6
1999-02-19,28.1,119.0,28.04,,28.7
1999-02-20,29.0,118.0,20.12,,28.7
1999-02-21,30.4,116.0,27.14,,29.6
1999-02-22,30.7,121.0,9.68,,31.0
1999-02-23,31.6,122.0,8.96,,31.3
1999-02-24,31.6,130.0,20.12,,32.2
1999-02-25,31.6,128.0,30.38,,32.2
1999-02-26,31.7,131.0,23.54,,32.2
1999-02-27,31.8,128.0,21.38,,32.3
1999-02-28,31.8,127.0,27.14,,32.4
1999-03-01,31.8,,24.98,,32.4
1999-03-02,32.1,128.0,21.38,,32.4
1999-03-03,33.3,126.0,21.38,,32.7
1999-03-04,34.1,124.0,19.58,,33.9
1999-03-05,34.7,124.0,23.54,,34.7
1999-03-06,34.8,124.0,22.82,,35.3
1999-03-07,35.4,122.0,30.02,,35.4
1999-03-08,35.7,120.0,33.8,,36.0
1999-03-09,37.5,121.0,27.86,,36.3
1999-03-10,38.1,121.0,21.56,,38.1
1999-03-11,38.6,125.0,27.14,,38.7
1999-03-12,38.7,123.0,33.08,,39.2
1999-03-13,38.9,123.0,,,39.3
1999-03-14,,121.0,26.96,,39.5
1999-03-15,39.9,118.0,24.44,,
1999-03-16,40.2,116.0,26.6,,40.5
1999-03-17,40.2,114.0,19.04,,40.8
1999-03-18,40.4,113.0,14.54,,40.8
1999-03-19,40.5,112.0,21.02,,41.0
1999-03-20,40.6,110.0,23.9,,41.1
1999-03-21,40.6,108.0,21.56,,41.2
1999-03-22,40.7,107.0,26.42,,41.2
1999-03-23,40.7,106.0,21.38,,41.3
1999-03-24,41.3,105.0,23.54,,41.3
1999-03-25,41.3,105.0,24.98,,41.9
1999-03-26,41.4,103.0,33.08,,41.9
1999-03-27,41.4,102.0,38.12,,42.0
1999-03-28,41.5,102.0,37.76,,42.0
1999-03-29,41.5,105.0,28.76,,42.1
1999-03-30,41.5,105.0,29.66,,42.1
1999-03-31,41.5,103.0,38.3,,42.1
1999-04-01,41.5,104.0,41.36,,42.1
1999-04-02,41.5,103.0,43.52,,42.1
1999-04-03,41.5,102.0,34.16,,42.1
1999-04-04,41.5,102.0,33.98,,42.1
1999-04-05,41.6,102.0,35.78,,42.1
1999-04-06,41.6,101.0,39.74,,42.2
1999-04-07,41.6,102.0,41.9,,42.2
1999-04-08,41.6,101.0,29.84,,42.2
1999-04-09,41.6,99.0,21.2,,42.2
1999-04-10,41.9,102.0,23.36,,42.2
1999-04-11,42.2,103.0,34.34,,42.5
1999-04-12,42.4,102.0,24.8,,42.8
1999-04-13,42.5,101.0,23.36,,43.0
1999-04-14,42.7,99.0,27.86,,43.1
1999-04-15,42.7,98.0,24.98,,43.3
1999-04-16,42.7,97.0,25.16,,43.3
1999-04-17,42.7,95.0,25.52,,43.3
1999-04-18,42.7,93.0,26.96,,43.3
1999-04-19,42.7,92.0,31.46,,43.3
1999-04-20,42.7,90.0,34.52,,43.3
1999-04-21,42.7,88.0,30.92,,43.3
1999-04-22,42.7,87.0,22.28,,43.3
1999-04-23,43.2,86.0,22.64,,43.3
1999-04-24,43.4,85.0,32.18,,43.8
1999-04-25,43.4,82.0,38.48,,44.0
1999-04-26,43.4,80.0,39.02,,44.0
1999-04-27,43.2,79.0,35.06,,44.0
1999-04-28,42.8,77.0,34.16,,44.0
1999-04-29,42.6,76.0,40.28,,44.0
1999-04-30,42.3,77.0,44.42,,44.0
1999-05-01,41.9,75.0,46.4,,44.0
1999-05-02,41.3,74.0,41.18,,44.0
1999-05-03,40.7,72.0,37.04,,44.0
1999-05-04,40.3,75.0,30.56,,44.0
1999-05-05,39.7,75.0,35.06,,44.1
1999-05-06,39.5,79.0,40.82,,44.1
1999-05-07,39.0,77.0,42.08,,44.1
1999-05-08,38.6,73.0,44.42,,44.1
1999-05-09,37.9,72.0,37.76,,44.1
1999-05-10,37.1,70.0,37.76,,44.2
1999-05-11,36.7,69.0,34.34,,44.2
1999-05-12,36.0,68.0,37.76,,44.3
1999-05-13,35.9,66.0,44.6,,44.4
1999-05-14,35.7,65.0,39.38,,44.6
1999-05-15,35.0,64.0,32.9,,44.7
1999-05-16,34.4,63.0,31.64,,44.7
1999-05-17,34.5,64.0,27.68,,44.9
1999-05-18,35.0,62.0,32.72,,45.6
1999-05-19,35.3,61.0,44.06,,46.3
1999-05-20,35.3,59.0,39.92,,46.6
1999-05-21,35.0,56.0,33.44,,46.6
1999-05-22,34.6,54.0,26.96,,46.7
1999-05-23,34.2,52.0,31.64,,46.7
1999-05-24,34.0,49.0,37.22,,46.7
1999-05-25,33.6,45.0,39.2,,46.7
1999-05-26,32.7,42.0,34.34,,46.7
1999-05-27,32.3,38.0,32.54,,46.8
1999-05-28,32.0,34.0,31.82,,46.8
1999-05-29,31.6,31.0,39.2,,46.8
1999-05-30,31.5,27.0,43.34,,46.8
1999-05-31,31.2,25.0,45.86,,46.9
1999-06-01,30.4,23.0,46.58,,46.9
1999-06-02,29.3,19.0,46.94,,47.0
1999-06-03,28.2,18.0,49.1,,47.0
1999-06-04,27.0,17.0,51.26,,47.0
1999-06-05,25.9,16.0,55.04,,47.1
1999-06-06,24.4,13.0,54.32,,47.1
1999-06-07,22.8,10.0,55.76,,47.1
1999-06-08,21.1,7.0,52.7,,47.1
1999-06-09,19.4,7.0,53.96,,47.1
1999-06-10,17.9,5.0,54.32,,47.1
1999-06-11,16.4,2.0,46.4,,47.1
1999-06-12,14.7,1.0,40.64,,47.1
1999-06-13,13.4,0.0,45.5,,47.4
1999-06-14,12.6,0.0,43.52,,47.5
1999-06-15,11.4,0.0,39.74,,47.6
1999-06-16,10.5,0.0,40.64,,47.6
1999-06-17,9.6,0.0,45.32,,48.3
1999-06-18,8.8,0.0,46.76,,48.8
1999-06-19,7.5,0.0,42.26,,49.1
1999-06-20,5.9,0.0,41.54,,49.2
1999-06-21,4.4,0.0,37.76,,49.2
1999-06-22,3.4,0.0,40.64,,49.2
1999-06-23,2.1,0.0,46.04,,49.3
1999-06-24,1.1,0.0,51.62,,49.3
1999-06-25,0.3,0.0,57.38,,49.3
1999-06-26,0.0,0.0,58.82,,49.3
1999-06-27,0.0,0.0,61.7,,49.3
1999-06-28,0.0,0.0,64.94,,49.4
1999-06-29,0.0,0.0,60.8,,49.4
1999-06-30,0.0,0.0,60.08,,49.4
1999-07-01,0.0,0.0,62.96,,49.4
1999-07-02,0.0,0.0,60.26,,49.4
1999-07-03,0.0,0.0,62.78,,49.4
1999-07-04,0.0,0.0,53.24,,49.4
1999-07-05,0.0,0.0,52.16,,49.4
1999-07-06,0.0,0.0,55.22,,49.4
1999-07-07,0.0,0.0,60.08,,49.4
1999-07-08,0.0,0.0,46.76,,49.4
1999-07-09,0.0,0.0,48.74,,49.4
1999-07-10,0.0,0.0,49.46,,49.4
1999-07-11,0.0,0.0,53.06,,49.4
1999-07-12,0.0,0.0,55.58,,49.4
1999-07-13,0.0,0.0,54.68,,49.4
1999-07-14,0.0,0.0,53.78,,49.4
1999-07-15,0.0,0.0,50.18,,49.4
1999-07-16,0.0,0.0,48.92,,49.4
1999-07-17,0.0,0.0,45.14,,49.4
1999-07-18,0.0,0.0,51.62,,49.4
1999-07-19,0.0,0.0,65.84,,49.4
1999-07-20,0.0,0.0,59.9,,49.4
1999-07-21,0.0,0.0,54.86,,49.4
1999-07-22,0.0,0.0,60.26,,49.4
1999-07-23,0.0,0.0,65.12,,49.4
1999-07-24,0.0,0.0,67.28,,49.4
1999-07-25,0.0,0.0,67.64,,49.4
1999-07-26,0.0,0.0,67.46,,49.4
1999-07-27,0.0,0.0,61.34,,49.4
1999-07-28,0.0,0.0,52.34,,49.4
1999-07-29,0.0,0.0,59.0,,49.4
1999-07-30,0.0,0.0,60.44,,49.4
1999-07-31,0.0,0.0,57.56,,49.4
1999-08-01,0.0,0.0,64.04,,49.4
1999-08-02,0.0,0.0,62.06,,49.4
1999-08-03,0.0,0.0,60.62,,49.4
1999-08-04,0.0,0.0,,,49.4
1999-08-05,0.0,0.0,66.38,,49.4
1999-08-06,0.0,0.0,57.74,,49.4
1999-08-07,0.0,0.0,56.84,,49.4
1999-08-08,0.0,0.0,63.5,,49.4
1999-08-09,0.0,0.0,69.26,,49.4
1999-08-10,0.0,0.0,70.52,,49.4
1999-08-11,0.0,0.0,69.08,,49.4
1999-08-12,0.0,0.0,63.32,,49.4
1999-08-13,0.0,0.0,62.06,,49.4
1999-08-14,0.0,0.0,62.78,,49.4
1999-08-15,0.0,0.0,68.36,,49.4
1999-08-16,0.0,0.0,63.5,,49.4
1999-08-17,0.0,0.0,64.58,,49.4
1999-08-18,0.0,0.0,60.98,,49.4
1999-08-19,0.0,0.0,62.6,,49.4
1999-08-20,0.0,0.0,58.1,,49.4
1999-08-21,0.0,0.0,59.72,,49.4
1999-08-22,0.0,0.0,64.76,,49.4
1999-08-23,0.0,0.0,60.26,,49.4
1999-08-24,0.0,0.0,53.78,,49.4
1999-08-25,0.0,0.0,56.3,,49.4
1999-08-26,0.0,0.0,54.68,,49.4
1999-08-27,0.0,0.0,52.16,,49.4
1999-08-28,0.0,0.0,49.28,,49.4
1999-08-29,0.0,0.0,56.66,,49.4
1999-08-30,0.0,0.0,62.78,,49.4
1999-08-31,0.0,0.0,64.4,,49.4
1999-09-01,0.0,0.0,65.12,,49.5
1999-09-02,0.0,0.0,66.74,,49.5
1999-09-03,0.0,0.0,64.58,,49.5
1999-09-04,0.0,0.0,63.86,,49.5
1999-09-05,0.0,0.0,63.5,,49.5
1999-09-06,0.0,0.0,63.68,,49.5
1999-09-07,0.0,0.0,62.78,,49.5
1999-09-08,0.0,0.0,66.56,,49.5
1999-09-09,0.0,0.0,65.84,,49.5
1999-09-10,0.0,0.0,55.4,,49.5
1999-09-11,0.0,0.0,59.9,,49.5
1999-09-12,0.0,0.0,56.48,,49.6
1999-09-13,0.0,0.0,41.0,,49.7
1999-09-14,0.0,0.0,45.14,,49.7
1999-09-15,0.0,0.0,43.7,,49.7
1999-09-16,0.0,0.0,44.06,,49.7
1999-09-17,0.0,0.0,47.12,,49.7
1999-09-18,0.0,0.0,53.96,,49.7
1999-09-19,0.0,0.0,51.26,,49.7
1999-09-20,0.0,0.0,46.4,,49.7
1999-09-21,0.0,0.0,52.16,,49.7
1999-09-22,0.0,0.0,58.82,,49.7
1999-09-23,0.0,0.0,55.76,,49.7
1999-09-24,0.0,0.0,51.44,,49.7
1999-09-25,0.0,0.0,50.54,,49.7
1999-09-26,0.0,0.0,54.68,,49.7
1999-09-27,0.0,0.0,56.66,,49.7
1999-09-28,0.0,0.0,55.76,,49.7
1999-09-29,0.0,0.0,56.66,,49.7
1999-09-30,0.0,0.0,59.54,,49.7
1999-10-01,0.0,0.0,57.56,,49.7
1999-10-02,0.0,0.0,53.42,,49.7
1999-10-03,0.0,0.0,54.32,,49.7
1999-10-04,0.0,0.0,56.3,,49.7
1999-10-05,0.0,0.0,56.66,,49.7
1999-10-06,0.0,0.0,56.84,,49.7
1999-10-07,0.0,0.0,51.08,,49.7
1999-10-08,0.0,0.0,45.5,,49.7
1999-10-09,0.0,0.0,32.54,,49.7
1999-10-10,0.0,0.0,31.64,,49.7
1999-10-11,0.0,0.0,33.8,,49.7
1999-10-12,0.0,0.0,43.7,,49.7
1999-10-13,0.0,0.0,50.54,,49.7
1999-10-14,0.0,0.0,43.16,,49.7
1999-10-15,0.0,0.0,41.0,,49.7
1999-10-16,0.0,0.0,42.98,,0.0
1999-10-17,0.0,0.0,49.28,,0.0
1999-10-18,0.0,0.0,51.08,,0.0
1999-10-19,0.0,0.0,41.54,,0.0
1999-10-20,0.0,0.0,38.84,,0.0
1999-10-21,0.0,0.0,46.4,,0.0
1999-10-22,0.0,0.0,45.32,,0.1
1999-10-23,0.0,0.0,47.66,,0.1
1999-10-24,0.0,0.0,52.52,,0.1
1999-10-25,0.0,0.0,48.38,,0.1
1999-10-26,0.0,0.0,48.92,,0.1
1999-10-27,0.0,0.0,42.62,,0.1
1999-10-28,0.0,0.0,28.94,,0.1
1999-10-29,0.0,0.0,27.5,,0.1
1999-10-30,0.0,0.0,35.42,,0.1
1999-10-31,0.0,0.0,39.02,,0.1
1999-11-01,0.0,0.0,38.48,,0.1
1999-11-02,0.0,0.0,42.8,,0.1
1999-11-03,0.0,0.0,45.14,,0.1
1999-11-04,0.0,0.0,45.86,,0.1
1999-11-05,0.0,0.0,48.02,,0.1
1999-11-06,0.0,0.0,45.32,,0.1
1999-11-07,0.0,0.0,45.14,,0.1
1999-11-08,0.0,0.0,46.22,,0.1
1999-11-09,0.0,0.0,38.66,,0.1
1999-11-10,0.0,0.0,35.42,,0.1
1999-11-11,0.0,0.0,29.66,,0.1
1999-11-12,0.0,0.0,34.88,,0.4
1999-11-13,0.0,0.0,35.78,,1.2
1999-11-14,0.0,0.0,30.02,,1.2
1999-11-15,0.0,0.0,36.32,,1.2
1999-11-16,0.0,0.0,39.38,,1.2
1999-11-17,0.0,0.0,40.64,,1.3
1999-11-18,0.0,0.0,42.08,,1.3
1999-11-19,0.0,4.0,45.86,,1.3
1999-11-20,0.0,3.0,47.48,,1.5
1999-11-21,0.0,3.0,40.1,,1.5
1999-11-22,0.0,6.0,35.06,,1.5
1999-11-23,0.0,7.0,40.1,,1.5
1999-11-24,0.0,8.0,44.6,,1.5
1999-11-25,0.0,7.0,44.24,,1.5
1999-11-26,0.0,12.0,42.08,,1.5
1999-11-27,0.0,13.0,42.26,,1.5
1999-11-28,0.0,11.0,39.38,,1.5
1999-11-29,0.0,10.0,40.82,,1.5
1999-11-30,0.0,10.0,32.0,,1.5
1999-12-01,0.0,9.0,24.08,,1.5
1999-12-02,0.6,7.0,29.66,,1.5
1999-12-03,0.6,13.0,27.32,,2.1
1999-12-04,0.8,22.0,21.02,,2.1
1999-12-05,1.1,20.0,15.8,,2.3
1999-12-06,1.3,19.0,17.06,,2.6
1999-12-07,1.3,18.0,25.34,,2.8
1999-12-08,1.3,25.0,33.08,,2.8
1999-12-09,1.8,23.0,33.26,,2.8
1999-12-10,3.1,22.0,29.84,,3.4
1999-12-11,2.7,29.0,30.38,,6.5
1999-12-12,2.7,28.0,36.5,,7.6
1999-12-13,2.7,30.0,36.86,,7.6
1999-12-14,2.8,33.0,24.8,,7.6
1999-12-15,2.9,39.0,22.46,,7.7
1999-12-16,3.1,38.0,14.36,,7.8
1999-12-17,4.2,41.0,14.36,,8.0
1999-12-18,4.2,40.0,22.46,,9.1
1999-12-19,4.2,41.0,25.52,,9.1
1999-12-20,4.2,39.0,21.56,,9.1
1999-12-21,5.0,38.0,17.06,,9.1
1999-12-22,5.1,36.0,22.1,,9.9
1999-12-23,5.1,35.0,21.2,,10.0
1999-12-24,5.8,36.0,22.28,,10.0
1999-12-25,5.8,34.0,30.2,,10.7
1999-12-26,6.1,35.0,20.66,,10.7
1999-12-27,6.8,34.0,18.5,,11.0
1999-12-28,7.5,35.0,25.16,,11.7
1999-12-29,7.8,34.0,30.56,,12.4
1999-12-30,8.4,34.0,28.04,,12.7
1999-12-31,8.8,33.0,27.5,,13.3
2000-01-01,9.0,33.0,20.84,,13.7
2000-01-02,9.1,33.0,24.26,,13.9
2000-01-03,9.1,35.0,24.08,,14.0
2000-01-04,9.1,47.0,21.02,,14.0
2000-01-05,9.1,46.0,23.9,,14.0
2000-01-06,9.1,54.0,25.7,,14.0
2000-01-07,9.1,51.0,27.68,,14.0
2000-01-08,9.1,49.0,28.22,,14.0
2000-01-09,9.1,48.0,28.76,,14.0
2000-01-10,9.1,51.0,26.42,,14.0
2000-01-11,9.1,56.0,22.46,,14.0
2000-01-12,9.1,68.0,21.2,,14.0
2000-01-13,9.1,79.0,25.7,,14.0
2000-01-14,9.1,74.0,22.64,,14.0
2000-01-15,9.1,72.0,16.34,,14.0
2000-01-16,9.2,69.0,12.74,,14.0
2000-01-17,9.8,72.0,24.08,,14.1
2000-01-18,10.1,70.0,18.5,,14.7
2000-01-19,11.4,69.0,13.82,,15.0
2000-01-20,11.4,70.0,23.54,,16.3
2000-01-21,11.4,68.0,23.36,,16.3
2000-01-22,11.5,67.0,23.18,,16.3
2000-01-23,12.0,66.0,23.54,,16.4
2000-01-24,12.8,66.0,27.14,,16.9
2000-01-25,15.3,69.0,16.52,,17.7
2000-01-26,17.4,69.0,24.44,,20.2
2000-01-27,17.4,70.0,30.56,,22.3
2000-01-28,17.5,70.0,31.28,,22.3
2000-01-29,17.6,69.0,28.94,,22.4
2000-01-30,18.0,67.0,21.74,,22.5
2000-01-31,18.0,67.0,29.12,,22.9
2000-02-01,18.0,66.0,29.66,,22.9
2000-02-02,18.2,66.0,31.82,,22.9
2000-02-03,18.4,66.0,24.98,,23.1
2000-02-04,18.4,66.0,21.2,,23.3
2000-02-05,18.4,65.0,20.12,,23.3
2000-02-06,18.5,64.0,28.22,,23.3
2000-02-07,18.7,66.0,30.2,,23.4
2000-02-08,18.9,66.0,21.92,,23.6
2000-02-09,19.1,65.0,11.84,,23.8
2000-02-10,19.1,64.0,11.48,,24.0
2000-02-11,19.1,63.0,11.3,,24.0
2000-02-12,19.1,62.0,16.52,,24.0
2000-02-13,19.1,66.0,22.28,,24.0
2000-02-14,19.1,75.0,27.86,,24.0
2000-02-15,19.2,78.0,31.46,,24.0
2000-02-16,19.3,87.0,29.66,,24.1
2000-02-17,19.4,81.0,32.36,,24.2
2000-02-18,19.4,82.0,30.74,,24.3
2000-02-19,19.4,81.0,31.64,,24.3
2000-02-20,19.8,80.0,32.72,,24.3
2000-02-21,19.8,79.0,37.22,,24.7
2000-02-22,19.8,78.0,33.8,,24.7
2000-02-23,19.9,76.0,31.46,,24.7
2000-02-24,19.9,77.0,30.38,,24.8
2000-02-25,20.0,88.0,28.04,,24.8
2000-02-26,20.5,85.0,24.44,,24.9
2000-02-27,21.7,84.0,31.46,,25.4
2000-02-28,22.4,90.0,24.62,,26.6
2000-02-29,24.1,92.0,25.34,,27.3
2000-03-01,24.1,91.0,21.56,,29.0
2000-03-02,24.1,90.0,17.24,,29.0
2000-03-03,24.1,88.0,19.4,,29.0
2000-03-04,24.1,87.0,31.28,,29.0
2000-03-05,24.1,86.0,36.32,,29.0
2000-03-06,24.2,85.0,32.72,,29.0
2000-03-07,24.2,83.0,30.74,,29.1
2000-03-08,24.4,81.0,23.72,,29.1
2000-03-09,25.7,82.0,18.5,,29.3
2000-03-10,25.8,81.0,26.6,,30.6
2000-03-11,25.8,85.0,31.64,,30.7
2000-03-12,26.6,84.0,29.66,,30.7
2000-03-13,27.2,87.0,29.3,,31.5
2000-03-14,27.4,86.0,26.96,,32.1
2000-03-15,27.5,84.0,27.5,,32.3
2000-03-16,27.5,84.0,29.66,,32.4
2000-03-17,27.5,83.0,34.52,,32.4
2000-03-18,27.5,86.0,38.48,,32.4
2000-03-19,27.5,85.0,33.98,,32.4
2000-03-20,27.6,87.0,25.7,,32.4
2000-03-21,27.7,89.0,26.24,,32.5
2000-03-22,27.7,88.0,27.14,,32.6
2000-03-23,27.7,86.0,26.6,,32.6
2000-03-24,28.0,85.0,28.22,,32.6
2000-03-25,28.0,85.0,24.44,,32.9
2000-03-26,28.4,84.0,30.74,,32.9
2000-03-27,28.4,84.0,32.9,,33.3
2000-03-28,28.5,82.0,25.7,,33.3
2000-03-29,28.7,81.0,27.86,,33.4
2000-03-30,28.7,82.0,23.54,,33.6
2000-03-31,29.1,81.0,27.86,,33.6
2000-04-01,29.1,81.0,25.34,,34.0
2000-04-02,29.8,80.0,23.18,,34.0
2000-04-03,30.4,79.0,28.58,,34.7
2000-04-04,30.4,77.0,37.04,,35.3
2000-04-05,30.4,75.0,29.84,,35.3
2000-04-06,30.4,73.0,26.96,,35.3
2000-04-07,30.7,72.0,36.68,,35.3
2000-04-08,30.7,72.0,38.3,,35.6
2000-04-09,30.7,71.0,39.2,,35.6
2000-04-10,30.7,70.0,27.86,,35.6
2000-04-11,30.7,69.0,25.52,,35.6
2000-04-12,30.8,68.0,31.28,,35.6
2000-04-13,30.8,65.0,35.06,,35.7
2000-04-14,30.8,64.0,39.38,,35.7
2000-04-15,30.7,64.0,42.26,,35.7
2000-04-16,30.6,63.0,41.9,,35.7
2000-04-17,30.3,62.0,45.86,,35.8
2000-04-18,30.0,61.0,37.22,,35.8
2000-04-19,29.6,59.0,34.16,,35.8
2000-04-20,29.4,58.0,35.42,,35.8
2000-04-21,29.5,56.0,41.72,,35.8
2000-04-22,29.3,53.0,36.5,,35.9
2000-04-23,29.0,52.0,41.9,,35.9
2000-04-24,28.8,51.0,44.24,,35.9
2000-04-25,28.4,50.0,45.32,,36.3
2000-04-26,27.8,48.0,37.58,,36.3
2000-04-27,27.2,48.0,37.76,,36.4
2000-04-28,27.1,47.0,37.22,,36.4
2000-04-29,26.8,44.0,37.76,,37.0
2000-04-30,26.5,42.0,42.62,,37.1
2000-05-01,26.1,40.0,43.16,,37.1
2000-05-02,25.6,38.0,42.98,,37.1
2000-05-03,24.8,36.0,41.18,,37.2
2000-05-04,24.1,33.0,44.06,,37.3
2000-05-05,23.5,30.0,39.56,,37.3
2000-05-06,22.6,29.0,34.7,,37.8
2000-05-07,22.1,27.0,34.7,,37.9
2000-05-08,21.9,27.0,35.6,,37.9
2000-05-09,21.4,25.0,41.0,,37.9
2000-05-10,21.3,26.0,49.28,,37.9
2000-05-11,20.6,25.0,40.64,,38.2
2000-05-12,19.3,24.0,36.86,,38.2
2000-05-13,18.8,25.0,44.78,,38.3
2000-05-14,18.3,25.0,50.18,,38.3
2000-05-15,17.6,23.0,46.76,,38.3
2000-05-16,16.7,21.0,48.38,,38.3
2000-05-17,15.6,19.0,42.08,,38.4
2000-05-18,14.5,17.0,38.3,,38.4
2000-05-19,13.8,13.0,37.04,,38.4
2000-05-20,13.1,10.0,37.04,,38.7
2000-05-21,12.7,7.0,38.48,,38.7
2000-05-22,12.3,3.0,37.58,,38.8
2000-05-23,11.9,0.0,31.46,,39.0
2000-05-24,11.7,0.0,29.84,,39.3
2000-05-25,11.7,0.0,35.6,,39.6
2000-05-26,11.9,0.0,42.98,,39.8
2000-05-27,11.8,0.0,45.86,,40.1
2000-05-28,11.2,0.0,49.28,,40.2
2000-05-29,10.3,0.0,47.3,,40.2
2000-05-30,9.1,0.0,49.28,,40.3
2000-05-31,8.0,0.0,50.0,,40.3
2000-06-01,6.5,0.0,49.46,,40.3
2000-06-02,4.9,0.0,51.62,,40.3
2000-06-03,3.3,0.0,57.02,,40.3
2000-06-04,1.5,0.0,56.84,,40.3
2000-06-05,0.0,0.0,52.16,,40.3
2000-06-06,0.0,0.0,53.78,,40.3
2000-06-07,0.0,0.0,52.7,,40.3
2000-06-08,0.0,0.0,48.38,,40.3
2000-06-09,0.0,0.0,51.08,,40.3
2000-06-10,0.0,0.0,51.26,,40.3
2000-06-11,0.0,0.0,46.76,,40.3
2000-06-12,0.0,0.0,43.16,,40.3
2000-06-13,0.0,0.0,35.06,,40.3
2000-06-14,0.0,0.0,46.4,,40.3
2000-06-15,0.0,0.0,57.92,,40.3
2000-06-16,0.0,0.0,59.18,,40.3
2000-06-17,0.0,0.0,62.78,,40.3
2000-06-18,0.0,0.0,62.78,,40.4
2000-06-19,0.0,0.0,59.54,,40.4
2000-06-20,0.0,0.0,62.42,,40.4
2000-06-21,0.0,0.0,48.38,,40.4
2000-06-22,0.0,0.0,45.32,,40.4
2000-06-23,0.0,0.0,47.12,,40.4
2000-06-24,0.0,0.0,44.96,,40.4
2000-06-25,0.0,0.0,44.6,,40.4
2000-06-26,0.0,0.0,48.74,,40.4
2000-06-27,0.0,0.0,57.2,,40.4
2000-06-28,0.0,0.0,52.88,,41.8
2000-06-29,0.0,0.0,49.64,,41.8
2000-06-30,0.0,0.0,53.06,,41.8
2000-07-01,0.0,0.0,58.1,,41.8
2000-07-02,0.0,0.0,47.66,,41.8
2000-07-03,0.0,0.0,51.62,,41.8
2000-07-04,0.0,0.0,58.82,,41.8
2000-07-05,0.0,0.0,60.08,,41.8
2000-07-06,0.0,0.0,58.64,,41.9
2000-07-07,0.0,0.0,58.28,,41.9
2000-07-08,0.0,0.0,58.82,,41.9
2000-07-09,0.0,0.0,59.18,,41.9
2000-07-10,0.0,0.0,60.08,,41.9
2000-07-11,0.0,0.0,62.06,,41.9
2000-07-12,0.0,0.0,62.42,,41.9
2000-07-13,0.0,0.0,64.58,,41.9
2000-07-14,0.0,0.0,62.42,,41.9
2000-07-15,0.0,0.0,58.1,,41.9
2000-07-16,0.0,0.0,49.64,,41.9
2000-07-17,0.0,0.0,49.64,,41.9
2000-07-18,0.0,0.0,54.32,,41.9
2000-07-19,0.0,0.0,50.18,,41.9
2000-07-20,0.0,0.0,57.02,,41.9
2000-07-21,0.0,0.0,60.62,,41.9
2000-07-22,0.0,0.0,57.2,,41.9
2000-07-23,0.0,0.0,58.82,,42.0
2000-07-24,0.0,0.0,63.68,,42.0
2000-07-25,0.0,0.0,69.26,,42.0
2000-07-26,0.0,0.0,68.18,,42.0
2000-07-27,0.0,0.0,65.84,,42.0
2000-07-28,0.0,0.0,61.88,,42.0
2000-07-29,0.0,0.0,66.56,,42.0
2000-07-30,0.0,0.0,60.8,,42.0
2000-07-31,0.0,0.0,58.82,,42.0
2000-08-01,0.0,0.0,61.52,,42.0
2000-08-02,0.0,0.0,63.86,,42.0
2000-08-03,0.0,0.0,67.1,,42.0
2000-08-04,0.0,0.0,70.34,,42.0
2000-08-05,0.0,0.0,64.58,,42.1
2000-08-06,0.0,0.0,62.96,,42.1
2000-08-07,0.0,0.0,65.84,,42.1
2000-08-08,0.0,0.0,64.4,,42.1
2000-08-09,0.0,0.0,66.2,,42.1
2000-08-10,0.0,0.0,68.9,,42.1
2000-08-11,0.0,0.0,71.6,,42.1
2000-08-12,0.0,0.0,73.22,,42.1
2000-08-13,0.0,0.0,72.14,,42.1
2000-08-14,0.0,0.0,72.5,,42.1
2000-08-15,0.0,0.0,69.62,,42.1
2000-08-16,0.0,0.0,66.92,,42.1
2000-08-17,0.0,0.0,64.94,,42.1
2000-08-18,0.0,0.0,63.68,,42.1
2000-08-19,0.0,0.0,64.76,,42.1
2000-08-20,0.0,0.0,65.84,,42.1
2000-08-21,0.0,0.0,67.82,,42.1
2000-08-22,0.0,0.0,70.88,,42.1
2000-08-23,0.0,0.0,69.08,,42.1
2000-08-24,0.0,0.0,58.28,,42.1
2000-08-25,0.0,0.0,62.42,,42.1
2000-08-26,0.0,0.0,62.06,,42.1
2000-08-27,0.0,0.0,62.06,,42.1
2000-08-28,0.0,0.0,62.6,,42.1
2000-08-29,0.0,0.0,62.24,,42.1
2000-08-30,0.0,0.0,63.68,,42.1
2000-08-31,0.0,0.0,61.7,,42.1
2000-09-01,0.0,0.0,56.84,,42.1
2000-09-02,0.0,0.0,52.88,,42.1
2000-09-03,0.0,0.0,54.86,,42.1
2000-09-04,0.0,0.0,60.8,,42.1
2000-09-05,0.0,0.0,63.32,,42.1
2000-09-06,0.0,0.0,63.14,,42.1
2000-09-07,0.0,0.0,64.22,,42.1
2000-09-08,0.0,0.0,62.06,,42.1
2000-09-09,0.0,0.0,59.72,,42.1
2000-09-10,0.0,0.0,56.84,,42.1
2000-09-11,0.0,0.0,60.08,,42.1
2000-09-12,0.0,0.0,57.02,,42.1
2000-09-13,0.0,0.0,51.8,,42.1
2000-09-14,0.0,0.0,46.76,,42.1
2000-09-15,0.0,0.0,38.3,,42.1
2000-09-16,0.0,0.0,38.84,,42.3
2000-09-17,0.0,0.0,49.64,,42.9
2000-09-18,0.0,0.0,43.34,,43.4
2000-09-19,0.0,0.0,43.34,,43.5
2000-09-20,0.0,0.0,47.84,,43.7
2000-09-21,0.0,0.0,50.9,,43.7
2000-09-22,0.0,0.0,41.0,,43.7
2000-09-23,0.0,0.0,45.68,,43.7
2000-09-24,0.0,0.0,49.46,,43.7
2000-09-25,0.0,0.0,55.4,,43.7
2000-09-26,0.0,0.0,59.9,,43.7
2000-09-27,0.0,0.0,63.68,,43.8
2000-09-28,0.0,0.0,62.96,,43.8
2000-09-29,0.0,0.0,60.98,,43.8
2000-09-30,0.0,0.0,59.18,,43.8
2000-10-01,0.0,0.0,57.38,,43.8
2000-10-02,0.0,0.0,52.7,,43.8
2000-10-03,0.0,0.0,46.94,,43.8
2000-10-04,0.0,0.0,45.86,,43.8
2000-10-05,0.0,0.0,34.88,,43.8
2000-10-06,0.0,0.0,33.44,,43.8
2000-10-07,0.0,0.0,38.66,,43.8
2000-10-08,0.0,0.0,43.52,,43.8
2000-10-09,0.0,0.0,46.4,,43.8
2000-10-10,0.0,0.0,50.18,,43.8
2000-10-11,0.0,0.0,55.58,,43.8
2000-10-12,0.0,0.0,51.08,,43.8
2000-10-13,0.0,1.0,51.26,,43.8
2000-10-14,0.0,3.0,48.56,,43.8
2000-10-15,0.0,5.0,42.44,,43.8
2000-10-16,0.0,3.0,38.3,,0.0
2000-10-17,0.0,3.0,38.66,,0.0
2000-10-18,0.0,3.0,36.68,,0.0
2000-10-19,0.0,3.0,40.82,,0.0
2000-10-20,0.0,2.0,45.32,,0.0
2000-10-21,0.0,2.0,47.12,,0.0
2000-10-22,0.0,1.0,52.52,,0.0
2000-10-23,0.0,2.0,39.92,,0.1
2000-10-24,0.0,1.0,33.44,,0.1
2000-10-25,0.0,1.0,32.18,,0.1
2000-10-26,0.3,3.0,33.08,,0.2
2000-10-27,1.1,2.0,35.96,,0.7
2000-10-28,1.0,1.0,35.06,,2.0
2000-10-29,0.9,0.0,39.38,,2.0
2000-10-30,0.8,0.0,43.16,,2.1
2000-10-31,0.8,2.0,44.78,,2.1
2000-11-01,0.8,3.0,42.44,,2.1
2000-11-02,0.7,3.0,43.52,,2.1
2000-11-03,0.6,3.0,30.2,,2.1
2000-11-04,0.3,2.0,27.86,,2.1
2000-11-05,0.4,3.0,33.08,,2.7
2000-11-06,0.5,6.0,37.58,,3.0
2000-11-07,0.6,6.0,37.94,,3.1
2000-11-08,0.7,6.0,40.82,,3.2
2000-11-09,0.5,5.0,35.06,,3.4
2000-11-10,0.3,10.0,35.24,,3.4
2000-11-11,0.0,13.0,31.1,,3.4
2000-11-12,0.0,10.0,31.1,,3.6
2000-11-13,0.9,10.0,30.92,,3.8
2000-11-14,0.9,12.0,26.96,,4.6
2000-11-15,0.9,11.0,24.98,,4.6
2000-11-16,0.9,13.0,27.32,,4.6
2000-11-17,0.9,12.0,28.4,,4.6
2000-11-18,0.9,12.0,25.34,,4.6
2000-11-19,1.2,12.0,20.66,,4.6
2000-11-20,1.2,12.0,21.38,,4.9
2000-11-21,1.2,12.0,23.54,,4.9
2000-11-22,1.2,11.0,21.2,,4.9
2000-11-23,1.8,11.0,18.68,,4.9
2000-11-24,2.0,11.0,14.54,,5.5
2000-11-25,2.0,10.0,13.28,,5.7
2000-11-26,2.0,10.0,15.26,,5.7
2000-11-27,2.0,12.0,19.58,,5.7
2000-11-28,2.0,14.0,15.44,,5.7
2000-11-29,2.3,21.0,13.82,,5.7
2000-11-30,2.3,20.0,13.82,,6.0
2000-12-01,2.3,27.0,17.24,,6.0
2000-12-02,2.3,26.0,21.74,,6.0
2000-12-03,2.3,25.0,23.36,,6.0
2000-12-04,2.3,25.0,27.86,,6.0
2000-12-05,2.3,24.0,26.78,,6.0
2000-12-06,2.3,23.0,26.24,,6.0
2000-12-07,2.3,23.0,25.52,,6.0
2000-12-08,2.3,23.0,25.88,,6.0
2000-12-09,2.3,22.0,28.94,,6.0
2000-12-10,2.6,22.0,24.8,,6.0
2000-12-11,2.8,23.0,15.08,,6.3
2000-12-12,3.6,24.0,27.5,,6.5
2000-12-13,3.6,23.0,24.62,,7.3
2000-12-14,4.7,22.0,20.3,,7.3
2000-12-15,4.7,31.0,22.46,,8.4
2000-12-16,4.7,40.0,26.96,,8.4
2000-12-17,4.7,40.0,26.24,,8.4
2000-12-18,4.7,38.0,27.32,,8.4
2000-12-19,4.7,40.0,26.24,,8.4
2000-12-20,4.7,38.0,26.6,,8.4
2000-12-21,4.7,36.0,23.18,,8.4
2000-12-22,4.7,36.0,26.24,,8.4
2000-12-23,4.8,35.0,16.16,,8.4
2000-12-24,5.0,47.0,9.86,,8.5
2000-12-25,5.1,46.0,14.72,,8.7
2000-12-26,5.1,49.0,19.58,,8.8
2000-12-27,5.2,48.0,25.52,,8.8
2000-12-28,5.9,46.0,18.32,,8.9
2000-12-29,7.3,45.0,17.78,,9.6
2000-12-30,7.5,45.0,20.3,,11.0
2000-12-31,7.6,43.0,12.2,,11.2
2001-01-01,7.9,43.0,21.92,,11.3
2001-01-02,7.9,42.0,17.78,,11.6
2001-01-03,7.9,42.0,26.96,,11.6
2001-01-04,7.9,41.0,27.86,,11.6
2001-01-05,8.0,40.0,29.12,,11.6
2001-01-06,9.4,40.0,25.16,,11.7
2001-01-07,9.7,40.0,16.7,,13.1
2001-01-08,10.1,39.0,21.74,,13.4
2001-01-09,10.1,39.0,26.24,,13.8
2001-01-10,10.1,39.0,21.56,,13.8
2001-01-11,10.1,39.0,23.54,,13.8
2001-01-12,10.1,42.0,24.44,,13.8
2001-01-13,10.1,43.0,23.9,,13.8
2001-01-14,10.1,47.0,21.02,,13.8
2001-01-15,10.1,50.0,22.82,,13.8
2001-01-16,10.1,50.0,27.5,,13.8
2001-01-17,10.1,48.0,32.0,,13.8
2001-01-18,10.1,47.0,30.74,,13.8
2001-01-19,10.2,45.0,23.9,,13.8
2001-01-20,10.2,45.0,21.38,,13.9
2001-01-21,10.2,49.0,29.12,,13.9
2001-01-22,10.2,48.0,27.5,,13.9
2001-01-23,10.2,47.0,24.98,,13.9
2001-01-24,10.4,46.0,28.76,,13.9
2001-01-25,10.6,46.0,24.62,,14.1
2001-01-26,10.8,45.0,21.56,,14.3
2001-01-27,11.2,46.0,19.04,,14.5
2001-01-28,11.5,47.0,10.94,,14.9
2001-01-29,11.5,46.0,10.04,,15.2
2001-01-30,11.5,46.0,12.74,,15.2
2001-01-31,11.5,46.0,21.56,,15.2
2001-02-01,11.5,46.0,21.92,,15.2
2001-02-02,11.6,46.0,15.8,,15.2
2001-02-03,11.9,46.0,28.76,,15.3
2001-02-04,11.9,49.0,25.52,,15.6
2001-02-05,11.9,49.0,25.7,,15.6
2001-02-06,11.9,48.0,31.1,,15.6
2001-02-07,11.9,47.0,22.28,,15.6
2001-02-08,12.0,48.0,17.96,,15.6
2001-02-09,12.1,48.0,17.6,,15.7
2001-02-10,12.1,48.0,16.52,,15.8
2001-02-11,12.1,48.0,17.06,,15.8
2001-02-12,12.1,48.0,14.9,,15.8
2001-02-13,12.3,50.0,20.66,,15.8
2001-02-14,12.3,48.0,23.0,,16.0
2001-02-15,12.3,47.0,25.52,,16.0
2001-02-16,12.3,47.0,26.96,,16.0
2001-02-17,12.7,47.0,31.46,,16.0
2001-02-18,12.7,47.0,26.24,,16.4
2001-02-19,13.1,46.0,18.86,,16.4
2001-02-20,13.1,46.0,15.08,,16.8
2001-02-21,13.1,46.0,7.88,,16.8
2001-02-22,13.1,51.0,15.98,,16.8
2001-02-23,13.1,51.0,19.22,,16.8
2001-02-24,13.2,53.0,20.12,,16.8
2001-02-25,13.3,53.0,20.48,,16.9
2001-02-26,13.3,51.0,17.42,,17.0
2001-02-27,13.4,49.0,13.28,,17.0
2001-02-28,13.4,51.0,23.54,,17.1
2001-03-01,13.4,51.0,26.78,,17.1
2001-03-02,13.4,,28.76,,17.1
2001-03-03,13.4,50.0,31.28,,17.1
2001-03-04,13.5,50.0,30.38,,17.1
2001-03-05,13.5,52.0,28.58,,17.2
2001-03-06,13.6,51.0,28.76,,17.2
2001-03-07,13.9,51.0,27.86,,17.3
2001-03-08,14.2,50.0,24.98,,17.7
2001-03-09,14.3,49.0,23.18,,18.0
2001-03-10,14.3,49.0,22.46,,18.1
2001-03-11,14.3,50.0,21.38,,18.1
2001-03-12,14.3,49.0,19.58,,18.1
2001-03-13,14.3,49.0,18.14,,18.1
2001-03-14,14.3,49.0,,,18.1
2001-03-15,,49.0,24.08,,18.1
2001-03-16,14.3,47.0,24.62,,
2001-03-17,14.3,49.0,19.76,,18.1
2001-03-18,14.6,49.0,32.36,,18.2
2001-03-19,14.6,50.0,35.96,,18.5
2001-03-20,14.7,49.0,35.96,,18.5
2001-03-21,14.7,49.0,36.5,,18.6
2001-03-22,14.7,47.0,35.96,,18.6
2001-03-23,14.7,46.0,32.72,,18.6
2001-03-24,15.1,44.0,32.54,,18.6
2001-03-25,15.2,44.0,29.48,,19.0
2001-03-26,15.2,42.0,31.28,,19.1
2001-03-27,15.2,41.0,33.08,,19.1
2001-03-28,15.2,44.0,26.42,,19.1
2001-03-29,15.2,43.0,26.6,,19.1
2001-03-30,15.3,45.0,28.04,,19.1
2001-03-31,15.3,46.0,29.48,,19.3
2001-04-01,15.3,44.0,34.16,,19.3
2001-04-02,15.4,43.0,38.66,,19.4
2001-04-03,15.4,43.0,39.38,,19.5
2001-04-04,15.2,42.0,37.76,,19.5
2001-04-05,15.1,44.0,38.3,,19.8
2001-04-06,15.1,44.0,41.0,,19.8
2001-04-07,15.1,44.0,41.9,,19.8
2001-04-08,15.1,43.0,34.88,,19.9
2001-04-09,15.1,43.0,30.56,,19.9
2001-04-10,15.7,48.0,29.48,,19.9
2001-04-11,15.8,46.0,34.16,,20.5
2001-04-12,15.9,46.0,34.16,,20.6
2001-04-13,16.2,46.0,33.8,,20.7
2001-04-14,16.3,53.0,32.9,,21.0
2001-04-15,16.3,53.0,35.96,,21.1
2001-04-16,16.2,53.0,25.7,,21.1
2001-04-17,16.1,51.0,22.1,,21.4
2001-04-18,16.2,48.0,27.5,,21.4
2001-04-19,16.3,46.0,30.38,,21.5
2001-04-20,16.3,42.0,31.1,,21.6
2001-04-21,16.4,43.0,28.76,,21.6
2001-04-22,16.5,42.0,22.28,,21.7
2001-04-23,17.0,43.0,24.08,,21.8
2001-04-24,17.0,43.0,26.06,,22.3
2001-04-25,17.0,41.0,28.76,,22.3
2001-04-26,16.9,42.0,27.14,,22.3
2001-04-27,17.4,39.0,27.86,,22.3
2001-04-28,17.5,37.0,27.86,,23.1
2001-04-29,17.5,34.0,35.42,,23.2
2001-04-30,17.5,32.0,44.96,,23.3
2001-05-01,17.1,31.0,46.58,,23.3
2001-05-02,16.9,29.0,43.7,,23.4
2001-05-03,16.6,29.0,36.5,,23.5
2001-05-04,16.6,28.0,32.9,,23.5
2001-05-05,16.5,26.0,33.44,,23.5
2001-05-06,16.7,25.0,35.42,,23.7
2001-05-07,16.7,22.0,38.3,,23.9
2001-05-08,16.5,20.0,44.96,,24.0
2001-05-09,16.4,19.0,49.1,,24.1
2001-05-10,16.0,16.0,48.74,,24.1
2001-05-11,15.2,14.0,47.84,,24.1
2001-05-12,14.3,12.0,40.82,,24.2
2001-05-13,13.4,10.0,37.22,,24.2
2001-05-14,13.0,7.0,40.46,,24.2
2001-05-15,12.5,2.0,31.1,,24.2
2001-05-16,12.1,1.0,32.18,,24.2
2001-05-17,11.8,0.0,40.46,,24.3
2001-05-18,11.5,0.0,46.04,,24.3
2001-05-19,10.8,0.0,41.18,,24.3
2001-05-20,9.9,0.0,38.66,,24.3
2001-05-21,9.3,0.0,47.84,,24.3
2001-05-22,8.5,0.0,51.62,,24.3
2001-05-23,7.5,0.0,48.56,,24.3
2001-05-24,6.5,0.0,47.48,,24.3
2001-05-25,5.7,0.0,53.78,,24.3
2001-05-26,4.6,0.0,60.08,,24.3
2001-05-27,3.3,0.0,53.78,,24.3
2001-05-28,1.8,0.0,48.56,,24.3
2001-05-29,0.5,0.0,41.36,,24.3
2001-05-30,0.0,0.0,42.44,,24.3
2001-05-31,0.0,0.0,45.86,,25.1
2001-06-01,0.0,0.0,48.38,,25.7
2001-06-02,0.0,0.0,49.1,,25.7
2001-06-03,0.0,0.0,43.88,,25.7
2001-06-04,0.0,0.0,47.66,,25.7
2001-06-05,0.0,0.0,57.56,,25.7
2001-06-06,0.0,0.0,62.24,,25.7
2001-06-07,0.0,0.0,66.74,,25.8
2001-06-08,0.0,0.0,64.04,,25.8
2001-06-09,0.0,0.0,59.9,,25.8
2001-06-10,0.0,0.0,59.72,,25.8
2001-06-11,0.0,0.0,55.4,,25.8
2001-06-12,0.0,0.0,46.22,,25.8
2001-06-13,0.0,0.0,50.54,,25.8
2001-06-14,0.0,0.0,56.66,,25.8
2001-06-15,0.0,0.0,62.24,,25.8
2001-06-16,0.0,0.0,49.28,,25.8
2001-06-17,0.0,0.0,32.9,,25.8
2001-06-18,0.0,0.0,35.06,,25.8
2001-06-19,0.0,0.0,41.18,,25.8
2001-06-20,0.0,0.0,45.14,,26.0
2001-06-21,0.0,0.0,55.04,,26.4
2001-06-22,0.0,0.0,59.9,,26.5
2001-06-23,0.0,0.0,56.3,,26.5
2001-06-24,0.0,0.0,55.04,,26.6
2001-06-25,0.0,0.0,47.12,,26.6
2001-06-26,0.0,0.0,38.3,,26.6
2001-06-27,0.0,0.0,41.72,,26.6
2001-06-28,0.0,0.0,47.66,,26.9
2001-06-29,0.0,0.0,49.28,,26.9
2001-06-30,0.0,0.0,55.76,,27.0
2001-07-01,0.0,0.0,54.86,,27.0
2001-07-02,0.0,0.0,48.38,,27.0
2001-07-03,0.0,0.0,53.96,,27.1
2001-07-04,0.0,0.0,59.9,,27.1
2001-07-05,0.0,0.0,65.12,,27.1
2001-07-06,0.0,0.0,66.02,,27.1
2001-07-07,0.0,0.0,63.5,,27.1
2001-07-08,0.0,0.0,57.56,,27.1
2001-07-09,0.0,0.0,50.9,,27.1
2001-07-10,0.0,0.0,57.92,,27.1
2001-07-11,0.0,0.0,55.4,,27.1
2001-07-12,0.0,0.0,56.66,,27.1
2001-07-13,0.0,0.0,62.78,,27.1
2001-07-14,0.0,0.0,64.76,,27.5
2001-07-15,0.0,0.0,65.3,,27.5
2001-07-16,0.0,0.0,67.64,,27.6
2001-07-17,0.0,0.0,72.68,,27.6
2001-07-18,0.0,0.0,73.76,,27.6
2001-07-19,0.0,0.0,66.74,,27.6
2001-07-20,0.0,0.0,64.94,,27.6
2001-07-21,0.0,0.0,58.64,,27.6
2001-07-22,0.0,0.0,62.96,,27.6
2001-07-23,0.0,0.0,59.54,,27.6
2001-07-24,0.0,0.0,59.54,,27.6
2001-07-25,0.0,0.0,60.8,,27.6
2001-07-26,0.0,0.0,60.8,,27.6
2001-07-27,0.0,0.0,64.04,,27.9
2001-07-28,0.0,0.0,61.7,,28.0
2001-07-29,0.0,0.0,57.74,,28.1
2001-07-30,0.0,0.0,51.08,,28.1
2001-07-31,0.0,0.0,52.16,,28.3
2001-08-01,0.0,0.0,55.4,,28.4
2001-08-02,0.0,0.0,54.5,,28.5
2001-08-03,0.0,0.0,59.0,,28.5
2001-08-04,0.0,0.0,57.92,,28.5
2001-08-05,0.0,0.0,57.38,,28.5
2001-08-06,0.0,0.0,60.62,,28.5
2001-08-07,0.0,0.0,61.7,,28.5
2001-08-08,0.0,0.0,63.14,,28.5
2001-08-09,0.0,0.0,62.42,,28.6
2001-08-10,0.0,0.0,64.58,,28.6
2001-08-11,0.0,0.0,59.9,,28.6
2001-08-12,0.0,0.0,57.56,,28.6
2001-08-13,0.0,0.0,46.94,,28.6
2001-08-14,0.0,0.0,49.1,,28.6
2001-08-15,0.0,0.0,58.64,,28.6
2001-08-16,0.0,0.0,66.2,,28.9
2001-08-17,0.0,0.0,66.2,,28.9
2001-08-18,0.0,0.0,62.24,,29.0
2001-08-19,0.0,0.0,63.68,,29.0
2001-08-20,0.0,0.0,69.44,,29.0
2001-08-21,0.0,0.0,71.96,,29.0
2001-08-22,0.0,0.0,70.52,,29.0
2001-08-23,0.0,0.0,63.32,,29.0
2001-08-24,0.0,0.0,66.02,,29.0
2001-08-25,0.0,0.0,66.56,,29.0
2001-08-26,0.0,0.0,66.2,,29.0
2001-08-27,0.0,0.0,67.1,,29.0
2001-08-28,0.0,0.0,65.48,,29.0
2001-08-29,0.0,0.0,71.42,,29.0
2001-08-30,0.0,0.0,66.74,,29.0
2001-08-31,0.0,0.0,69.8,,29.0
2001-09-01,0.0,0.0,66.2,,29.0
2001-09-02,0.0,0.0,60.08,,29.1
2001-09-03,0.0,0.0,60.98,,29.1
2001-09-04,0.0,0.0,61.16,,29.1
2001-09-05,0.0,0.0,61.16,,29.1
2001-09-06,0.0,0.0,57.02,,29.1
2001-09-07,0.0,0.0,56.84,,29.1
2001-09-08,0.0,0.0,60.08,,29.1
2001-09-09,0.0,0.0,67.64,,29.1
2001-09-10,0.0,0.0,68.9,,29.1
2001-09-11,0.0,0.0,64.76,,29.1
2001-09-12,0.0,0.0,63.14,,29.1
2001-09-13,0.0,0.0,65.3,,29.1
2001-09-14,0.0,0.0,64.4,,29.1
2001-09-15,0.0,0.0,63.32,,29.1
2001-09-16,0.0,0.0,63.14,,29.1
2001-09-17,0.0,0.0,63.86,,29.1
2001-09-18,0.0,0.0,63.86,,29.1
2001-09-19,0.0,0.0,53.96,,29.1
2001-09-20,0.0,0.0,40.82,,29.1
2001-09-21,0.0,0.0,44.06,,29.1
2001-09-22,0.0,0.0,44.06,,29.5
2001-09-23,0.0,0.0,50.54,,29.9
2001-09-24,0.0,0.0,57.2,,29.9
2001-09-25,0.0,0.0,60.62,,29.9
2001-09-26,0.0,0.0,60.08,,29.9
2001-09-27,0.0,0.0,51.44,,29.9
2001-09-28,0.0,0.0,52.52,,29.9
2001-09-29,0.0,0.0,54.14,,29.9
2001-09-30,0.0,0.0,51.26,,30.2
2001-10-01,0.0,0.0,52.16,,30.2
2001-10-02,0.0,0.0,53.78,,30.2
2001-10-03,0.0,0.0,51.44,,30.2
2001-10-04,0.0,0.0,51.26,,30.2
2001-10-05,0.0,0.0,53.96,,30.2
2001-10-06,0.0,0.0,53.96,,30.2
2001-10-07,0.0,0.0,59.72,,30.2
2001-10-08,0.0,0.0,61.7,,30.2
2001-10-09,0.0,0.0,50.72,,30.2
2001-10-10,0.0,0.0,47.48,,30.2
2001-10-11,0.0,0.0,55.22,,30.2
2001-10-12,0.0,0.0,53.06,,30.2
2001-10-13,0.0,0.0,48.74,,30.3
2001-10-14,0.0,1.0,53.24,,30.3
2001-10-15,0.0,1.0,56.3,,30.3
2001-10-16,0.0,1.0,53.6,,30.3
2001-10-17,0.0,0.0,51.26,,0.0
2001-10-18,0.0,0.0,47.66,,0.0
2001-10-19,0.0,0.0,43.52,,0.0
2001-10-20,0.0,0.0,46.76,,0.0
2001-10-21,0.0,0.0,48.2,,0.0
2001-10-22,0.0,0.0,39.38,,0.0
2001-10-23,0.0,0.0,30.2,,0.0
2001-10-24,0.0,0.0,34.7,,0.0
2001-10-25,0.0,0.0,31.64,,0.0
2001-10-26,0.0,1.0,30.38,,0.0
2001-10-27,0.4,1.0,37.76,,0.0
2001-10-28,0.3,1.0,38.48,,0.9
2001-10-29,0.2,0.0,37.22,,1.0
2001-10-30,0.0,0.0,47.66,,1.0
2001-10-31,0.0,1.0,39.38,,1.0
2001-11-01,0.0,0.0,33.98,,1.1
2001-11-02,0.0,0.0,39.56,,1.1
2001-11-03,0.0,0.0,39.56,,1.1
2001-11-04,0.0,0.0,39.92,,1.1
2001-11-05,0.0,0.0,36.5,,1.1
2001-11-06,0.0,0.0,30.2,,1.1
2001-11-07,0.0,0.0,25.7,,1.1
2001-11-08,0.1,0.0,30.92,,2.3
2001-11-09,0.1,0.0,38.3,,2.4
2001-11-10,0.1,0.0,44.6,,2.4
2001-11-11,0.1,0.0,40.64,,2.5
2001-11-12,0.1,0.0,42.8,,2.5
2001-11-13,0.1,0.0,41.9,,2.5
2001-11-14,0.0,0.0,35.42,,2.8
2001-11-15,0.0,0.0,35.78,,2.8
2001-11-16,0.0,0.0,36.32,,3.3
2001-11-17,0.0,0.0,35.42,,3.8
2001-11-18,0.0,0.0,39.2,,3.9
2001-11-19,0.0,0.0,40.28,,3.9
2001-11-20,0.0,1.0,37.22,,3.9
2001-11-21,0.0,1.0,29.12,,3.9
2001-11-22,0.0,1.0,29.84,,3.9
2001-11-23,0.0,0.0,35.42,,3.9
2001-11-24,0.0,8.0,35.78,,3.9
2001-11-25,0.0,17.0,37.76,,3.9
2001-11-26,0.0,18.0,41.0,,3.9
2001-11-27,0.0,22.0,36.5,,3.9
2001-11-28,0.0,23.0,35.42,,3.9
2001-11-29,0.0,23.0,37.4,,3.9
2001-11-30,0.0,21.0,40.46,,3.9
2001-12-01,0.0,36.0,35.06,,4.0
2001-12-02,0.0,41.0,31.1,,4.0
2001-12-03,0.2,40.0,31.1,,4.0
2001-12-04,0.1,43.0,36.86,,4.5
2001-12-05,0.1,48.0,32.36,,4.5
2001-12-06,0.1,48.0,30.56,,4.5
2001-12-07,1.0,52.0,23.0,,4.7
2001-12-08,2.3,55.0,20.66,,5.7
2001-12-09,2.6,61.0,23.0,,7.1
2001-12-10,3.1,58.0,19.22,,7.5
2001-12-11,3.8,55.0,11.3,,8.1
2001-12-12,3.8,52.0,16.88,,8.9
2001-12-13,3.8,51.0,24.98,,8.9
2001-12-14,5.1,48.0,17.96,,8.9
2001-12-15,6.2,49.0,23.54,,10.4
2001-12-16,6.2,69.0,26.6,,11.6
2001-12-17,6.7,69.0,24.62,,11.6
2001-12-18,7.4,65.0,16.34,,12.2
2001-12-19,7.8,65.0,19.04,,13.0
2001-12-20,8.1,67.0,25.88,,13.5
2001-12-21,8.9,72.0,20.66,,13.8
2001-12-22,10.5,69.0,22.28,,14.7
2001-12-23,10.5,69.0,21.92,,16.4
2001-12-24,10.5,66.0,15.98,,16.4
2001-12-25,10.5,65.0,14.0,,16.4
2001-12-26,10.5,63.0,18.32,,16.4
2001-12-27,10.5,62.0,24.8,,16.4
2001-12-28,10.6,61.0,22.1,,16.4
2001-12-29,12.9,62.0,11.12,,16.5
2001-12-30,13.8,60.0,22.28,,19.0
2001-12-31,13.8,61.0,22.82,,20.0
2002-01-01,14.1,59.0,20.48,,20.0
2002-01-02,14.9,58.0,26.42,,20.3
2002-01-03,15.4,59.0,26.96,,21.2
2002-01-04,15.5,58.0,17.96,,21.7
2002-01-05,15.5,57.0,14.36,,21.8
2002-01-06,15.5,61.0,12.2,,21.8
2002-01-07,15.5,59.0,13.1,,21.8
2002-01-08,15.5,60.0,14.18,,21.8
2002-01-09,15.5,62.0,18.68,,21.8
2002-01-10,15.5,60.0,19.76,,21.8
2002-01-11,15.6,59.0,25.52,,21.8
2002-01-12,15.7,59.0,21.38,,21.9
2002-01-13,15.8,58.0,25.34,,22.0
2002-01-14,15.8,58.0,27.86,,22.1
2002-01-15,15.8,58.0,25.88,,22.1
2002-01-16,15.9,57.0,30.2,,22.1
2002-01-17,15.9,57.0,25.16,,22.2
2002-01-18,16.1,57.0,15.98,,22.2
2002-01-19,16.3,59.0,23.0,,22.4
2002-01-20,16.3,61.0,30.74,,22.6
2002-01-21,16.5,60.0,33.98,,22.6
2002-01-22,17.3,64.0,33.26,,22.8
2002-01-23,17.5,75.0,24.8,,23.6
2002-01-24,17.5,86.0,22.46,,23.8
2002-01-25,17.5,93.0,30.02,,23.8
2002-01-26,17.5,91.0,29.84,,23.8
2002-01-27,17.5,87.0,18.14,,23.8
2002-01-28,17.6,86.0,19.4,,23.8
2002-01-29,17.6,93.0,14.9,,23.9
2002-01-30,17.6,88.0,11.12,,23.9
2002-01-31,17.6,85.0,15.26,,23.9
2002-02-01,17.7,82.0,11.84,,23.9
2002-02-02,17.8,84.0,17.42,,24.0
2002-02-03,17.8,84.0,20.12,,24.1
2002-02-04,18.2,82.0,24.26,,24.1
2002-02-05,19.5,81.0,15.8,,24.5
2002-02-06,21.7,80.0,15.98,,25.8
2002-02-07,22.2,79.0,22.82,,28.0
2002-02-08,22.4,78.0,27.32,,28.5
2002-02-09,22.5,77.0,26.78,,28.7
2002-02-10,22.8,86.0,13.82,,28.8
2002-02-11,23.6,84.0,3.38,,29.1
2002-02-12,23.6,80.0,3.92,,29.9
2002-02-13,23.6,80.0,10.94,,29.9
2002-02-14,23.6,79.0,17.24,,29.9
2002-02-15,23.6,78.0,20.66,,29.9
2002-02-16,23.7,78.0,19.22,,29.9
2002-02-17,23.7,77.0,16.7,,30.0
2002-02-18,23.7,76.0,15.62,,30.0
2002-02-19,23.7,75.0,18.68,,30.0
2002-02-20,23.7,73.0,25.52,,30.0
2002-02-21,23.7,74.0,30.74,,30.0
2002-02-22,23.8,81.0,20.84,,30.0
2002-02-23,24.4,79.0,15.08,,30.1
2002-02-24,24.7,78.0,21.38,,30.7
2002-02-25,24.7,77.0,23.54,,31.0
2002-02-26,24.8,83.0,17.42,,31.0
2002-02-27,24.8,83.0,23.18,,31.1
2002-02-28,24.8,82.0,19.4,,31.1
2002-03-01,24.8,81.0,20.3,,31.1
2002-03-02,24.8,81.0,29.66,,31.1
2002-03-03,24.8,,31.1,,31.1
2002-03-04,24.8,80.0,27.14,,31.1
2002-03-05,24.9,80.0,27.68,,31.1
2002-03-06,24.9,79.0,23.54,,31.2
2002-03-07,25.6,79.0,28.58,,31.2
2002-03-08,25.6,78.0,36.68,,31.9
2002-03-09,25.7,77.0,31.82,,31.9
2002-03-10,25.9,83.0,22.64,,32.0
2002-03-11,26.6,91.0,9.14,,32.1
2002-03-12,26.8,88.0,13.82,,32.7
2002-03-13,26.8,87.0,18.32,,32.9
2002-03-14,26.9,90.0,19.04,,32.9
2002-03-15,26.9,91.0,,,33.0
2002-03-16,,91.0,11.84,,33.0
2002-03-17,26.9,92.0,10.94,,
2002-03-18,26.9,91.0,15.62,,33.0
2002-03-19,26.9,90.0,25.16,,33.0
2002-03-20,26.9,92.0,30.74,,33.0
2002-03-21,26.9,94.0,32.18,,33.0
2002-03-22,27.0,93.0,23.0,,33.0
2002-03-23,27.7,97.0,11.3,,33.1
2002-03-24,28.8,94.0,21.2,,33.8
2002-03-25,28.8,91.0,28.76,,34.9
2002-03-26,28.8,89.0,31.64,,34.9
2002-03-27,29.1,90.0,30.74,,34.9
2002-03-28,29.7,91.0,22.28,,35.2
2002-03-29,30.1,89.0,18.5,,35.8
2002-03-30,30.2,88.0,17.96,,36.2
2002-03-31,30.3,88.0,18.32,,36.3
2002-04-01,30.3,86.0,17.24,,36.4
2002-04-02,30.5,86.0,17.96,,36.4
2002-04-03,30.6,85.0,25.88,,36.6
2002-04-04,30.7,83.0,34.52,,36.7
2002-04-05,31.4,82.0,38.84,,36.8
2002-04-06,31.4,81.0,41.36,,37.5
2002-04-07,31.5,80.0,33.62,,37.5
2002-04-08,31.5,79.0,32.36,,37.6
2002-04-09,31.9,77.0,31.64,,37.6
2002-04-10,32.2,76.0,33.8,,38.0
2002-04-11,32.2,75.0,32.54,,38.3
2002-04-12,32.2,73.0,32.18,,38.3
2002-04-13,32.2,73.0,34.34,,38.3
2002-04-14,32.2,71.0,37.04,,38.3
2002-04-15,32.2,71.0,39.38,,38.3
2002-04-16,32.2,69.0,38.84,,38.3
2002-04-17,32.2,68.0,33.26,,38.3
2002-04-18,32.1,67.0,37.22,,38.3
2002-04-19,32.1,67.0,40.46,,38.3
2002-04-20,32.0,67.0,43.88,,38.3
2002-04-21,31.8,68.0,40.46,,38.3
2002-04-22,31.5,68.0,35.06,,38.3
2002-04-23,31.3,67.0,37.94,,38.3
2002-04-24,31.2,66.0,37.04,,38.3
2002-04-25,30.9,65.0,35.24,,38.3
2002-04-26,30.7,63.0,37.58,,38.4
2002-04-27,30.7,62.0,40.64,,38.6
2002-04-28,30.4,61.0,40.82,,38.7
2002-04-29,29.9,59.0,38.48,,38.8
2002-04-30,29.5,58.0,30.38,,38.9
2002-05-01,29.6,56.0,28.58,,39.6
2002-05-02,29.6,55.0,30.02,,40.4
2002-05-03,29.7,54.0,27.68,,40.4
2002-05-04,29.9,53.0,33.8,,40.5
2002-05-05,30.0,51.0,34.7,,40.7
2002-05-06,30.0,49.0,35.96,,40.8
2002-05-07,29.8,47.0,40.64,,40.8
2002-05-08,29.6,45.0,32.0,,40.8
2002-05-09,28.8,44.0,32.0,,40.9
2002-05-10,28.6,44.0,40.1,,40.9
2002-05-11,28.4,41.0,40.46,,40.9
2002-05-12,27.9,44.0,37.4,,40.9
2002-05-13,27.4,43.0,37.58,,40.9
2002-05-14,27.1,41.0,41.36,,40.9
2002-05-15,26.8,39.0,38.48,,40.9
2002-05-16,25.7,37.0,44.6,,40.9
2002-05-17,25.4,34.0,42.98,,40.9
2002-05-18,24.6,29.0,38.12,,41.1
2002-05-19,23.6,28.0,39.92,,41.1
2002-05-20,22.8,26.0,39.56,,41.1
2002-05-21,22.0,23.0,38.66,,41.1
2002-05-22,21.5,19.0,28.22,,41.1
2002-05-23,21.0,16.0,28.58,,41.1
2002-05-24,20.9,13.0,35.06,,41.1
2002-05-25,20.9,15.0,39.2,,41.2
2002-05-26,20.5,14.0,42.98,,41.2
2002-05-27,20.1,14.0,46.76,,41.2
2002-05-28,19.4,12.0,49.82,,41.2
2002-05-29,18.1,9.0,45.14,,41.2
2002-05-30,16.8,6.0,42.98,,41.2
2002-05-31,15.3,1.0,44.78,,41.2
2002-06-01,14.4,0.0,49.64,,41.2
2002-06-02,13.2,0.0,54.5,,41.2
2002-06-03,12.2,0.0,57.2,,41.2
2002-06-04,10.7,0.0,41.9,,41.2
2002-06-05,8.8,0.0,34.34,,41.4
2002-06-06,7.8,0.0,35.42,,41.4
2002-06-07,7.5,0.0,38.3,,41.5
2002-06-08,7.1,0.0,43.34,,41.7
2002-06-09,6.6,0.0,49.64,,41.7
2002-06-10,5.4,0.0,51.08,,41.7
2002-06-11,4.0,0.0,55.04,,41.7
2002-06-12,2.5,0.0,53.78,,41.7
2002-06-13,1.0,0.0,57.92,,41.7
2002-06-14,0.0,0.0,60.98,,41.7
2002-06-15,0.0,0.0,60.08,,41.7
2002-06-16,0.0,0.0,53.6,,41.7
2002-06-17,0.0,0.0,49.82,,41.7
2002-06-18,0.0,0.0,51.26,,41.7
2002-06-19,0.0,0.0,53.78,,41.9
2002-06-20,0.0,0.0,56.84,,41.9
2002-06-21,0.0,0.0,52.88,,41.9
2002-06-22,0.0,0.0,49.28,,41.9
2002-06-23,0.0,0.0,34.7,,41.9
2002-06-24,0.0,0.0,32.0,,41.9
2002-06-25,0.0,0.0,38.3,,41.9
2002-06-26,0.0,0.0,46.58,,41.9
2002-06-27,0.0,0.0,52.16,,42.1
2002-06-28,0.0,0.0,58.1,,42.1
2002-06-29,0.0,0.0,64.22,,42.1
2002-06-30,0.0,0.0,63.86,,42.1
2002-07-01,0.0,0.0,65.3,,42.1
2002-07-02,0.0,0.0,55.94,,42.1
2002-07-03,0.0,0.0,46.76,,42.1
2002-07-04,0.0,0.0,47.66,,42.1
2002-07-05,0.0,0.0,57.2,,42.3
2002-07-06,0.0,0.0,60.44,,42.4
2002-07-07,0.0,0.0,54.68,,42.4
2002-07-08,0.0,0.0,59.9,,42.4
2002-07-09,0.0,0.0,65.48,,42.4
2002-07-10,0.0,0.0,67.82,,42.7
2002-07-11,0.0,0.0,69.08,,42.7
2002-07-12,0.0,0.0,67.28,,42.7
2002-07-13,0.0,0.0,63.68,,42.7
2002-07-14,0.0,0.0,60.62,,42.8
2002-07-15,0.0,0.0,59.0,,42.8
2002-07-16,0.0,0.0,57.74,,42.8
2002-07-17,0.0,0.0,62.06,,42.8
2002-07-18,0.0,0.0,66.02,,42.8
2002-07-19,0.0,0.0,60.44,,42.8
2002-07-20,0.0,0.0,61.88,,42.8
2002-07-21,0.0,0.0,68.54,,42.8
2002-07-22,0.0,0.0,68.72,,42.8
2002-07-23,0.0,0.0,59.9,,42.9
2002-07-24,0.0,0.0,63.68,,43.0
2002-07-25,0.0,0.0,71.24,,43.0
2002-07-26,0.0,0.0,75.2,,43.0
2002-07-27,0.0,0.0,77.0,,43.0
2002-07-28,0.0,0.0,77.18,,43.0
2002-07-29,0.0,0.0,70.52,,43.0
2002-07-30,0.0,0.0,69.62,,43.0
2002-07-31,0.0,0.0,68.72,,43.0
2002-08-01,0.0,0.0,70.16,,43.0
2002-08-02,0.0,0.0,64.04,,43.0
2002-08-03,0.0,0.0,63.14,,43.0
2002-08-04,0.0,0.0,62.06,,43.0
2002-08-05,0.0,0.0,64.94,,43.0
2002-08-06,0.0,0.0,65.66,,43.0
2002-08-07,0.0,0.0,68.18,,43.0
2002-08-08,0.0,0.0,68.18,,43.0
2002-08-09,0.0,0.0,64.94,,43.0
2002-08-10,0.0,0.0,60.62,,43.0
2002-08-11,0.0,0.0,59.36,,43.0
2002-08-12,0.0,0.0,59.9,,43.0
2002-08-13,0.0,0.0,63.32,,43.0
2002-08-14,0.0,0.0,65.12,,43.0
2002-08-15,0.0,0.0,59.36,,43.0
2002-08-16,0.0,0.0,61.88,,43.0
2002-08-17,0.0,0.0,62.78,,43.0
2002-08-18,0.0,0.0,61.7,,43.0
2002-08-19,0.0,0.0,61.88,,43.0
2002-08-20,0.0,0.0,55.04,,43.0
2002-08-21,0.0,0.0,54.86,,43.0
2002-08-22,0.0,0.0,52.52,,43.0
2002-08-23,0.0,0.0,50.72,,43.0
2002-08-24,0.0,0.0,55.76,,43.0
2002-08-25,0.0,0.0,61.7,,43.0
2002-08-26,0.0,0.0,62.24,,43.0
2002-08-27,0.0,0.0,61.34,,43.0
2002-08-28,0.0,0.0,64.4,,43.0
2002-08-29,0.0,0.0,65.66,,43.0
2002-08-30,0.0,0.0,64.4,,43.0
2002-08-31,0.0,0.0,61.88,,43.0
2002-09-01,0.0,0.0,60.62,,43.0
2002-09-02,0.0,0.0,58.64,,43.0
2002-09-03,0.0,0.0,60.44,,43.0
2002-09-04,0.0,0.0,57.38,,43.0
2002-09-05,0.0,0.0,49.64,,43.0
2002-09-06,0.0,0.0,51.26,,43.0
2002-09-07,0.0,0.0,52.7,,43.0
2002-09-08,0.0,0.0,54.86,,43.0
2002-09-09,0.0,0.0,57.74,,43.0
2002-09-10,0.0,0.0,55.22,,43.0
2002-09-11,0.0,0.0,52.52,,43.0
2002-09-12,0.0,0.0,55.4,,43.0
2002-09-13,0.0,0.0,57.2,,43.0
2002-09-14,0.0,0.0,53.96,,43.0
2002-09-15,0.0,0.0,59.0,,43.1
2002-09-16,0.0,0.0,57.56,,43.1
2002-09-17,0.0,0.0,59.9,,43.1
2002-09-18,0.0,0.0,64.22,,43.1
2002-09-19,0.0,0.0,59.0,,43.1
2002-09-20,0.0,0.0,58.28,,43.1
2002-09-21,0.0,0.0,50.18,,43.1
2002-09-22,0.0,0.0,41.36,,43.1
2002-09-23,0.0,0.0,44.06,,43.1
2002-09-24,0.0,0.0,48.2,,43.1
2002-09-25,0.0,0.0,53.78,,43.1
2002-09-26,0.0,0.0,58.46,,43.1
2002-09-27,0.0,0.0,61.7,,43.2
2002-09-28,0.0,0.0,60.08,,43.2
2002-09-29,0.0,0.0,60.98,,43.3
2002-09-30,0.0,0.0,63.5,,43.3
2002-10-01,0.0,0.0,54.32,,43.3
2002-10-02,0.0,0.0,43.16,,43.3
2002-10-03,0.0,0.0,43.88,,43.3
2002-10-04,0.0,0.0,49.64,,43.3
2002-10-05,0.0,0.0,49.46,,43.3
2002-10-06,0.0,0.0,46.04,,43.3
2002-10-07,0.0,0.0,50.36,,43.4
2002-10-08,0.0,0.0,53.42,,43.4
2002-10-09,0.0,0.0,53.42,,43.4
2002-10-10,0.0,0.0,51.62,,43.4
2002-10-11,0.0,0.0,48.2,,43.4
2002-10-12,0.0,0.0,45.32,,43.4
2002-10-13,0.0,0.0,43.88,,43.4
2002-10-14,0.0,0.0,41.72,,43.4
2002-10-15,0.0,0.0,32.36,,43.4
2002-10-16,0.0,0.0,32.9,,43.4
2002-10-17,0.0,0.0,37.4,,43.4
2002-10-18,0.0,0.0,40.1,,0.0
2002-10-19,0.0,0.0,42.08,,0.1
2002-10-20,0.0,0.0,43.52,,0.1
2002-10-21,0.0,0.0,44.78,,0.2
2002-10-22,0.0,0.0,46.76,,0.2
2002-10-23,0.0,0.0,43.88,,0.2
2002-10-24,0.0,0.0,43.88,,0.2
2002-10-25,0.0,0.0,43.88,,0.2
2002-10-26,0.0,0.0,29.66,,0.2
2002-10-27,0.0,0.0,32.0,,0.2
2002-10-28,0.0,0.0,39.2,,0.2
2002-10-29,0.0,0.0,42.08,,0.2
2002-10-30,0.0,0.0,45.68,,0.2
2002-10-31,0.0,0.0,45.5,,0.2
2002-11-01,0.0,0.0,44.6,,0.2
2002-11-02,0.0,0.0,44.42,,0.2
2002-11-03,0.0,0.0,44.42,,0.2
2002-11-04,0.0,1.0,42.62,,0.2
2002-11-05,0.0,2.0,42.98,,0.2
2002-11-06,0.0,2.0,39.02,,0.2
2002-11-07,0.0,2.0,34.16,,0.2
2002-11-08,0.0,1.0,31.46,,0.2
2002-11-09,0.0,1.0,31.82,,0.2
2002-11-10,0.0,1.0,32.36,,0.4
2002-11-11,0.0,1.0,32.72,,0.4
2002-11-12,0.0,8.0,32.72,,0.4
2002-11-13,0.0,19.0,26.6,,0.4
2002-11-14,0.0,19.0,16.7,,0.4
2002-11-15,0.0,18.0,11.66,,0.4
2002-11-16,0.0,18.0,14.18,,0.4
2002-11-17,0.1,17.0,17.42,,0.4
2002-11-18,0.1,16.0,21.56,,0.5
2002-11-19,0.1,16.0,24.8,,0.5
2002-11-20,0.1,16.0,30.02,,0.5
2002-11-21,0.2,16.0,34.88,,0.5
2002-11-22,0.3,15.0,37.94,,0.6
2002-11-23,0.4,15.0,32.0,,0.7
2002-11-24,0.4,14.0,29.84,,0.8
2002-11-25,1.6,14.0,28.4,,0.8
2002-11-26,2.8,14.0,27.86,,2.0
2002-11-27,3.1,14.0,29.3,,3.2
2002-11-28,3.1,14.0,30.56,,3.5
2002-11-29,3.3,14.0,27.32,,3.5
2002-11-30,3.3,14.0,25.7,,3.7
2002-12-01,3.3,14.0,32.0,,3.7
2002-12-02,3.3,14.0,29.66,,3.7
2002-12-03,3.3,14.0,26.6,,3.7
2002-12-04,3.3,14.0,33.26,,3.7
2002-12-05,3.4,14.0,35.06,,3.7
2002-12-06,3.4,14.0,38.12,,3.9
2002-12-07,3.4,13.0,37.94,,3.9
2002-12-08,3.4,13.0,35.24,,3.9
2002-12-09,3.4,14.0,25.7,,3.9
2002-12-10,3.4,14.0,24.08,,3.9
2002-12-11,3.4,14.0,27.86,,3.9
2002-12-12,3.4,14.0,28.22,,3.9
2002-12-13,3.4,14.0,32.72,,3.9
2002-12-14,3.4,16.0,32.72,,3.9
2002-12-15,3.4,22.0,33.44,,3.9
2002-12-16,3.4,21.0,32.18,,3.9
2002-12-17,3.4,24.0,28.76,,3.9
2002-12-18,3.4,22.0,28.76,,3.9
2002-12-19,3.4,22.0,30.74,,3.9
2002-12-20,3.4,32.0,30.38,,3.9
2002-12-21,3.4,30.0,26.96,,3.9
2002-12-22,3.4,28.0,24.98,,3.9
2002-12-23,3.4,26.0,25.52,,3.9
2002-12-24,3.4,29.0,28.76,,3.9
2002-12-25,3.4,36.0,27.86,,3.9
2002-12-26,3.4,35.0,27.14,,3.9
2002-12-27,3.8,34.0,28.4,,3.9
2002-12-28,4.3,35.0,31.64,,4.3
2002-12-29,4.3,32.0,33.8,,4.8
2002-12-30,4.9,39.0,30.74,,4.8
2002-12-31,5.2,43.0,30.02,,5.4
2003-01-01,5.4,41.0,21.2,,5.7
2003-01-02,6.5,47.0,19.22,,5.9
2003-01-03,6.5,56.0,17.78,,7.0
2003-01-04,6.5,62.0,23.0,,7.0
2003-01-05,6.5,59.0,24.98,,7.0
2003-01-06,6.7,57.0,22.1,,7.0
2003-01-07,7.4,55.0,19.22,,7.2
2003-01-08,7.4,53.0,15.8,,7.9
2003-01-09,7.5,53.0,14.9,,7.9
2003-01-10,7.5,52.0,22.1,,8.0
2003-01-11,7.5,52.0,31.28,,8.0
2003-01-12,8.5,51.0,32.72,,8.0
2003-01-13,9.5,50.0,24.08,,9.0
2003-01-14,9.7,49.0,23.54,,10.0
2003-01-15,10.8,50.0,28.4,,10.2
2003-01-16,12.0,51.0,24.08,,11.3
2003-01-17,13.1,50.0,29.84,,12.5
2003-01-18,13.1,49.0,32.9,,13.6
2003-01-19,13.2,49.0,33.98,,13.6
2003-01-20,13.3,49.0,26.96,,13.7
2003-01-21,13.3,48.0,24.62,,13.8
2003-01-22,13.5,48.0,29.48,,13.8
2003-01-23,13.6,47.0,28.4,,14.0
2003-01-24,13.6,47.0,25.16,,14.1
2003-01-25,13.6,47.0,26.78,,14.1
2003-01-26,13.6,53.0,29.48,,14.1
2003-01-27,13.6,52.0,31.46,,14.1
2003-01-28,13.6,51.0,34.16,,14.1
2003-01-29,14.0,51.0,32.9,,14.1
2003-01-30,14.4,50.0,23.36,,14.5
2003-01-31,14.6,46.0,22.64,,15.0
2003-02-01,14.6,47.0,24.8,,15.5
2003-02-02,14.6,50.0,27.14,,15.5
2003-02-03,14.6,52.0,30.02,,15.5
2003-02-04,14.6,50.0,29.84,,15.5
2003-02-05,14.6,49.0,30.92,,15.5
2003-02-06,14.6,50.0,31.28,,15.5
2003-02-07,14.8,52.0,32.18,,15.5
2003-02-08,15.5,52.0,29.12,,15.7
2003-02-09,15.7,51.0,32.72,,16.5
2003-02-10,15.7,51.0,35.78,,16.8
2003-02-11,15.9,51.0,32.72,,16.8
2003-02-12,16.1,51.0,23.9,,17.0
2003-02-13,15.9,51.0,27.14,,17.6
2003-02-14,15.8,50.0,34.7,,19.0
2003-02-15,16.2,50.0,37.94,,19.0
2003-02-16,17.3,50.0,32.18,,19.5
2003-02-17,16.8,53.0,24.62,,21.5
2003-02-18,16.8,54.0,21.38,,21.6
2003-02-19,16.8,54.0,16.88,,21.6
2003-02-20,16.9,63.0,15.8,,21.6
2003-02-21,16.9,64.0,15.08,,21.8
2003-02-22,16.9,66.0,14.9,,21.8
2003-02-23,16.9,65.0,16.7,,21.8
2003-02-24,16.9,66.0,20.12,,21.8
2003-02-25,16.9,69.0,23.9,,21.8
2003-02-26,16.9,68.0,23.36,,21.8
2003-02-27,16.9,68.0,28.22,,21.8
2003-02-28,16.9,67.0,32.18,,21.8
2003-03-01,17.0,67.0,31.28,,21.8
2003-03-02,17.6,66.0,30.74,,21.9
2003-03-03,18.0,65.0,29.3,,22.5
2003-03-04,18.1,,24.98,,22.9
2003-03-05,18.9,65.0,23.36,,23.0
2003-03-06,19.3,63.0,23.36,,23.8
2003-03-07,19.6,63.0,26.96,,24.2
2003-03-08,19.7,65.0,30.56,,24.5
2003-03-09,19.9,65.0,24.44,,24.6
2003-03-10,20.4,71.0,17.42,,24.8
2003-03-11,20.5,74.0,11.84,,25.3
2003-03-12,20.5,81.0,13.82,,25.4
2003-03-13,20.5,79.0,20.84,,25.4
2003-03-14,20.5,81.0,22.46,,25.4
2003-03-15,20.6,78.0,19.4,,25.4
2003-03-16,20.6,76.0,,,25.5
2003-03-17,,73.0,19.94,,25.5
2003-03-18,20.6,72.0,23.18,,
2003-03-19,20.6,70.0,24.44,,25.5
2003-03-20,20.6,74.0,20.12,,25.5
2003-03-21,20.6,71.0,24.26,,25.5
2003-03-22,20.6,70.0,26.96,,25.5
2003-03-23,21.3,70.0,28.76,,25.5
2003-03-24,21.8,69.0,31.46,,26.2
2003-03-25,23.1,69.0,30.74,,26.7
2003-03-26,23.2,69.0,34.34,,28.1
2003-03-27,23.5,68.0,35.96,,28.2
2003-03-28,24.3,68.0,39.2,,28.5
2003-03-29,24.4,68.0,42.08,,29.4
2003-03-30,24.4,75.0,38.84,,29.5
2003-03-31,24.4,80.0,36.5,,29.5
2003-04-01,24.4,79.0,30.92,,29.5
2003-04-02,24.8,78.0,30.74,,29.5
2003-04-03,25.1,76.0,32.72,,29.9
2003-04-04,25.1,75.0,32.54,,30.2
2003-04-05,25.1,72.0,32.54,,30.2
2003-04-06,25.1,70.0,32.72,,30.2
2003-04-07,25.1,75.0,35.24,,30.2
2003-04-08,25.2,77.0,26.6,,30.2
2003-04-09,26.0,74.0,26.24,,30.3
2003-04-10,26.0,73.0,30.2,,32.2
2003-04-11,26.1,76.0,28.22,,32.2
2003-04-12,26.7,75.0,23.72,,32.3
2003-04-13,27.7,73.0,25.16,,33.0
2003-04-14,27.7,72.0,31.28,,34.3
2003-04-15,27.7,70.0,39.38,,34.3
2003-04-16,27.7,68.0,44.06,,34.3
2003-04-17,27.7,67.0,33.44,,34.3
2003-04-18,27.5,69.0,28.22,,34.3
2003-04-19,27.4,69.0,23.0,,34.3
2003-04-20,27.7,68.0,27.14,,34.5
2003-04-21,28.0,69.0,25.88,,34.8
2003-04-22,28.1,68.0,25.16,,35.1
2003-04-23,28.2,68.0,28.76,,35.2
2003-04-24,28.4,66.0,38.84,,35.3
2003-04-25,28.5,64.0,43.88,,35.5
2003-04-26,28.5,63.0,46.04,,35.6
2003-04-27,28.3,61.0,44.24,,35.6
2003-04-28,27.8,60.0,42.26,,35.6
2003-04-29,27.4,60.0,34.34,,35.6
2003-04-30,27.1,60.0,32.0,,35.6
2003-05-01,27.2,64.0,31.82,,35.6
2003-05-02,27.4,62.0,34.7,,35.9
2003-05-03,27.2,61.0,34.52,,36.2
2003-05-04,27.4,60.0,32.54,,36.2
2003-05-05,27.3,62.0,36.14,,36.4
2003-05-06,27.1,61.0,41.18,,36.4
2003-05-07,26.7,59.0,42.62,,36.5
2003-05-08,26.4,58.0,40.64,,36.5
2003-05-09,25.8,59.0,38.48,,36.5
2003-05-10,25.2,60.0,37.76,,36.5
2003-05-11,24.8,60.0,32.72,,36.7
2003-05-12,24.4,59.0,27.86,,36.7
2003-05-13,24.6,57.0,31.82,,37.1
2003-05-14,25.0,57.0,35.24,,37.3
2003-05-15,25.0,55.0,33.98,,37.7
2003-05-16,24.9,56.0,33.44,,37.7
2003-05-17,24.7,54.0,35.24,,37.9
2003-05-18,24.7,52.0,39.92,,38.0
2003-05-19,24.8,49.0,35.96,,38.3
2003-05-20,24.4,46.0,32.72,,38.4
2003-05-21,24.3,43.0,30.74,,38.5
2003-05-22,24.8,41.0,32.36,,39.4
2003-05-23,24.9,39.0,34.7,,40.0
2003-05-24,24.9,37.0,35.6,,40.1
2003-05-25,24.5,33.0,38.3,,40.2
2003-05-26,24.1,30.0,39.02,,40.2
2003-05-27,23.6,26.0,37.76,,40.2
2003-05-28,23.1,21.0,36.5,,40.2
2003-05-29,23.4,18.0,42.26,,40.3
2003-05-30,23.1,15.0,49.1,,40.9
2003-05-31,22.3,12.0,47.66,,41.2
2003-06-01,21.0,7.0,37.04,,41.2
2003-06-02,19.7,2.0,33.44,,41.2
2003-06-03,19.1,0.0,29.48,,41.2
2003-06-04,18.0,0.0,36.14,,41.2
2003-06-05,17.3,0.0,44.42,,41.2
2003-06-06,16.5,0.0,49.82,,41.2
2003-06-07,15.6,0.0,53.96,,41.2
2003-06-08,14.2,0.0,58.64,,41.4
2003-06-09,12.6,0.0,58.82,,41.4
2003-06-10,10.7,0.0,55.04,,41.4
2003-06-11,8.9,0.0,53.96,,41.4
2003-06-12,7.7,0.0,59.18,,41.4
2003-06-13,5.9,0.0,66.56,,41.4
2003-06-14,3.4,0.0,66.92,,41.4
2003-06-15,1.0,0.0,54.86,,41.4
2003-06-16,0.0,0.0,52.88,,41.4
2003-06-17,0.0,0.0,52.52,,41.4
2003-06-18,0.0,0.0,52.16,,41.4
2003-06-19,0.0,0.0,52.52,,41.4
2003-06-20,0.0,0.0,53.96,,41.4
2003-06-21,0.0,0.0,57.02,,41.4
2003-06-22,0.0,0.0,58.64,,41.4
2003-06-23,0.0,0.0,57.2,,41.4
2003-06-24,0.0,0.0,60.62,,41.4
2003-06-25,0.0,0.0,58.28,,41.4
2003-06-26,0.0,0.0,56.66,,41.4
2003-06-27,0.0,0.0,53.42,,41.4
2003-06-28,0.0,0.0,57.02,,41.4
2003-06-29,0.0,0.0,55.76,,41.4
2003-06-30,0.0,0.0,57.92,,41.4
2003-07-01,0.0,0.0,60.08,,41.4
2003-07-02,0.0,0.0,62.24,,41.4
2003-07-03,0.0,0.0,64.94,,41.4
2003-07-04,0.0,0.0,64.94,,41.4
2003-07-05,0.0,0.0,57.2,,41.4
2003-07-06,0.0,0.0,47.12,,41.4
2003-07-07,0.0,0.0,40.82,,41.5
2003-07-08,0.0,0.0,40.64,,41.5
2003-07-09,0.0,0.0,44.24,,41.6
2003-07-10,0.0,0.0,49.64,,41.6
2003-07-11,0.0,0.0,51.26,,41.7
2003-07-12,0.0,0.0,57.2,,41.8
2003-07-13,0.0,0.0,60.08,,41.8
2003-07-14,0.0,0.0,62.06,,41.8
2003-07-15,0.0,0.0,66.92,,41.8
2003-07-16,0.0,0.0,63.32,,41.8
2003-07-17,0.0,0.0,60.98,,41.8
2003-07-18,0.0,0.0,59.0,,41.8
2003-07-19,0.0,0.0,59.54,,41.8
2003-07-20,0.0,0.0,59.72,,41.8
2003-07-21,0.0,0.0,60.62,,41.8
2003-07-22,0.0,0.0,60.8,,41.8
2003-07-23,0.0,0.0,64.4,,41.8
2003-07-24,0.0,0.0,57.56,,41.8
2003-07-25,0.0,0.0,63.14,,41.8
2003-07-26,0.0,0.0,69.98,,41.8
2003-07-27,0.0,0.0,69.98,,41.8
2003-07-28,0.0,0.0,70.34,,41.8
2003-07-29,0.0,0.0,63.5,,41.8
2003-07-30,0.0,0.0,63.5,,41.8
2003-07-31,0.0,0.0,68.9,,41.8
2003-08-01,0.0,0.0,70.16,,41.8
2003-08-02,0.0,0.0,70.52,,41.8
2003-08-03,0.0,0.0,73.76,,41.8
2003-08-04,0.0,0.0,75.2,,41.8
2003-08-05,0.0,0.0,74.66,,41.8
2003-08-06,0.0,0.0,72.86,,41.8
2003-08-07,0.0,0.0,75.2,,41.8
2003-08-08,0.0,0.0,77.18,,41.8
2003-08-09,0.0,0.0,69.44,,41.8
2003-08-10,0.0,0.0,63.68,,41.8
2003-08-11,0.0,0.0,58.82,,41.8
2003-08-12,0.0,0.0,63.32,,41.8
2003-08-13,0.0,0.0,69.08,,41.8
2003-08-14,0.0,0.0,71.06,,42.0
2003-08-15,0.0,0.0,72.86,,42.1
2003-08-16,0.0,0.0,71.78,,42.2
2003-08-17,0.0,0.0,71.96,,42.2
2003-08-18,0.0,0.0,62.78,,42.2
2003-08-19,0.0,0.0,59.36,,42.2
2003-08-20,0.0,0.0,61.88,,42.2
2003-08-21,0.0,0.0,65.48,,42.2
2003-08-22,0.0,0.0,64.4,,42.2
2003-08-23,0.0,0.0,64.04,,42.2
2003-08-24,0.0,0.0,64.94,,42.2
2003-08-25,0.0,0.0,67.46,,42.2
2003-08-26,0.0,0.0,68.36,,42.2
2003-08-27,0.0,0.0,67.64,,42.2
2003-08-28,0.0,0.0,67.1,,42.2
2003-08-29,0.0,0.0,68.0,,42.2
2003-08-30,0.0,0.0,71.06,,42.2
2003-08-31,0.0,0.0,73.4,,42.2
2003-09-01,0.0,0.0,64.4,,42.2
2003-09-02,0.0,0.0,61.34,,42.2
2003-09-03,0.0,0.0,64.04,,42.2
2003-09-04,0.0,0.0,69.08,,42.2
2003-09-05,0.0,0.0,68.18,,42.2
2003-09-06,0.0,0.0,62.6,,42.2
2003-09-07,0.0,0.0,55.94,,42.2
2003-09-08,0.0,0.0,55.4,,42.2
2003-09-09,0.0,0.0,60.98,,42.2
2003-09-10,0.0,0.0,63.68,,43.2
2003-09-11,0.0,0.0,61.88,,43.3
2003-09-12,0.0,0.0,57.74,,43.3
2003-09-13,0.0,0.0,60.62,,43.3
2003-09-14,0.0,0.0,58.28,,43.4
2003-09-15,0.0,0.0,57.92,,43.4
2003-09-16,0.0,0.0,59.9,,43.4
2003-09-17,0.0,0.0,61.52,,43.4
2003-09-18,0.0,0.0,63.68,,43.4
2003-09-19,0.0,0.0,65.12,,43.4
2003-09-20,0.0,0.0,63.32,,43.4
2003-09-21,0.0,0.0,62.24,,43.4
2003-09-22,0.0,0.0,59.72,,43.4
2003-09-23,0.0,0.0,59.0,,43.4
2003-09-24,0.0,0.0,41.9,,43.4
2003-09-25,0.0,0.0,40.1,,43.4
2003-09-26,0.0,0.0,43.16,,43.5
2003-09-27,0.0,0.0,49.46,,43.5
2003-09-28,0.0,0.0,46.4,,43.5
2003-09-29,0.0,0.0,43.88,,43.5
2003-09-30,0.0,0.0,48.38,,43.5
2003-10-01,0.0,0.0,50.9,,43.5
2003-10-02,0.0,0.0,44.6,,43.5
2003-10-03,0.0,0.0,36.86,,43.5
2003-10-04,0.0,0.0,40.28,,43.5
2003-10-05,0.0,0.0,48.02,,43.5
2003-10-06,0.0,0.0,49.64,,43.5
2003-10-07,0.0,0.0,51.62,,43.5
2003-10-08,0.0,0.0,53.96,,43.5
2003-10-09,0.0,0.0,55.22,,43.5
2003-10-10,0.0,0.0,55.22,,43.5
2003-10-11,0.0,0.0,57.38,,43.5
2003-10-12,0.0,0.0,60.08,,43.5
2003-10-13,0.0,0.0,59.72,,43.5
2003-10-14,0.0,0.0,59.9,,43.5
2003-10-15,0.0,0.0,59.54,,43.5
2003-10-16,0.0,0.0,59.36,,43.5
2003-10-17,0.0,0.0,59.0,,43.5
2003-10-18,0.0,0.0,55.22,,43.5
2003-10-19,0.0,0.0,53.78,,0.0
2003-10-20,0.0,0.0,55.22,,0.0
2003-10-21,0.0,0.0,56.12,,0.0
2003-10-22,0.0,0.0,56.84,,0.0
2003-10-23,0.0,0.0,52.7,,0.0
2003-10-24,0.0,0.0,52.16,,0.0
2003-10-25,0.0,0.0,43.88,,0.0
2003-10-26,0.0,0.0,32.9,,0.0
2003-10-27,0.0,0.0,39.02,,0.0
2003-10-28,0.0,0.0,37.94,,0.0
2003-10-29,0.0,0.0,35.96,,0.0
2003-10-30,0.0,0.0,38.12,,0.0
2003-10-31,0.0,0.0,35.06,,0.0
2003-11-01,0.0,0.0,40.82,,0.0
2003-11-02,0.0,0.0,50.0,,0.1
2003-11-03,0.0,0.0,54.32,,0.5
2003-11-04,0.0,0.0,51.8,,0.6
2003-11-05,0.0,0.0,53.24,,0.6
2003-11-06,0.0,0.0,54.32,,0.6
2003-11-07,0.0,0.0,55.58,,0.6
2003-11-08,0.0,2.0,43.7,,0.6
2003-11-09,0.0,2.0,36.5,,0.6
2003-11-10,0.0,2.0,38.66,,0.6
2003-11-11,0.0,2.0,47.3,,0.6
2003-11-12,0.0,2.0,49.28,,0.6
2003-11-13,0.0,1.0,46.76,,0.6
2003-11-14,0.0,2.0,31.46,,0.6
2003-11-15,0.0,4.0,20.48,,0.6
2003-11-16,0.0,9.0,18.68,,0.6
2003-11-17,0.0,9.0,17.96,,0.6
2003-11-18,0.0,8.0,23.0,,0.6
2003-11-19,0.0,8.0,23.36,,0.6
2003-11-20,0.0,10.0,14.18,,0.6
2003-11-21,0.2,22.0,14.18,,0.6
2003-11-22,0.2,22.0,19.04,,0.7
2003-11-23,0.2,20.0,23.72,,0.7
2003-11-24,0.2,20.0,31.46,,0.7
2003-11-25,0.4,21.0,32.0,,0.7
2003-11-26,0.4,20.0,31.82,,0.8
2003-11-27,0.6,20.0,30.2,,0.8
2003-11-28,0.9,20.0,23.9,,1.0
2003-11-29,1.6,24.0,25.52,,1.3
2003-11-30,1.6,32.0,25.52,,1.9
2003-12-01,1.6,33.0,30.56,,1.9
2003-12-02,1.7,30.0,29.84,,1.9
2003-12-03,1.9,28.0,27.14,,2.0
2003-12-04,3.8,30.0,31.28,,2.2
2003-12-05,4.0,28.0,36.14,,4.0
2003-12-06,4.0,27.0,20.48,,4.2
2003-12-07,4.0,27.0,15.8,,4.2
2003-12-08,4.0,26.0,7.52,,4.2
2003-12-09,4.0,25.0,15.26,,4.2
2003-12-10,4.0,24.0,19.04,,4.2
2003-12-11,4.0,27.0,16.88,,4.2
2003-12-12,4.5,28.0,21.02,,4.2
2003-12-13,5.3,29.0,17.42,,4.7
2003-12-14,5.6,28.0,27.14,,5.5
2003-12-15,5.6,28.0,31.82,,5.8
2003-12-16,5.7,28.0,33.8,,5.8
2003-12-17,6.4,33.0,34.34,,5.9
2003-12-18,6.5,45.0,33.98,,6.6
2003-12-19,6.5,49.0,32.54,,6.7
2003-12-20,6.5,46.0,29.12,,6.7
2003-12-21,6.5,44.0,36.14,,6.7
2003-12-22,6.6,44.0,34.16,,6.7
2003-12-23,6.7,43.0,27.68,,6.8
2003-12-24,7.7,42.0,22.1,,7.0
2003-12-25,7.9,42.0,19.4,,8.2
2003-12-26,7.9,41.0,25.34,,8.5
2003-12-27,8.0,41.0,23.36,,8.5
2003-12-28,8.1,39.0,24.62,,8.7
2003-12-29,8.1,52.0,30.38,,8.8
2003-12-30,8.8,54.0,24.62,,8.8
2003-12-31,10.9,53.0,17.6,,9.5
2004-01-01,11.4,51.0,19.04,,11.6
2004-01-02,11.4,66.0,24.08,,12.1
2004-01-03,11.4,80.0,24.08,,12.1
2004-01-04,11.4,76.0,29.84,,12.1
2004-01-05,11.4,80.0,30.56,,12.1
2004-01-06,11.4,86.0,27.14,,12.1
2004-01-07,11.5,90.0,21.2,,12.1
2004-01-08,11.5,95.0,28.4,,12.2
2004-01-09,11.6,96.0,29.66,,12.2
2004-01-10,11.7,91.0,23.0,,12.3
2004-01-11,13.1,87.0,16.88,,12.4
2004-01-12,13.3,89.0,10.04,,13.8
2004-01-13,13.3,87.0,18.32,,14.0
2004-01-14,13.4,84.0,23.36,,14.0
2004-01-15,15.1,81.0,15.08,,14.1
2004-01-16,17.1,80.0,22.64,,15.8
2004-01-17,17.1,78.0,24.26,,17.8
2004-01-18,18.0,77.0,16.7,,17.8
2004-01-19,19.2,76.0,13.46,,18.7
2004-01-20,19.6,75.0,13.1,,19.9
2004-01-21,20.1,74.0,0.32,,20.3
2004-01-22,20.4,73.0,14.54,,20.8
2004-01-23,20.4,71.0,25.34,,21.2
2004-01-24,20.7,71.0,29.3,,21.2
2004-01-25,21.4,70.0,30.56,,21.5
2004-01-26,21.8,69.0,31.64,,22.2
2004-01-27,21.8,69.0,29.84,,22.6
2004-01-28,21.8,70.0,29.3,,22.6
2004-01-29,21.8,79.0,30.2,,22.6
2004-01-30,21.8,78.0,29.3,,22.6
2004-01-31,21.8,80.0,25.52,,22.6
2004-02-01,21.8,79.0,23.18,,22.6
2004-02-02,21.8,86.0,22.1,,22.6
2004-02-03,21.8,91.0,22.28,,22.6
2004-02-04,21.8,91.0,23.54,,22.6
2004-02-05,21.8,89.0,21.92,,22.6
2004-02-06,21.8,90.0,16.34,,22.6
2004-02-07,21.8,89.0,15.26,,22.6
2004-02-08,21.8,88.0,24.44,,22.6
2004-02-09,21.8,88.0,23.36,,22.6
2004-02-10,21.9,86.0,16.16,,22.6
2004-02-11,22.8,86.0,18.32,,22.7
2004-02-12,22.9,88.0,24.44,,23.5
2004-02-13,23.0,87.0,28.04,,23.6
2004-02-14,23.4,86.0,30.2,,23.7
2004-02-15,24.4,85.0,25.88,,24.1
2004-02-16,25.9,83.0,15.26,,25.1
2004-02-17,26.1,83.0,15.62,,26.7
2004-02-18,26.1,81.0,20.84,,26.9
2004-02-19,26.3,82.0,25.34,,26.9
2004-02-20,26.4,87.0,25.16,,27.1
2004-02-21,26.4,91.0,20.48,,27.2
2004-02-22,26.4,89.0,21.56,,27.3
2004-02-23,26.4,88.0,23.18,,27.3
2004-02-24,26.5,87.0,21.38,,27.3
2004-02-25,26.7,86.0,18.86,,27.5
2004-02-26,26.7,86.0,18.32,,27.7
2004-02-27,26.7,85.0,14.36,,27.7
2004-02-28,26.7,84.0,13.82,,27.7
2004-02-29,26.7,89.0,19.76,,27.7
2004-03-01,26.7,92.0,22.28,,27.7
2004-03-02,26.7,94.0,22.64,,27.7
2004-03-03,26.7,93.0,25.7,,27.7
2004-03-04,27.3,92.0,33.98,,27.7
2004-03-05,28.0,91.0,32.72,,28.3
2004-03-06,28.7,90.0,26.96,,29.0
2004-03-07,28.7,90.0,21.02,,29.6
2004-03-08,28.7,91.0,20.84,,29.6
2004-03-09,28.7,95.0,25.34,,29.6
2004-03-10,28.7,97.0,30.74,,29.6
2004-03-11,28.7,96.0,28.76,,29.6
2004-03-12,28.7,94.0,31.28,,29.6
2004-03-13,29.2,92.0,29.84,,29.6
2004-03-14,29.6,90.0,28.4,,30.0
2004-03-15,30.1,89.0,30.38,,30.4
2004-03-16,30.1,88.0,24.62,,30.9
2004-03-17,30.1,87.0,24.62,,30.9
2004-03-18,30.1,86.0,24.08,,30.9
2004-03-19,30.1,85.0,20.84,,30.9
2004-03-20,30.1,84.0,24.26,,30.9
2004-03-21,30.3,84.0,22.64,,30.9
2004-03-22,30.8,82.0,23.9,,31.1
2004-03-23,31.4,81.0,32.72,,31.6
2004-03-24,31.5,80.0,38.48,,32.2
2004-03-25,31.6,79.0,38.84,,32.3
2004-03-26,31.6,77.0,35.78,,32.4
2004-03-27,31.6,76.0,35.78,,33.0
2004-03-28,31.6,75.0,37.22,,33.0
2004-03-29,31.5,74.0,36.5,,33.0
2004-03-30,31.4,75.0,36.32,,33.0
2004-03-31,31.4,75.0,34.88,,33.0
2004-04-01,31.3,82.0,35.78,,33.0
2004-04-02,31.3,80.0,38.3,,33.0
2004-04-03,31.3,77.0,42.44,,33.0
2004-04-04,31.3,75.0,38.66,,33.0
2004-04-05,31.2,74.0,41.0,,33.0
2004-04-06,31.0,74.0,45.86,,33.0
2004-04-07,30.9,72.0,46.04,,33.0
2004-04-08,30.8,71.0,44.42,,33.0
2004-04-09,30.6,69.0,39.38,,33.0
2004-04-10,30.5,67.0,38.66,,33.0
2004-04-11,30.5,65.0,27.86,,33.0
2004-04-12,30.8,62.0,28.76,,33.0
2004-04-13,31.1,61.0,31.46,,33.3
2004-04-14,31.9,60.0,40.64,,33.6
2004-04-15,31.9,58.0,47.48,,34.4
2004-04-16,32.0,57.0,40.28,,34.4
2004-04-17,32.0,55.0,33.26,,34.5
2004-04-18,32.1,54.0,42.08,,34.5
2004-04-19,32.0,52.0,44.96,,34.6
2004-04-20,31.9,53.0,45.5,,34.6
2004-04-21,31.9,51.0,44.6,,34.6
2004-04-22,31.8,51.0,42.8,,34.7
2004-04-23,31.5,50.0,44.96,,34.7
2004-04-24,31.1,50.0,43.7,,34.8
2004-04-25,30.3,51.0,39.92,,34.8
2004-04-26,29.8,52.0,38.84,,34.8
2004-04-27,29.4,50.0,41.18,,34.8
2004-04-28,29.1,49.0,45.86,,34.8
2004-04-29,28.8,47.0,44.6,,34.8
2004-04-30,28.1,45.0,38.3,,34.8
2004-05-01,27.5,43.0,34.52,,34.8
2004-05-02,27.3,40.0,37.76,,34.8
2004-05-03,27.2,40.0,36.68,,34.8
2004-05-04,26.8,37.0,36.68,,34.8
2004-05-05,26.7,36.0,36.14,,34.9
2004-05-06,26.5,33.0,34.7,,34.9
2004-05-07,26.3,31.0,34.34,,34.9
2004-05-08,26.6,28.0,41.36,,35.1
2004-05-09,26.7,25.0,44.42,,35.5
2004-05-10,26.5,22.0,42.26,,35.8
2004-05-11,26.1,20.0,45.68,,35.8
2004-05-12,25.9,17.0,51.08,,35.8
2004-05-13,24.9,15.0,52.7,,35.8
2004-05-14,23.7,12.0,35.78,,35.8
2004-05-15,22.3,12.0,41.0,,35.8
2004-05-16,21.9,15.0,48.2,,35.9
2004-05-17,21.5,10.0,51.98,,35.9
2004-05-18,20.3,11.0,55.22,,35.9
2004-05-19,18.9,8.0,55.76,,35.9
2004-05-20,17.5,5.0,57.56,,35.9
2004-05-21,16.1,5.0,55.76,,35.9
2004-05-22,14.6,3.0,54.32,,35.9
2004-05-23,13.3,2.0,54.68,,35.9
2004-05-24,12.0,1.0,50.36,,35.9
2004-05-25,10.7,0.0,47.3,,35.9
2004-05-26,9.4,0.0,41.72,,35.9
2004-05-27,8.3,0.0,35.06,,35.9
2004-05-28,7.8,0.0,35.6,,35.9
2004-05-29,7.8,0.0,38.84,,36.3
2004-05-30,7.8,0.0,45.86,,36.7
2004-05-31,7.1,0.0,44.78,,36.7
2004-06-01,5.8,0.0,40.28,,36.8
2004-06-02,5.1,0.0,45.86,,36.8
2004-06-03,3.8,0.0,40.28,,37.2
2004-06-04,2.6,0.0,44.42,,37.4
2004-06-05,2.0,0.0,46.76,,37.6
2004-06-06,0.9,0.0,43.16,,38.2
2004-06-07,0.0,0.0,43.52,,38.2
2004-06-08,0.0,0.0,38.12,,38.2
2004-06-09,0.0,0.0,40.1,,38.3
2004-06-10,0.0,0.0,44.6,,38.5
2004-06-11,0.0,0.0,44.06,,38.6
2004-06-12,0.0,0.0,47.12,,38.6
2004-06-13,0.0,0.0,39.2,,38.7
2004-06-14,0.0,0.0,35.96,,39.3
2004-06-15,0.0,0.0,42.26,,40.0
2004-06-16,0.0,0.0,48.02,,40.8
2004-06-17,0.0,0.0,53.06,,40.8
2004-06-18,0.0,0.0,57.74,,40.9
2004-06-19,0.0,0.0,64.4,,40.9
2004-06-20,0.0,0.0,64.04,,40.9
2004-06-21,0.0,0.0,62.78,,40.9
2004-06-22,0.0,0.0,50.18,,40.9
2004-06-23,0.0,0.0,49.1,,40.9
2004-06-24,0.0,0.0,49.82,,40.9
2004-06-25,0.0,0.0,50.18,,40.9
2004-06-26,0.0,0.0,43.52,,40.9
2004-06-27,0.0,0.0,45.5,,40.9
2004-06-28,0.0,0.0,49.64,,40.9
2004-06-29,0.0,0.0,53.78,,40.9
2004-06-30,0.0,0.0,52.16,,40.9
2004-07-01,0.0,0.0,51.26,,40.9
2004-07-02,0.0,0.0,53.6,,40.9
2004-07-03,0.0,0.0,55.94,,40.9
2004-07-04,0.0,0.0,53.78,,40.9
2004-07-05,0.0,0.0,53.96,,40.9
2004-07-06,0.0,0.0,55.58,,40.9
2004-07-07,0.0,0.0,58.64,,41.0
2004-07-08,0.0,0.0,62.24,,41.1
2004-07-09,0.0,0.0,66.02,,41.1
2004-07-10,0.0,0.0,66.92,,41.1
2004-07-11,0.0,0.0,65.84,,41.1
2004-07-12,0.0,0.0,63.68,,41.2
2004-07-13,0.0,0.0,62.24,,41.2
2004-07-14,0.0,0.0,60.08,,41.2
2004-07-15,0.0,0.0,60.8,,41.4
2004-07-16,0.0,0.0,59.54,,41.6
2004-07-17,0.0,0.0,61.88,,41.7
2004-07-18,0.0,0.0,61.52,,41.7
2004-07-19,0.0,0.0,60.8,,41.7
2004-07-20,0.0,0.0,60.08,,41.8
2004-07-21,0.0,0.0,60.62,,41.8
2004-07-22,0.0,0.0,61.88,,41.8
2004-07-23,0.0,0.0,57.92,,41.8
2004-07-24,0.0,0.0,53.6,,41.8
2004-07-25,0.0,0.0,59.9,,41.8
2004-07-26,0.0,0.0,62.78,,41.8
2004-07-27,0.0,0.0,60.62,,41.8
2004-07-28,0.0,0.0,66.02,,41.8
2004-07-29,0.0,0.0,69.8,,41.8
2004-07-30,0.0,0.0,71.96,,41.8
2004-07-31,0.0,0.0,71.42,,41.8
2004-08-01,0.0,0.0,71.78,,41.8
2004-08-02,0.0,0.0,70.52,,41.8
2004-08-03,0.0,0.0,60.8,,41.8
2004-08-04,0.0,0.0,63.86,,41.8
2004-08-05,0.0,0.0,61.16,,42.1
2004-08-06,0.0,0.0,64.94,,42.2
2004-08-07,0.0,0.0,65.66,,42.6
2004-08-08,0.0,0.0,65.48,,42.6
2004-08-09,0.0,0.0,67.82,,42.6
2004-08-10,0.0,0.0,67.82,,42.6
2004-08-11,0.0,0.0,65.3,,42.6
2004-08-12,0.0,0.0,66.38,,42.6
2004-08-13,0.0,0.0,64.76,,42.6
2004-08-14,0.0,0.0,65.48,,42.6
2004-08-15,0.0,0.0,66.02,,42.6
2004-08-16,0.0,0.0,68.9,,42.6
2004-08-17,0.0,0.0,71.42,,42.6
2004-08-18,0.0,0.0,66.2,,42.6
2004-08-19,0.0,0.0,61.52,,42.6
2004-08-20,0.0,0.0,64.76,,42.6
2004-08-21,0.0,0.0,64.4,,42.6
2004-08-22,0.0,0.0,61.34,,42.6
2004-08-23,0.0,0.0,57.38,,42.6
2004-08-24,0.0,0.0,60.98,,42.6
2004-08-25,0.0,0.0,65.48,,42.6
2004-08-26,0.0,0.0,70.34,,42.6
2004-08-27,0.0,0.0,67.82,,42.6
2004-08-28,0.0,0.0,69.8,,42.6
2004-08-29,0.0,0.0,71.96,,42.6
2004-08-30,0.0,0.0,69.44,,42.6
2004-08-31,0.0,0.0,65.48,,42.6
2004-09-01,0.0,0.0,64.4,,42.6
2004-09-02,0.0,0.0,56.12,,42.6
2004-09-03,0.0,0.0,59.54,,42.7
2004-09-04,0.0,0.0,61.16,,42.8
2004-09-05,0.0,0.0,62.78,,43.6
2004-09-06,0.0,0.0,62.78,,43.7
2004-09-07,0.0,0.0,53.42,,43.7
2004-09-08,0.0,0.0,45.68,,43.7
2004-09-09,0.0,0.0,47.48,,43.8
2004-09-10,0.0,0.0,46.76,,44.3
2004-09-11,0.0,0.0,43.7,,44.4
2004-09-12,0.0,0.0,48.02,,44.8
2004-09-13,0.0,0.0,53.24,,45.0
2004-09-14,0.0,0.0,57.56,,45.0
2004-09-15,0.0,0.0,60.08,,45.1
2004-09-16,0.0,0.0,64.4,,45.1
2004-09-17,0.0,0.0,62.78,,45.1
2004-09-18,0.0,0.0,48.2,,45.1
2004-09-19,0.0,0.0,48.2,,45.1
2004-09-20,0.0,0.0,50.72,,45.1
2004-09-21,0.0,0.0,51.08,,45.1
2004-09-22,0.0,0.0,51.44,,45.1
2004-09-23,0.0,0.0,55.94,,45.1
2004-09-24,0.0,0.0,57.74,,45.1
2004-09-25,0.0,0.0,56.84,,45.1
2004-09-26,0.0,0.0,57.74,,45.1
2004-09-27,0.0,0.0,60.08,,45.2
2004-09-28,0.0,0.0,47.48,,45.2
2004-09-29,0.0,0.0,40.1,,45.2
2004-09-30,0.0,0.0,39.2,,45.2
2004-10-01,0.0,0.0,44.06,,45.7
2004-10-02,0.0,0.0,45.86,,46.0
2004-10-03,0.0,0.0,52.88,,46.2
2004-10-04,0.0,,42.26,,46.4
2004-10-05,0.0,0.0,37.94,,46.4
2004-10-06,0.0,0.0,39.38,,46.5
2004-10-07,0.0,0.0,38.48,,46.5
2004-10-08,0.0,0.0,46.04,,46.5
2004-10-09,0.0,0.0,51.26,,46.5
2004-10-10,0.0,0.0,51.8,,46.5
2004-10-11,0.0,0.0,54.32,,46.6
2004-10-12,0.0,0.0,55.94,,46.7
2004-10-13,0.0,0.0,57.56,,46.7
2004-10-14,0.0,0.0,57.56,,46.7
2004-10-15,0.0,0.0,,,46.7
2004-10-16,0.0,0.0,50.18,,46.7
2004-10-17,0.0,0.0,49.46,,46.8
2004-10-18,0.0,0.0,51.44,,47.0
2004-10-19,0.0,0.0,51.8,,0.0
2004-10-20,0.0,0.0,50.72,,0.0
2004-10-21,0.0,0.0,49.1,,0.0
2004-10-22,0.0,1.0,51.44,,0.0
2004-10-23,0.0,4.0,51.98,,0.0
2004-10-24,0.0,4.0,55.58,,0.0
2004-10-25,0.0,3.0,46.22,,0.0
2004-10-26,0.0,3.0,41.72,,0.0
2004-10-27,0.0,2.0,44.42,,0.0
2004-10-28,0.0,6.0,49.64,,0.0
2004-10-29,0.0,7.0,47.66,,0.0
2004-10-30,0.0,6.0,51.26,,0.0
2004-10-31,0.0,6.0,49.28,,0.0
2004-11-01,0.0,4.0,47.12,,0.0
2004-11-02,0.0,9.0,42.8,,0.1
2004-11-03,0.0,8.0,32.72,,0.1
2004-11-04,0.3,10.0,32.54,,0.1
2004-11-05,0.7,12.0,36.14,,0.8
2004-11-06,0.9,8.0,35.06,,1.4
2004-11-07,0.6,10.0,33.98,,1.7
2004-11-08,0.6,11.0,32.18,,1.7
2004-11-09,0.7,10.0,26.24,,1.7
2004-11-10,1.2,10.0,26.24,,1.9
2004-11-11,1.2,9.0,34.88,,2.5
2004-11-12,1.2,10.0,40.82,,2.5
2004-11-13,1.2,10.0,33.8,,2.5
2004-11-14,1.1,10.0,32.36,,2.7
2004-11-15,1.7,7.0,30.56,,2.7
2004-11-16,1.7,6.0,23.18,,3.4
2004-11-17,1.9,5.0,21.74,,3.6
2004-11-18,1.9,6.0,32.0,,3.8
2004-11-19,2.0,6.0,33.8,,3.8
2004-11-20,2.1,6.0,33.08,,3.9
2004-11-21,2.4,6.0,35.06,,4.0
2004-11-22,2.4,7.0,36.5,,4.3
2004-11-23,2.4,8.0,38.66,,4.3
2004-11-24,2.4,8.0,42.08,,4.3
2004-11-25,2.5,8.0,42.08,,4.3
2004-11-26,2.5,8.0,41.18,,4.4
2004-11-27,2.5,8.0,39.2,,4.4
2004-11-28,2.5,8.0,35.24,,4.4
2004-11-29,2.5,9.0,32.72,,4.4
2004-11-30,2.5,12.0,30.38,,4.4
2004-12-01,2.5,12.0,32.36,,4.4
2004-12-02,2.5,12.0,36.68,,4.4
2004-12-03,2.5,13.0,33.08,,4.4
2004-12-04,2.5,12.0,32.72,,4.4
2004-12-05,2.5,12.0,24.44,,4.4
2004-12-06,2.5,12.0,24.26,,4.4
2004-12-07,2.5,13.0,22.46,,4.4
2004-12-08,2.5,13.0,26.78,,4.4
2004-12-09,2.5,12.0,27.5,,4.4
2004-12-10,2.5,14.0,30.74,,4.4
2004-12-11,2.5,22.0,32.9,,4.4
2004-12-12,2.7,28.0,23.36,,4.4
2004-12-13,2.9,41.0,21.02,,4.6
2004-12-14,2.9,43.0,17.6,,4.8
2004-12-15,2.9,37.0,13.1,,4.8
2004-12-16,2.9,34.0,16.16,,4.8
2004-12-17,3.0,32.0,21.92,,4.8
2004-12-18,3.0,31.0,19.58,,4.9
2004-12-19,3.0,31.0,20.84,,4.9
2004-12-20,3.0,31.0,23.54,,4.9
2004-12-21,3.1,30.0,23.18,,4.9
2004-12-22,3.1,31.0,24.44,,5.0
2004-12-23,3.3,31.0,28.04,,5.0
2004-12-24,4.0,31.0,30.56,,5.2
2004-12-25,5.3,31.0,33.44,,5.9
2004-12-26,7.6,31.0,38.12,,7.2
2004-12-27,8.7,30.0,38.66,,9.5
2004-12-28,9.1,31.0,39.38,,10.6
2004-12-29,9.1,30.0,36.32,,11.0
2004-12-30,9.1,30.0,34.34,,11.0
2004-12-31,9.1,30.0,30.02,,11.0
2005-01-01,9.1,30.0,26.42,,11.0
2005-01-02,9.1,31.0,29.48,,11.0
2005-01-03,9.1,37.0,29.12,,11.0
2005-01-04,9.1,40.0,30.02,,11.0
2005-01-05,9.1,40.0,23.0,,11.0
2005-01-06,9.1,41.0,16.7,,11.0
2005-01-07,9.1,40.0,21.38,,11.0
2005-01-08,9.1,38.0,14.36,,11.0
2005-01-09,9.1,39.0,21.56,,11.0
2005-01-10,9.1,40.0,27.68,,11.0
2005-01-11,9.2,41.0,32.36,,11.0
2005-01-12,9.2,47.0,31.82,,11.1
2005-01-13,9.2,48.0,30.92,,11.1
2005-01-14,9.2,45.0,30.2,,11.1
2005-01-15,9.3,45.0,26.78,,11.1
2005-01-16,9.7,43.0,22.28,,11.2
2005-01-17,9.8,43.0,21.38,,11.6
2005-01-18,10.0,42.0,19.76,,11.7
2005-01-19,10.1,42.0,18.86,,11.9
2005-01-20,10.1,42.0,17.24,,12.0
2005-01-21,10.1,43.0,15.62,,12.0
2005-01-22,10.1,43.0,13.82,,12.0
2005-01-23,10.1,41.0,20.12,,12.0
2005-01-24,10.2,41.0,23.36,,12.0
2005-01-25,10.7,41.0,24.62,,12.1
2005-01-26,11.0,40.0,21.38,,12.6
2005-01-27,11.1,40.0,21.02,,12.9
2005-01-28,11.1,40.0,18.68,,13.0
2005-01-29,11.1,40.0,19.76,,13.0
2005-01-30,11.1,40.0,14.9,,13.0
2005-01-31,11.1,39.0,22.1,,13.0
2005-02-01,11.1,39.0,30.74,,13.0
2005-02-02,11.2,40.0,31.28,,13.0
2005-02-03,11.4,41.0,36.5,,13.2
2005-02-04,11.4,41.0,37.76,,13.5
2005-02-05,11.4,41.0,38.12,,13.7
2005-02-06,11.5,39.0,34.16,,13.8
2005-02-07,11.6,40.0,35.06,,13.8
2005-02-08,11.6,40.0,35.6,,13.8
2005-02-09,11.6,40.0,33.8,,13.8
2005-02-10,11.6,40.0,33.8,,13.8
2005-02-11,11.6,39.0,37.04,,13.8
2005-02-12,11.6,40.0,35.78,,13.8
2005-02-13,11.6,40.0,34.52,,13.8
2005-02-14,11.6,40.0,29.3,,13.8
2005-02-15,11.7,39.0,27.5,,13.8
2005-02-16,11.8,40.0,27.68,,13.9
2005-02-17,11.8,39.0,28.22,,13.9
2005-02-18,11.8,45.0,31.82,,13.9
2005-02-19,11.8,44.0,34.34,,13.9
2005-02-20,11.9,45.0,35.6,,13.9
2005-02-21,11.9,44.0,22.64,,14.0
2005-02-22,11.9,44.0,20.12,,14.0
2005-02-23,11.9,44.0,22.64,,14.0
2005-02-24,11.9,46.0,21.92,,14.0
2005-02-25,11.8,49.0,23.36,,14.0
2005-02-26,11.8,49.0,24.26,,14.0
2005-02-27,11.8,48.0,32.54,,14.0
2005-02-28,11.8,48.0,30.74,,14.0
2005-03-01,11.8,47.0,30.38,,14.0
2005-03-02,11.9,47.0,18.32,,14.1
2005-03-03,12.5,46.0,12.02,,14.1
2005-03-04,12.5,46.0,15.44,,14.7
2005-03-05,12.5,,21.38,,14.7
2005-03-06,12.5,45.0,27.68,,14.7
2005-03-07,12.5,47.0,31.28,,14.7
2005-03-08,12.5,46.0,31.28,,14.7
2005-03-09,12.9,46.0,30.02,,14.7
2005-03-10,13.2,46.0,29.84,,15.0
2005-03-11,13.2,46.0,30.92,,15.3
2005-03-12,13.2,46.0,33.08,,15.4
2005-03-13,13.2,45.0,32.9,,15.4
2005-03-14,13.2,43.0,32.72,,15.4
2005-03-15,13.2,43.0,33.44,,15.4
2005-03-16,13.2,43.0,30.74,,15.4
2005-03-17,13.3,43.0,,,15.4
2005-03-18,,43.0,30.74,,15.4
2005-03-19,13.4,43.0,33.26,,
2005-03-20,13.4,42.0,32.9,,15.4
2005-03-21,13.4,42.0,32.36,,15.5
2005-03-22,13.4,43.0,35.24,,15.5
2005-03-23,13.4,44.0,39.38,,15.5
2005-03-24,13.4,43.0,41.36,,15.5
2005-03-25,13.4,43.0,42.08,,15.5
2005-03-26,13.4,46.0,43.88,,15.5
2005-03-27,13.4,48.0,43.7,,15.5
2005-03-28,13.4,50.0,42.98,,15.5
2005-03-29,13.4,52.0,38.66,,15.5
2005-03-30,13.4,51.0,27.68,,15.5
2005-03-31,13.3,52.0,27.5,,15.5
2005-04-01,13.3,52.0,32.18,,15.5
2005-04-02,13.3,54.0,34.7,,15.5
2005-04-03,13.3,57.0,28.22,,15.5
2005-04-04,13.4,67.0,27.86,,15.5
2005-04-05,13.4,66.0,35.6,,15.6
2005-04-06,13.4,65.0,33.8,,15.6
2005-04-07,13.6,63.0,32.36,,15.7
2005-04-08,13.9,60.0,32.18,,15.9
2005-04-09,14.4,60.0,34.16,,16.3
2005-04-10,14.8,62.0,29.48,,16.7
2005-04-11,15.2,61.0,24.98,,17.1
2005-04-12,15.2,59.0,28.76,,17.4
2005-04-13,15.2,56.0,35.6,,17.4
2005-04-14,15.5,58.0,32.54,,17.4
2005-04-15,15.8,58.0,28.76,,17.8
2005-04-16,16.8,57.0,24.8,,18.5
2005-04-17,18.1,56.0,26.6,,19.5
2005-04-18,18.2,55.0,35.78,,20.8
2005-04-19,18.4,56.0,39.92,,20.8
2005-04-20,18.3,55.0,36.5,,21.0
2005-04-21,18.1,54.0,30.38,,21.0
2005-04-22,18.4,51.0,31.82,,21.0
2005-04-23,18.8,51.0,45.32,,21.3
2005-04-24,18.9,51.0,42.98,,21.6
2005-04-25,18.5,49.0,34.52,,21.7
2005-04-26,18.7,53.0,34.16,,21.7
2005-04-27,18.9,51.0,36.14,,21.9
2005-04-28,19.0,49.0,38.84,,22.0
2005-04-29,18.8,48.0,42.08,,22.1
2005-04-30,18.6,47.0,33.08,,22.1
2005-05-01,18.4,45.0,26.96,,22.1
2005-05-02,18.5,43.0,33.8,,22.1
2005-05-03,18.5,41.0,45.32,,22.2
2005-05-04,18.4,38.0,38.12,,22.2
2005-05-05,18.1,36.0,33.44,,22.3
2005-05-06,17.9,33.0,38.48,,22.4
2005-05-07,17.8,33.0,36.5,,22.5
2005-05-08,17.6,30.0,37.22,,22.5
2005-05-09,17.9,28.0,43.52,,22.7
2005-05-10,18.1,27.0,42.98,,23.3
2005-05-11,17.6,23.0,42.8,,23.4
2005-05-12,17.3,24.0,46.76,,23.4
2005-05-13,16.8,23.0,45.86,,23.4
2005-05-14,16.2,20.0,45.86,,23.5
2005-05-15,15.6,20.0,40.46,,23.5
2005-05-16,14.9,21.0,36.86,,23.5
2005-05-17,14.6,20.0,38.3,,23.5
2005-05-18,14.1,17.0,41.72,,23.5
2005-05-19,13.7,14.0,45.86,,23.5
2005-05-20,13.4,12.0,45.5,,23.5
2005-05-21,12.7,9.0,42.44,,23.6
2005-05-22,11.8,9.0,44.78,,23.6
2005-05-23,11.4,7.0,41.72,,23.6
2005-05-24,11.1,3.0,41.36,,23.7
2005-05-25,10.5,2.0,43.88,,24.3
2005-05-26,9.9,1.0,37.4,,24.6
2005-05-27,9.2,0.0,36.32,,24.6
2005-05-28,9.4,0.0,42.62,,24.7
2005-05-29,9.3,0.0,45.86,,25.3
2005-05-30,8.7,0.0,48.56,,25.5
2005-05-31,7.7,0.0,50.18,,25.5
2005-06-01,6.8,0.0,47.12,,25.5
2005-06-02,5.8,0.0,42.44,,25.6
2005-06-03,5.3,0.0,39.92,,25.6
2005-06-04,4.6,0.0,44.78,,26.3
2005-06-05,3.8,0.0,46.58,,26.9
2005-06-06,3.1,0.0,44.78,,26.9
2005-06-07,1.9,0.0,45.32,,27.6
2005-06-08,0.9,0.0,53.96,,27.9
2005-06-09,0.0,0.0,46.22,,28.0
2005-06-10,0.0,0.0,46.22,,28.1
2005-06-11,0.0,0.0,49.64,,28.1
2005-06-12,0.0,0.0,55.4,,28.1
2005-06-13,0.0,0.0,59.18,,28.1
2005-06-14,0.0,0.0,61.34,,28.1
2005-06-15,0.0,0.0,53.6,,28.1
2005-06-16,0.0,0.0,54.32,,28.2
2005-06-17,0.0,0.0,51.44,,28.2
2005-06-18,0.0,0.0,39.38,,28.3
2005-06-19,0.0,0.0,42.08,,28.3
2005-06-20,0.0,0.0,47.3,,28.7
2005-06-21,0.0,0.0,50.9,,29.0
2005-06-22,0.0,0.0,46.4,,29.1
2005-06-23,0.0,0.0,40.82,,29.2
2005-06-24,0.0,0.0,37.4,,29.2
2005-06-25,0.0,0.0,38.3,,29.2
2005-06-26,0.0,0.0,44.96,,29.2
2005-06-27,0.0,0.0,46.58,,29.4
2005-06-28,0.0,0.0,46.22,,29.4
2005-06-29,0.0,0.0,42.08,,29.4
2005-06-30,0.0,0.0,48.92,,29.5
2005-07-01,0.0,0.0,58.82,,29.7
2005-07-02,0.0,0.0,58.28,,29.7
2005-07-03,0.0,0.0,58.46,,29.9
2005-07-04,0.0,0.0,45.86,,29.9
2005-07-05,0.0,0.0,45.5,,29.9
2005-07-06,0.0,0.0,53.96,,29.9
2005-07-07,0.0,0.0,64.22,,30.4
2005-07-08,0.0,0.0,67.46,,30.4
2005-07-09,0.0,0.0,63.14,,30.6
2005-07-10,0.0,0.0,59.9,,30.6
2005-07-11,0.0,0.0,62.6,,30.8
2005-07-12,0.0,0.0,59.9,,30.8
2005-07-13,0.0,0.0,53.42,,30.8
2005-07-14,0.0,0.0,48.38,,30.9
2005-07-15,0.0,0.0,49.82,,30.9
2005-07-16,0.0,0.0,53.42,,30.9
2005-07-17,0.0,0.0,59.18,,31.4
2005-07-18,0.0,0.0,63.5,,31.5
2005-07-19,0.0,0.0,57.74,,31.5
2005-07-20,0.0,0.0,55.58,,31.5
2005-07-21,0.0,0.0,59.54,,31.5
2005-07-22,0.0,0.0,63.32,,31.5
2005-07-23,0.0,0.0,66.2,,31.5
2005-07-24,0.0,0.0,66.38,,31.5
2005-07-25,0.0,0.0,68.54,,31.5
2005-07-26,0.0,0.0,54.68,,31.5
2005-07-27,0.0,0.0,54.14,,31.5
2005-07-28,0.0,0.0,61.52,,31.5
2005-07-29,0.0,0.0,71.06,,31.5
2005-07-30,0.0,0.0,70.16,,31.5
2005-07-31,0.0,0.0,64.76,,31.6
2005-08-01,0.0,0.0,71.6,,31.6
2005-08-02,0.0,0.0,67.82,,31.6
2005-08-03,0.0,0.0,61.52,,31.6
2005-08-04,0.0,0.0,65.48,,31.6
2005-08-05,0.0,0.0,68.9,,31.6
2005-08-06,0.0,0.0,69.08,,31.6
2005-08-07,0.0,0.0,71.78,,31.6
2005-08-08,0.0,0.0,73.76,,31.6
2005-08-09,0.0,0.0,64.94,,31.6
2005-08-10,0.0,0.0,66.38,,31.6
2005-08-11,0.0,0.0,61.7,,31.6
2005-08-12,0.0,0.0,60.44,,31.6
2005-08-13,0.0,0.0,64.22,,31.6
2005-08-14,0.0,0.0,66.2,,31.6
2005-08-15,0.0,0.0,68.0,,31.6
2005-08-16,0.0,0.0,63.68,,31.6
2005-08-17,0.0,0.0,67.1,,31.6
2005-08-18,0.0,0.0,66.92,,31.6
2005-08-19,0.0,0.0,62.6,,31.9
2005-08-20,0.0,0.0,62.6,,31.9
2005-08-21,0.0,0.0,65.48,,31.9
2005-08-22,0.0,0.0,69.44,,31.9
2005-08-23,0.0,0.0,71.6,,31.9
2005-08-24,0.0,0.0,70.52,,31.9
2005-08-25,0.0,0.0,69.08,,31.9
2005-08-26,0.0,0.0,68.9,,31.9
2005-08-27,0.0,0.0,67.64,,31.9
2005-08-28,0.0,0.0,62.24,,31.9
2005-08-29,0.0,0.0,61.52,,31.9
2005-08-30,0.0,0.0,59.0,,31.9
2005-08-31,0.0,0.0,59.36,,31.9
2005-09-01,0.0,0.0,63.14,,31.9
2005-09-02,0.0,0.0,63.68,,31.9
2005-09-03,0.0,0.0,60.8,,31.9
2005-09-04,0.0,0.0,58.64,,31.9
2005-09-05,0.0,0.0,59.9,,31.9
2005-09-06,0.0,0.0,65.84,,31.9
2005-09-07,0.0,0.0,68.54,,31.9
2005-09-08,0.0,0.0,67.28,,31.9
2005-09-09,0.0,0.0,61.88,,31.9
2005-09-10,0.0,0.0,52.88,,31.9
2005-09-11,0.0,0.0,55.04,,31.9
2005-09-12,0.0,0.0,61.7,,31.9
2005-09-13,0.0,0.0,63.68,,31.9
2005-09-14,0.0,0.0,65.3,,31.9
2005-09-15,0.0,0.0,61.88,,31.9
2005-09-16,0.0,0.0,48.92,,31.9
2005-09-17,0.0,0.0,54.14,,31.9
2005-09-18,0.0,0.0,57.92,,31.9
2005-09-19,0.0,0.0,63.86,,31.9
2005-09-20,0.0,0.0,63.32,,31.9
2005-09-21,0.0,0.0,58.64,,31.9
2005-09-22,0.0,0.0,57.2,,31.9
2005-09-23,0.0,0.0,59.18,,31.9
2005-09-24,0.0,0.0,63.32,,31.9
2005-09-25,0.0,0.0,64.4,,31.9
2005-09-26,0.0,0.0,55.04,,31.9
2005-09-27,0.0,0.0,38.3,,31.9
2005-09-28,0.0,0.0,40.64,,31.9
2005-09-29,0.0,0.0,43.88,,31.9
2005-09-30,0.0,0.0,47.12,,31.9
2005-10-01,0.0,0.0,48.38,,31.9
2005-10-02,0.0,0.0,53.06,,31.9
2005-10-03,0.0,0.0,51.62,,31.9
2005-10-04,0.0,0.0,41.36,,31.9
2005-10-05,0.0,0.0,42.62,,31.9
2005-10-06,0.0,0.0,48.56,,32.1
2005-10-07,0.0,0.0,57.02,,32.1
2005-10-08,0.0,0.0,53.96,,32.1
2005-10-09,0.0,0.0,52.7,,32.1
2005-10-10,0.0,0.0,51.98,,32.2
2005-10-11,0.0,0.0,37.4,,32.2
2005-10-12,0.0,0.0,40.64,,32.2
2005-10-13,0.0,0.0,48.92,,32.2
2005-10-14,0.0,0.0,53.24,,32.2
2005-10-15,0.0,0.0,48.38,,32.2
2005-10-16,0.0,0.0,51.62,,32.3
2005-10-17,0.0,0.0,56.84,,32.3
2005-10-18,0.0,0.0,49.46,,32.3
2005-10-19,0.0,0.0,37.4,,32.3
2005-10-20,0.0,0.0,33.44,,0.0
2005-10-21,0.0,0.0,33.26,,0.0
2005-10-22,0.0,0.0,35.6,,0.0
2005-10-23,0.0,0.0,40.82,,0.2
2005-10-24,0.0,0.0,47.12,,0.2
2005-10-25,0.0,0.0,41.0,,0.2
2005-10-26,0.0,0.0,40.28,,0.3
2005-10-27,0.0,0.0,39.38,,0.3
2005-10-28,0.0,0.0,40.64,,0.3
2005-10-29,0.0,0.0,40.82,,0.3
2005-10-30,0.0,0.0,47.3,,0.3
2005-10-31,0.0,0.0,54.32,,0.3
2005-11-01,0.0,0.0,50.0,,0.3
2005-11-02,0.0,0.0,43.52,,0.3
2005-11-03,0.0,0.0,47.48,,0.3
2005-11-04,0.0,0.0,49.64,,0.3
2005-11-05,0.0,0.0,46.58,,0.3
2005-11-06,0.0,0.0,42.98,,0.4
2005-11-07,0.0,0.0,42.26,,0.4
2005-11-08,0.0,1.0,46.58,,0.4
2005-11-09,0.0,8.0,49.1,,0.4
2005-11-10,0.0,15.0,52.16,,0.4
2005-11-11,0.0,18.0,52.7,,0.4
2005-11-12,0.0,21.0,46.22,,0.4
2005-11-13,0.0,18.0,40.28,,0.4
2005-11-14,0.0,19.0,37.4,,0.5
2005-11-15,0.0,18.0,35.06,,0.6
2005-11-16,0.0,16.0,30.92,,1.0
2005-11-17,0.0,17.0,35.6,,1.0
2005-11-18,0.0,19.0,44.6,,1.0
2005-11-19,0.2,23.0,36.5,,1.0
2005-11-20,0.1,25.0,30.92,,1.3
2005-11-21,0.2,24.0,30.2,,1.4
2005-11-22,1.1,23.0,28.4,,1.5
2005-11-23,2.0,22.0,33.8,,2.4
2005-11-24,2.7,22.0,34.88,,3.3
2005-11-25,4.1,21.0,27.86,,4.0
2005-11-26,4.4,22.0,26.6,,5.5
2005-11-27,4.4,21.0,36.68,,5.8
2005-11-28,4.5,22.0,36.68,,5.8
2005-11-29,4.5,22.0,27.32,,5.9
2005-11-30,4.4,21.0,29.12,,6.0
2005-12-01,4.5,31.0,25.16,,6.0
2005-12-02,5.5,34.0,17.78,,6.1
2005-12-03,6.0,32.0,28.4,,7.1
2005-12-04,6.0,32.0,30.2,,7.6
2005-12-05,6.0,35.0,30.38,,7.6
2005-12-06,6.0,33.0,32.72,,7.6
2005-12-07,6.0,38.0,33.8,,7.6
2005-12-08,6.0,47.0,33.98,,7.6
2005-12-09,6.0,54.0,32.72,,7.6
2005-12-10,6.0,48.0,32.72,,7.6
2005-12-11,6.0,46.0,32.72,,7.6
2005-12-12,6.0,46.0,33.8,,7.6
2005-12-13,6.0,44.0,22.46,,7.6
2005-12-14,7.1,44.0,14.0,,7.6
2005-12-15,7.4,43.0,12.74,,8.8
2005-12-16,7.4,42.0,23.72,,9.1
2005-12-17,7.5,40.0,18.86,,9.1
2005-12-18,7.9,40.0,26.6,,9.2
2005-12-19,7.9,41.0,23.54,,9.6
2005-12-20,9.5,40.0,19.58,,9.6
2005-12-21,10.0,40.0,10.76,,11.3
2005-12-22,10.6,39.0,14.18,,11.8
2005-12-23,10.6,40.0,15.62,,12.4
2005-12-24,10.6,40.0,2.84,,12.4
2005-12-25,10.6,43.0,7.7,,12.4
2005-12-26,10.6,41.0,15.8,,12.4
2005-12-27,10.6,40.0,21.74,,12.4
2005-12-28,10.6,39.0,24.08,,12.4
2005-12-29,10.6,39.0,24.98,,12.4
2005-12-30,10.6,38.0,17.42,,12.4
2005-12-31,10.6,38.0,13.28,,12.4
2006-01-01,10.6,43.0,14.72,,12.4
2006-01-02,10.6,49.0,12.2,,12.4
2006-01-03,10.6,51.0,8.96,,12.4
2006-01-04,10.6,50.0,12.74,,12.4
2006-01-05,10.6,63.0,30.2,,12.4
2006-01-06,10.7,65.0,36.14,,12.4
2006-01-07,11.4,65.0,37.4,,12.5
2006-01-08,11.6,64.0,36.68,,13.3
2006-01-09,12.2,66.0,32.18,,13.5
2006-01-10,12.0,65.0,34.7,,14.1
2006-01-11,11.8,61.0,37.76,,15.6
2006-01-12,11.9,62.0,33.26,,15.6
2006-01-13,12.0,65.0,30.56,,15.7
2006-01-14,13.0,66.0,34.16,,16.1
2006-01-15,14.0,65.0,26.78,,17.2
2006-01-16,14.9,76.0,29.12,,18.4
2006-01-17,15.0,78.0,33.8,,19.6
2006-01-18,17.2,76.0,28.22,,19.9
2006-01-19,18.9,75.0,30.92,,22.6
2006-01-20,19.2,79.0,29.66,,24.5
2006-01-21,19.4,78.0,26.6,,24.8
2006-01-22,19.7,77.0,27.5,,25.0
2006-01-23,19.9,95.0,33.98,,25.3
2006-01-24,19.9,93.0,32.54,,25.5
2006-01-25,20.0,93.0,21.56,,25.5
2006-01-26,20.4,99.0,21.74,,25.6
2006-01-27,20.5,95.0,30.74,,26.0
2006-01-28,20.6,92.0,30.38,,26.1
2006-01-29,22.6,91.0,23.36,,26.2
2006-01-30,23.3,89.0,32.54,,28.3
2006-01-31,23.3,89.0,33.8,,29.1
2006-02-01,23.6,90.0,19.4,,29.1
2006-02-02,23.9,94.0,14.18,,29.4
2006-02-03,23.9,97.0,28.4,,29.7
2006-02-04,23.9,100.0,27.32,,29.7
2006-02-05,26.5,110.0,22.46,,29.7
2006-02-06,27.1,108.0,23.9,,32.4
2006-02-07,27.3,111.0,22.46,,33.0
2006-02-08,27.9,112.0,16.88,,33.2
2006-02-09,27.9,109.0,25.88,,33.8
2006-02-10,27.9,112.0,25.88,,33.8
2006-02-11,27.9,110.0,28.76,,33.8
2006-02-12,27.9,109.0,25.7,,33.8
2006-02-13,27.9,107.0,24.26,,33.8
2006-02-14,28.0,105.0,24.26,,33.8
2006-02-15,28.5,104.0,25.7,,33.9
2006-02-16,29.1,103.0,31.82,,34.4
2006-02-17,29.5,102.0,25.52,,35.0
2006-02-18,31.6,100.0,29.66,,35.4
2006-02-19,32.0,101.0,28.76,,37.5
2006-02-20,32.6,100.0,31.82,,37.9
2006-02-21,32.9,101.0,28.4,,38.5
2006-02-22,33.1,100.0,20.48,,38.8
2006-02-23,33.5,99.0,20.3,,39.0
2006-02-24,33.6,98.0,24.98,,39.4
2006-02-25,33.6,97.0,28.76,,39.5
2006-02-26,33.6,97.0,27.86,,39.5
2006-02-27,33.6,96.0,17.6,,39.5
2006-02-28,33.6,96.0,17.96,,39.5
2006-03-01,33.6,95.0,23.36,,39.5
2006-03-02,33.6,95.0,26.6,,39.5
2006-03-03,33.6,94.0,21.38,,39.5
2006-03-04,33.7,93.0,15.62,,39.5
2006-03-05,33.7,94.0,8.06,,39.6
2006-03-06,33.7,,7.16,,39.6
2006-03-07,33.7,94.0,7.52,,39.6
2006-03-08,33.7,93.0,9.5,,39.6
2006-03-09,33.7,93.0,12.02,,39.6
2006-03-10,33.7,94.0,18.32,,39.6
2006-03-11,33.7,96.0,25.52,,39.6
2006-03-12,33.8,95.0,30.92,,39.6
2006-03-13,33.9,99.0,29.84,,39.7
2006-03-14,34.0,100.0,29.84,,39.8
2006-03-15,34.0,105.0,38.66,,39.9
2006-03-16,34.1,112.0,35.06,,39.9
2006-03-17,34.1,108.0,34.34,,40.0
2006-03-18,35.0,106.0,,,40.0
2006-03-19,,105.0,30.92,,41.1
2006-03-20,35.0,104.0,32.9,,
2006-03-21,35.2,109.0,32.72,,41.1
2006-03-22,35.2,109.0,23.36,,41.3
2006-03-23,35.2,106.0,30.2,,41.3
2006-03-24,35.4,109.0,33.98,,41.3
2006-03-25,35.4,107.0,28.4,,41.5
2006-03-26,35.7,105.0,24.62,,41.5
2006-03-27,35.8,104.0,19.4,,41.9
2006-03-28,36.3,107.0,16.34,,42.0
2006-03-29,36.6,106.0,19.4,,42.6
2006-03-30,36.6,104.0,19.04,,42.9
2006-03-31,36.6,101.0,21.2,,42.9
2006-04-01,36.6,106.0,24.98,,42.9
2006-04-02,36.7,105.0,23.9,,42.9
2006-04-03,36.9,103.0,29.84,,43.0
2006-04-04,37.0,98.0,30.38,,43.2
2006-04-05,37.0,98.0,30.02,,43.3
2006-04-06,37.3,100.0,31.46,,43.3
2006-04-07,37.3,100.0,30.2,,43.6
2006-04-08,37.3,105.0,29.66,,43.6
2006-04-09,37.3,103.0,32.36,,43.6
2006-04-10,37.5,101.0,37.22,,43.6
2006-04-11,37.6,99.0,41.0,,43.8
2006-04-12,37.7,99.0,34.7,,43.9
2006-04-13,38.0,97.0,26.42,,44.0
2006-04-14,39.6,96.0,30.92,,44.3
2006-04-15,40.0,96.0,38.48,,45.8
2006-04-16,40.2,96.0,33.44,,46.2
2006-04-17,40.3,96.0,34.7,,46.4
2006-04-18,40.4,95.0,35.24,,46.5
2006-04-19,40.7,93.0,29.12,,46.6
2006-04-20,40.9,92.0,30.92,,46.9
2006-04-21,41.5,91.0,40.28,,47.1
2006-04-22,41.6,90.0,38.84,,47.6
2006-04-23,42.0,93.0,36.5,,47.7
2006-04-24,42.4,91.0,37.22,,48.0
2006-04-25,42.6,91.0,40.1,,48.8
2006-04-26,42.1,90.0,37.94,,49.2
2006-04-27,42.1,88.0,34.88,,49.3
2006-04-28,42.1,86.0,35.78,,49.3
2006-04-29,42.2,85.0,35.24,,49.6
2006-04-30,42.3,83.0,40.28,,49.7
2006-05-01,42.4,84.0,42.8,,49.8
2006-05-02,42.5,82.0,40.64,,49.9
2006-05-03,42.5,80.0,38.12,,50.0
2006-05-04,42.0,78.0,31.64,,50.0
2006-05-05,41.8,75.0,29.12,,50.2
2006-05-06,42.1,72.0,30.74,,50.5
2006-05-07,42.0,69.0,36.5,,50.8
2006-05-08,41.9,68.0,43.88,,50.8
2006-05-09,41.8,67.0,47.66,,50.8
2006-05-10,41.3,66.0,49.1,,50.8
2006-05-11,41.1,65.0,46.04,,50.8
2006-05-12,40.7,64.0,35.96,,50.9
2006-05-13,39.9,62.0,40.46,,50.9
2006-05-14,39.5,61.0,44.24,,50.9
2006-05-15,39.3,60.0,47.84,,51.1
2006-05-16,39.0,59.0,49.64,,51.1
2006-05-17,38.4,57.0,50.36,,51.1
2006-05-18,37.6,55.0,44.06,,51.1
2006-05-19,36.6,52.0,43.16,,51.1
2006-05-20,35.5,50.0,37.94,,51.3
2006-05-21,34.5,47.0,42.44,,51.3
2006-05-22,33.6,43.0,42.08,,51.3
2006-05-23,33.1,39.0,46.4,,51.3
2006-05-24,32.4,35.0,46.58,,51.3
2006-05-25,32.1,31.0,40.28,,51.3
2006-05-26,31.2,27.0,39.02,,51.3
2006-05-27,30.6,24.0,39.02,,51.3
2006-05-28,30.2,21.0,44.42,,51.8
2006-05-29,29.7,18.0,51.08,,51.8
2006-05-30,28.6,16.0,49.28,,51.8
2006-05-31,27.5,13.0,52.7,,51.8
2006-06-01,26.2,10.0,57.38,,51.8
2006-06-02,24.9,9.0,59.18,,51.8
2006-06-03,23.4,8.0,61.7,,51.9
2006-06-04,21.6,8.0,61.16,,51.9
2006-06-05,19.6,7.0,59.0,,51.9
2006-06-06,17.7,4.0,58.64,,51.9
2006-06-07,15.7,1.0,53.24,,51.9
2006-06-08,13.6,0.0,53.78,,52.0
2006-06-09,11.9,0.0,50.18,,52.3
2006-06-10,10.5,0.0,47.48,,52.6
2006-06-11,9.3,0.0,53.6,,52.7
2006-06-12,8.0,0.0,53.24,,52.9
2006-06-13,6.7,0.0,42.08,,52.9
2006-06-14,5.1,0.0,37.04,,53.0
2006-06-15,4.5,0.0,36.68,,53.0
2006-06-16,4.2,0.0,39.02,,53.0
2006-06-17,3.9,0.0,45.32,,53.3
2006-06-18,3.6,0.0,53.06,,53.6
2006-06-19,2.2,0.0,62.24,,53.6
2006-06-20,0.4,0.0,58.64,,53.6
2006-06-21,0.0,0.0,53.24,,53.7
2006-06-22,0.0,0.0,57.38,,53.7
2006-06-23,0.0,0.0,57.56,,54.3
2006-06-24,0.0,0.0,64.4,,54.3
2006-06-25,0.0,0.0,63.14,,54.3
2006-06-26,0.0,0.0,59.0,,54.3
2006-06-27,0.0,0.0,51.62,,54.3
2006-06-28,0.0,0.0,52.7,,54.3
2006-06-29,0.0,0.0,58.46,,54.3
2006-06-30,0.0,0.0,63.86,,54.3
2006-07-01,0.0,0.0,57.2,,54.4
2006-07-02,0.0,0.0,44.6,,54.5
2006-07-03,0.0,0.0,48.02,,54.5
2006-07-04,0.0,0.0,53.06,,55.5
2006-07-05,0.0,0.0,54.14,,55.6
2006-07-06,0.0,0.0,57.56,,55.6
2006-07-07,0.0,0.0,57.74,,55.6
2006-07-08,0.0,0.0,53.78,,55.6
2006-07-09,0.0,0.0,55.22,,55.6
2006-07-10,0.0,0.0,57.38,,55.6
2006-07-11,0.0,0.0,61.34,,55.6
2006-07-12,0.0,0.0,63.68,,55.6
2006-07-13,0.0,0.0,66.92,,55.6
2006-07-14,0.0,0.0,68.54,,55.6
2006-07-15,0.0,0.0,68.72,,55.6
2006-07-16,0.0,0.0,68.72,,55.7
2006-07-17,0.0,0.0,61.16,,55.7
2006-07-18,0.0,0.0,64.04,,55.7
2006-07-19,0.0,0.0,66.56,,55.7
2006-07-20,0.0,0.0,65.3,,55.7
2006-07-21,0.0,0.0,65.84,,55.7
2006-07-22,0.0,0.0,66.38,,55.7
2006-07-23,0.0,0.0,62.24,,55.7
2006-07-24,0.0,0.0,63.14,,55.7
2006-07-25,0.0,0.0,63.14,,55.7
2006-07-26,0.0,0.0,66.2,,55.7
2006-07-27,0.0,0.0,68.0,,55.7
2006-07-28,0.0,0.0,67.82,,55.7
2006-07-29,0.0,0.0,69.62,,55.7
2006-07-30,0.0,0.0,62.78,,55.7
2006-07-31,0.0,0.0,62.78,,55.8
2006-08-01,0.0,0.0,68.54,,55.8
2006-08-02,0.0,0.0,71.24,,55.8
2006-08-03,0.0,0.0,71.42,,55.8
2006-08-04,0.0,0.0,71.78,,55.8
2006-08-05,0.0,0.0,68.18,,55.8
2006-08-06,0.0,0.0,69.44,,55.8
2006-08-07,0.0,0.0,73.58,,55.8
2006-08-08,0.0,0.0,75.74,,55.8
2006-08-09,0.0,0.0,77.72,,55.8
2006-08-10,0.0,0.0,77.72,,55.8
2006-08-11,0.0,0.0,74.12,,55.8
2006-08-12,0.0,0.0,71.96,,55.8
2006-08-13,0.0,0.0,71.24,,55.8
2006-08-14,0.0,0.0,72.32,,55.8
2006-08-15,0.0,0.0,72.86,,55.8
2006-08-16,0.0,0.0,69.98,,55.8
2006-08-17,0.0,0.0,61.52,,55.8
2006-08-18,0.0,0.0,59.18,,55.8
2006-08-19,0.0,0.0,57.92,,55.8
2006-08-20,0.0,0.0,59.18,,55.8
2006-08-21,0.0,0.0,63.86,,55.8
2006-08-22,0.0,0.0,67.28,,55.8
2006-08-23,0.0,0.0,67.46,,55.8
2006-08-24,0.0,0.0,69.8,,55.8
2006-08-25,0.0,0.0,71.42,,55.8
2006-08-26,0.0,0.0,67.28,,55.8
2006-08-27,0.0,0.0,59.9,,55.8
2006-08-28,0.0,0.0,64.94,,55.8
2006-08-29,0.0,0.0,60.08,,55.8
2006-08-30,0.0,0.0,58.64,,55.8
2006-08-31,0.0,0.0,58.82,,55.8
2006-09-01,0.0,0.0,65.48,,55.8
2006-09-02,0.0,0.0,66.02,,55.8
2006-09-03,0.0,0.0,60.8,,55.8
2006-09-04,0.0,0.0,56.12,,55.8
2006-09-05,0.0,0.0,59.0,,55.8
2006-09-06,0.0,0.0,61.7,,55.8
2006-09-07,0.0,0.0,64.76,,55.8
2006-09-08,0.0,0.0,68.9,,55.8
2006-09-09,0.0,0.0,67.1,,55.8
2006-09-10,0.0,0.0,63.14,,55.8
2006-09-11,0.0,0.0,56.84,,55.8
2006-09-12,0.0,0.0,55.4,,55.8
2006-09-13,0.0,0.0,57.38,,55.8
2006-09-14,0.0,0.0,61.52,,55.8
2006-09-15,0.0,0.0,64.76,,55.8
2006-09-16,0.0,0.0,66.38,,55.8
2006-09-17,0.0,0.0,50.9,,55.8
2006-09-18,0.0,0.0,48.02,,55.8
2006-09-19,0.0,0.0,53.96,,55.8
2006-09-20,0.0,0.0,61.16,,55.8
2006-09-21,0.0,0.0,65.84,,55.9
2006-09-22,0.0,0.0,67.46,,56.0
2006-09-23,0.0,0.0,67.1,,56.0
2006-09-24,0.0,0.0,64.4,,56.1
2006-09-25,0.0,0.0,59.0,,56.1
2006-09-26,0.0,0.0,53.96,,56.1
2006-09-27,0.0,0.0,57.38,,56.1
2006-09-28,0.0,0.0,57.56,,56.1
2006-09-29,0.0,0.0,59.36,,56.1
2006-09-30,0.0,0.0,61.7,,56.1
2006-10-01,0.0,0.0,59.36,,56.1
2006-10-02,0.0,0.0,44.24,,56.1
2006-10-03,0.0,0.0,38.3,,56.1
2006-10-04,0.0,0.0,35.24,,56.1
2006-10-05,0.0,0.0,39.02,,56.1
2006-10-06,0.0,0.0,48.92,,56.1
2006-10-07,0.0,0.0,46.58,,56.1
2006-10-08,0.0,0.0,43.16,,56.1
2006-10-09,0.0,0.0,39.2,,56.3
2006-10-10,0.0,0.0,40.82,,56.5
2006-10-11,0.0,0.0,41.9,,56.6
2006-10-12,0.0,0.0,44.96,,56.8
2006-10-13,0.0,0.0,49.46,,56.9
2006-10-14,0.0,0.0,51.26,,56.9
2006-10-15,0.0,0.0,54.14,,57.0
2006-10-16,0.0,0.0,55.4,,57.0
2006-10-17,0.0,0.0,54.68,,57.1
2006-10-18,0.0,0.0,55.04,,57.1
2006-10-19,0.0,0.0,52.52,,57.1
2006-10-20,0.0,0.0,48.38,,57.1
2006-10-21,0.0,0.0,48.38,,0.0
2006-10-22,0.0,0.0,46.76,,0.0
2006-10-23,0.0,0.0,49.28,,0.0
2006-10-24,0.0,0.0,49.28,,0.0
2006-10-25,0.0,0.0,45.5,,0.3
2006-10-26,0.0,0.0,42.26,,0.3
2006-10-27,0.0,0.0,37.94,,0.3
2006-10-28,0.0,0.0,38.84,,0.3
2006-10-29,0.0,0.0,43.52,,0.4
2006-10-30,0.0,0.0,44.42,,0.4
2006-10-31,0.0,0.0,48.02,,0.4
2006-11-01,0.0,0.0,47.84,,0.4
2006-11-02,0.0,0.0,42.8,,0.4
2006-11-03,0.0,0.0,34.7,,0.5
2006-11-04,0.0,0.0,34.34,,0.5
2006-11-05,0.0,0.0,35.06,,0.8
2006-11-06,0.0,0.0,39.2,,0.9
2006-11-07,0.0,0.0,37.4,,0.9
2006-11-08,0.0,0.0,34.34,,1.0
2006-11-09,0.0,0.0,36.14,,1.2
2006-11-10,0.0,0.0,41.0,,1.2
2006-11-11,0.0,0.0,40.28,,1.2
2006-11-12,0.0,0.0,31.82,,1.3
2006-11-13,0.0,0.0,32.0,,1.3
2006-11-14,0.0,0.0,38.3,,1.3
2006-11-15,0.0,0.0,41.72,,1.3
2006-11-16,0.0,1.0,39.92,,1.3
2006-11-17,0.0,2.0,23.18,,1.3
2006-11-18,0.0,7.0,20.3,,1.3
2006-11-19,0.0,7.0,25.52,,1.3
2006-11-20,0.0,16.0,35.78,,1.3
2006-11-21,0.0,16.0,37.94,,1.3
2006-11-22,0.0,15.0,37.76,,1.3
2006-11-23,0.0,16.0,38.3,,1.9
2006-11-24,0.0,15.0,44.96,,2.4
2006-11-25,0.0,15.0,49.28,,2.7
2006-11-26,0.0,14.0,35.96,,4.3
2006-11-27,0.0,14.0,26.6,,4.8
2006-11-28,0.0,12.0,25.88,,5.2
2006-11-29,0.1,12.0,28.76,,5.3
2006-11-30,0.3,12.0,23.0,,5.4
2006-12-01,1.0,12.0,31.28,,5.6
2006-12-02,1.2,12.0,24.44,,6.3
2006-12-03,2.8,18.0,28.04,,6.5
2006-12-04,2.8,24.0,33.08,,8.1
2006-12-05,3.0,21.0,31.28,,8.1
2006-12-06,3.5,23.0,32.18,,8.3
2006-12-07,3.6,22.0,35.78,,8.8
2006-12-08,3.6,21.0,38.3,,8.9
2006-12-09,3.6,22.0,37.94,,8.9
2006-12-10,3.7,21.0,35.24,,8.9
2006-12-11,3.9,21.0,24.62,,9.3
2006-12-12,3.9,21.0,26.96,,9.6
2006-12-13,3.9,20.0,25.52,,9.6
2006-12-14,4.0,20.0,26.6,,9.6
2006-12-15,4.1,20.0,21.74,,9.7
2006-12-16,4.8,20.0,11.66,,9.8
2006-12-17,5.4,21.0,4.28,,10.5
2006-12-18,5.4,24.0,16.16,,11.1
2006-12-19,5.5,32.0,14.54,,11.1
2006-12-20,5.5,40.0,10.76,,11.2
2006-12-21,5.5,43.0,14.36,,11.2
2006-12-22,5.5,39.0,20.48,,11.2
2006-12-23,5.5,35.0,26.42,,11.2
2006-12-24,5.6,35.0,28.22,,11.2
2006-12-25,5.6,36.0,32.18,,11.3
2006-12-26,5.7,37.0,35.6,,11.3
2006-12-27,5.7,36.0,31.82,,11.4
2006-12-28,5.8,39.0,30.92,,11.4
2006-12-29,5.8,40.0,28.76,,11.5
2006-12-30,6.0,46.0,32.0,,11.5
2006-12-31,6.2,45.0,33.08,,11.7
2007-01-01,7.5,45.0,33.44,,11.9
2007-01-02,9.1,55.0,25.7,,13.2
2007-01-03,10.4,58.0,10.04,,14.8
2007-01-04,10.4,56.0,8.96,,16.1
2007-01-05,10.4,55.0,9.86,,16.1
2007-01-06,10.4,54.0,15.62,,16.1
2007-01-07,10.5,53.0,20.84,,16.1
2007-01-08,10.5,52.0,24.8,,16.2
2007-01-09,10.6,51.0,20.3,,16.2
2007-01-10,10.9,61.0,23.18,,16.3
2007-01-11,10.9,63.0,20.48,,16.5
2007-01-12,11.4,59.0,31.82,,16.5
2007-01-13,11.6,66.0,32.72,,17.0
2007-01-14,11.9,64.0,30.02,,17.2
2007-01-15,13.1,62.0,18.86,,17.5
2007-01-16,13.6,62.0,15.26,,18.7
2007-01-17,13.6,62.0,18.32,,19.3
2007-01-18,13.6,61.0,21.02,,19.3
2007-01-19,13.6,60.0,21.92,,19.3
2007-01-20,13.6,60.0,32.0,,19.3
2007-01-21,13.6,59.0,32.0,,19.3
2007-01-22,13.6,58.0,24.08,,19.3
2007-01-23,15.3,57.0,13.46,,19.3
2007-01-24,15.4,57.0,17.78,,21.3
2007-01-25,15.4,56.0,19.76,,21.4
2007-01-26,16.0,56.0,30.2,,21.4
2007-01-27,16.2,55.0,29.12,,22.2
2007-01-28,16.3,57.0,23.36,,22.5
2007-01-29,16.3,56.0,8.6,,22.6
2007-01-30,16.3,56.0,4.64,,22.6
2007-01-31,16.3,55.0,4.46,,22.6
2007-02-01,16.3,55.0,3.56,,22.6
2007-02-02,16.3,55.0,7.16,,22.6
2007-02-03,16.3,55.0,13.64,,22.6
2007-02-04,16.3,55.0,11.48,,22.6
2007-02-05,16.3,54.0,14.0,,22.6
2007-02-06,16.3,54.0,20.12,,22.6
2007-02-07,16.3,54.0,19.76,,22.6
2007-02-08,16.3,54.0,18.86,,22.6
2007-02-09,16.3,54.0,21.74,,22.6
2007-02-10,16.3,53.0,25.16,,22.6
2007-02-11,16.3,52.0,28.04,,22.6
2007-02-12,16.3,53.0,30.92,,22.6
2007-02-13,16.4,53.0,28.04,,22.6
2007-02-14,16.4,52.0,23.36,,22.7
2007-02-15,16.4,53.0,20.3,,22.7
2007-02-16,16.4,56.0,25.16,,22.7
2007-02-17,16.4,58.0,24.26,,22.7
2007-02-18,16.4,64.0,20.48,,22.7
2007-02-19,16.4,63.0,15.26,,22.7
2007-02-20,16.4,61.0,14.0,,22.7
2007-02-21,16.4,61.0,26.24,,22.7
2007-02-22,16.4,64.0,34.34,,22.7
2007-02-23,16.4,63.0,39.2,,22.7
2007-02-24,16.4,63.0,39.92,,22.7
2007-02-25,16.4,64.0,38.3,,22.7
2007-02-26,16.4,63.0,32.9,,22.7
2007-02-27,16.4,67.0,32.72,,22.7
2007-02-28,16.6,70.0,32.18,,22.7
2007-03-01,17.0,74.0,33.44,,22.9
2007-03-02,17.5,77.0,28.76,,23.3
2007-03-03,18.1,78.0,24.26,,23.8
2007-03-04,18.5,85.0,25.52,,24.4
2007-03-05,18.6,83.0,31.28,,24.8
2007-03-06,18.6,87.0,33.44,,24.9
2007-03-07,19.5,,31.82,,24.9
2007-03-08,19.5,90.0,29.48,,25.8
2007-03-09,19.5,96.0,23.9,,25.8
2007-03-10,19.5,90.0,30.56,,25.8
2007-03-11,19.5,87.0,25.88,,25.8
2007-03-12,19.9,84.0,32.18,,25.8
2007-03-13,20.1,83.0,21.56,,26.2
2007-03-14,20.6,82.0,19.04,,26.4
2007-03-15,21.1,79.0,25.88,,26.9
2007-03-16,21.5,80.0,22.46,,27.4
2007-03-17,22.5,79.0,20.12,,27.8
2007-03-18,22.7,78.0,19.58,,28.8
2007-03-19,23.2,77.0,,,29.0
2007-03-20,,76.0,18.32,,29.5
2007-03-21,23.6,74.0,17.06,,
2007-03-22,24.0,74.0,26.42,,29.9
2007-03-23,24.0,73.0,29.48,,30.4
2007-03-24,24.1,72.0,33.8,,30.4
2007-03-25,24.1,71.0,38.12,,30.5
2007-03-26,24.1,70.0,40.28,,30.5
2007-03-27,24.1,69.0,32.72,,30.6
2007-03-28,24.1,72.0,35.78,,30.7
2007-03-29,24.3,70.0,35.6,,30.9
2007-03-30,24.4,69.0,42.62,,31.1
2007-03-31,24.5,68.0,45.68,,31.2
2007-04-01,24.5,68.0,42.62,,31.3
2007-04-02,24.5,67.0,37.22,,31.3
2007-04-03,24.5,65.0,34.52,,31.3
2007-04-04,24.5,70.0,43.16,,31.3
2007-04-05,24.5,67.0,45.86,,31.3
2007-04-06,24.4,66.0,42.98,,31.3
2007-04-07,24.4,65.0,42.26,,31.3
2007-04-08,24.4,64.0,33.98,,31.3
2007-04-09,24.4,61.0,30.56,,31.3
2007-04-10,24.7,65.0,36.5,,31.3
2007-04-11,24.7,64.0,41.18,,31.7
2007-04-12,24.6,63.0,43.52,,31.7
2007-04-13,24.5,62.0,40.46,,31.7
2007-04-14,24.3,60.0,39.02,,31.7
2007-04-15,24.3,58.0,31.28,,31.8
2007-04-16,24.2,57.0,35.06,,31.8
2007-04-17,24.6,58.0,37.4,,32.0
2007-04-18,24.6,59.0,39.92,,32.4
2007-04-19,24.4,58.0,41.0,,32.4
2007-04-20,24.2,57.0,34.88,,32.4
2007-04-21,23.9,55.0,29.12,,32.4
2007-04-22,24.0,55.0,34.34,,32.5
2007-04-23,24.2,53.0,40.46,,32.6
2007-04-24,24.2,52.0,44.24,,32.8
2007-04-25,24.0,51.0,47.84,,32.8
2007-04-26,23.6,54.0,47.48,,32.8
2007-04-27,23.1,53.0,38.48,,32.8
2007-04-28,22.4,53.0,33.98,,32.8
2007-04-29,22.0,51.0,27.86,,32.9
2007-04-30,22.0,51.0,29.66,,32.9
2007-05-01,22.2,49.0,36.32,,33.0
2007-05-02,22.3,47.0,37.22,,33.2
2007-05-03,22.3,46.0,41.72,,33.3
2007-05-04,21.8,44.0,39.02,,33.3
2007-05-05,21.2,41.0,41.9,,33.4
2007-05-06,21.1,38.0,39.56,,33.5
2007-05-07,20.6,36.0,30.92,,33.5
2007-05-08,20.1,34.0,30.02,,33.5
2007-05-09,20.2,31.0,32.18,,33.5
2007-05-10,20.3,30.0,37.76,,33.7
2007-05-11,20.4,30.0,36.86,,33.8
2007-05-12,20.2,29.0,42.8,,33.9
2007-05-13,20.1,26.0,44.96,,34.0
2007-05-14,19.5,25.0,45.86,,34.3
2007-05-15,18.6,21.0,43.52,,34.5
2007-05-16,17.8,17.0,49.1,,34.5
2007-05-17,16.8,14.0,55.76,,34.5
2007-05-18,15.9,10.0,53.24,,34.5
2007-05-19,15.1,7.0,51.62,,34.6
2007-05-20,14.6,3.0,55.4,,34.6
2007-05-21,13.7,0.0,41.9,,34.6
2007-05-22,12.6,0.0,33.26,,34.6
2007-05-23,12.3,0.0,32.72,,34.6
2007-05-24,12.3,0.0,38.66,,34.6
2007-05-25,12.1,0.0,44.6,,34.6
2007-05-26,11.3,0.0,51.08,,34.6
2007-05-27,10.2,0.0,55.22,,34.6
2007-05-28,8.8,0.0,56.84,,34.6
2007-05-29,7.4,0.0,56.48,,34.6
2007-05-30,6.0,0.0,57.92,,34.6
2007-05-31,4.6,0.0,59.36,,34.6
2007-06-01,3.0,0.0,51.26,,34.6
2007-06-02,1.4,0.0,50.36,,34.7
2007-06-03,0.0,0.0,55.58,,34.7
2007-06-04,0.0,0.0,60.08,,34.7
2007-06-05,0.0,0.0,62.78,,34.7
2007-06-06,0.0,0.0,60.8,,34.7
2007-06-07,0.0,0.0,57.56,,34.7
2007-06-08,0.0,0.0,47.66,,34.7
2007-06-09,0.0,0.0,34.16,,34.7
2007-06-10,0.0,0.0,39.02,,34.7
2007-06-11,0.0,0.0,43.7,,34.7
2007-06-12,0.0,0.0,48.56,,34.9
2007-06-13,0.0,0.0,51.62,,35.0
2007-06-14,0.0,0.0,55.94,,35.0
2007-06-15,0.0,0.0,56.48,,35.0
2007-06-16,0.0,0.0,44.6,,35.0
2007-06-17,0.0,0.0,47.84,,35.0
2007-06-18,0.0,0.0,55.22,,35.0
2007-06-19,0.0,0.0,59.9,,35.0
2007-06-20,0.0,0.0,62.24,,35.0
2007-06-21,0.0,0.0,59.54,,35.1
2007-06-22,0.0,0.0,63.86,,35.1
2007-06-23,0.0,0.0,62.24,,35.1
2007-06-24,0.0,0.0,47.84,,35.5
2007-06-25,0.0,0.0,38.12,,35.5
2007-06-26,0.0,0.0,44.6,,35.5
2007-06-27,0.0,0.0,53.6,,35.7
2007-06-28,0.0,0.0,56.66,,35.7
2007-06-29,0.0,0.0,48.38,,35.8
2007-06-30,0.0,0.0,48.38,,35.8
2007-07-01,0.0,0.0,53.6,,35.8
2007-07-02,0.0,0.0,58.28,,37.0
2007-07-03,0.0,0.0,57.2,,37.0
2007-07-04,0.0,0.0,59.36,,37.0
2007-07-05,0.0,0.0,61.7,,37.0
2007-07-06,0.0,0.0,47.48,,37.0
2007-07-07,0.0,0.0,51.44,,37.0
2007-07-08,0.0,0.0,61.88,,37.0
2007-07-09,0.0,0.0,65.66,,37.0
2007-07-10,0.0,0.0,65.66,,37.1
2007-07-11,0.0,0.0,66.38,,37.2
2007-07-12,0.0,0.0,62.06,,37.2
2007-07-13,0.0,0.0,56.66,,37.2
2007-07-14,0.0,0.0,50.9,,37.2
2007-07-15,0.0,0.0,58.64,,37.2
2007-07-16,0.0,0.0,67.28,,37.2
2007-07-17,0.0,0.0,68.0,,37.2
2007-07-18,0.0,0.0,65.48,,37.3
2007-07-19,0.0,0.0,62.24,,37.3
2007-07-20,0.0,0.0,65.3,,37.3
2007-07-21,0.0,0.0,64.04,,37.3
2007-07-22,0.0,0.0,67.28,,37.3
2007-07-23,0.0,0.0,72.32,,37.3
2007-07-24,0.0,0.0,74.66,,37.3
2007-07-25,0.0,0.0,70.52,,37.4
2007-07-26,0.0,0.0,70.34,,37.4
2007-07-27,0.0,0.0,68.54,,37.4
2007-07-28,0.0,0.0,68.36,,37.7
2007-07-29,0.0,0.0,70.34,,37.7
2007-07-30,0.0,0.0,71.96,,37.7
2007-07-31,0.0,0.0,70.52,,37.8
2007-08-01,0.0,0.0,72.68,,37.8
2007-08-02,0.0,0.0,76.1,,37.8
2007-08-03,0.0,0.0,73.04,,37.8
2007-08-04,0.0,0.0,70.7,,37.8
2007-08-05,0.0,0.0,67.28,,37.8
2007-08-06,0.0,0.0,69.08,,37.8
2007-08-07,0.0,0.0,64.22,,37.8
2007-08-08,0.0,0.0,67.1,,38.6
2007-08-09,0.0,0.0,67.82,,38.6
2007-08-10,0.0,0.0,71.96,,38.6
2007-08-11,0.0,0.0,71.6,,38.6
2007-08-12,0.0,0.0,69.98,,38.7
2007-08-13,0.0,0.0,65.66,,38.7
2007-08-14,0.0,0.0,64.94,,38.7
2007-08-15,0.0,0.0,68.54,,38.7
2007-08-16,0.0,0.0,71.96,,38.7
2007-08-17,0.0,0.0,72.68,,38.8
2007-08-18,0.0,0.0,72.86,,38.8
2007-08-19,0.0,0.0,71.42,,38.8
2007-08-20,0.0,0.0,70.88,,38.9
2007-08-21,0.0,0.0,67.28,,38.9
2007-08-22,0.0,0.0,69.08,,38.9
2007-08-23,0.0,0.0,67.46,,38.9
2007-08-24,0.0,0.0,62.24,,38.9
2007-08-25,0.0,0.0,61.88,,38.9
2007-08-26,0.0,0.0,60.8,,38.9
2007-08-27,0.0,0.0,61.16,,38.9
2007-08-28,0.0,0.0,66.38,,38.9
2007-08-29,0.0,0.0,62.24,,38.9
2007-08-30,0.0,0.0,65.12,,38.9
2007-08-31,0.0,0.0,66.92,,38.9
2007-09-01,0.0,0.0,67.28,,38.9
2007-09-02,0.0,0.0,68.0,,38.9
2007-09-03,0.0,0.0,69.98,,38.9
2007-09-04,0.0,0.0,71.96,,38.9
2007-09-05,0.0,0.0,68.72,,38.9
2007-09-06,0.0,0.0,64.94,,38.9
2007-09-07,0.0,0.0,53.96,,38.9
2007-09-08,0.0,0.0,52.7,,38.9
2007-09-09,0.0,0.0,54.86,,38.9
2007-09-10,0.0,0.0,57.38,,38.9
2007-09-11,0.0,0.0,57.02,,38.9
2007-09-12,0.0,0.0,58.82,,38.9
2007-09-13,0.0,0.0,65.3,,38.9
2007-09-14,0.0,0.0,63.32,,38.9
2007-09-15,0.0,0.0,59.36,,38.9
2007-09-16,0.0,0.0,60.62,,38.9
2007-09-17,0.0,0.0,65.48,,38.9
2007-09-18,0.0,0.0,71.06,,38.9
2007-09-19,0.0,0.0,62.78,,38.9
2007-09-20,0.0,0.0,62.96,,38.9
2007-09-21,0.0,0.0,67.1,,39.0
2007-09-22,0.0,0.0,69.44,,39.4
2007-09-23,0.0,0.0,63.32,,39.4
2007-09-24,0.0,0.0,50.36,,39.4
2007-09-25,0.0,0.0,55.22,,39.4
2007-09-26,0.0,0.0,57.02,,39.4
2007-09-27,0.0,0.0,52.7,,39.4
2007-09-28,0.0,0.0,51.44,,39.4
2007-09-29,0.0,0.0,54.14,,39.4
2007-09-30,0.0,0.0,58.82,,39.4
2007-10-01,0.0,0.0,60.98,,39.4
2007-10-02,0.0,0.0,63.14,,39.4
2007-10-03,0.0,0.0,60.8,,39.5
2007-10-04,0.0,0.0,57.56,,39.5
2007-10-05,0.0,0.0,54.14,,39.5
2007-10-06,0.0,0.0,48.02,,39.5
2007-10-07,0.0,0.0,41.9,,39.5
2007-10-08,0.0,0.0,43.88,,39.5
2007-10-09,0.0,0.0,49.1,,39.5
2007-10-10,0.0,0.0,51.26,,39.6
2007-10-11,0.0,0.0,50.72,,39.8
2007-10-12,0.0,0.0,39.92,,39.8
2007-10-13,0.0,0.0,41.18,,39.9
2007-10-14,0.0,0.0,42.08,,40.7
2007-10-15,0.0,0.0,46.58,,40.9
2007-10-16,0.0,0.0,50.9,,40.9
2007-10-17,0.0,0.0,47.3,,40.9
2007-10-18,0.0,0.0,33.26,,41.0
2007-10-19,0.0,0.0,41.18,,41.1
2007-10-20,0.0,0.0,37.22,,41.1
2007-10-21,0.0,0.0,39.38,,41.1
2007-10-22,0.0,0.0,39.02,,0.0
2007-10-23,0.0,0.0,36.86,,0.3
2007-10-24,0.0,0.0,35.24,,0.4
2007-10-25,0.0,1.0,35.78,,0.4
2007-10-26,0.0,2.0,42.44,,0.5
2007-10-27,0.0,1.0,46.58,,0.5
2007-10-28,0.0,2.0,53.06,,0.5
2007-10-29,0.0,1.0,43.7,,0.6
2007-10-30,0.0,1.0,37.22,,0.6
2007-10-31,0.0,1.0,40.64,,0.7
2007-11-01,0.0,1.0,43.7,,0.8
2007-11-02,0.0,1.0,43.88,,0.8
2007-11-03,0.0,0.0,46.76,,1.0
2007-11-04,0.0,0.0,41.36,,1.0
2007-11-05,0.0,0.0,32.18,,1.0
2007-11-06,0.0,0.0,30.56,,1.0
2007-11-07,0.1,0.0,38.3,,1.0
2007-11-08,0.8,0.0,31.46,,1.2
2007-11-09,0.3,0.0,30.74,,2.1
2007-11-10,0.4,0.0,35.96,,5.5
2007-11-11,0.4,0.0,43.88,,5.7
2007-11-12,0.4,0.0,48.56,,5.7
2007-11-13,0.4,0.0,45.5,,5.7
2007-11-14,0.4,0.0,39.56,,5.8
2007-11-15,0.3,0.0,40.46,,5.8
2007-11-16,0.0,0.0,44.78,,5.8
2007-11-17,0.0,0.0,47.66,,5.8
2007-11-18,0.0,0.0,40.28,,5.8
2007-11-19,0.0,0.0,35.06,,5.8
2007-11-20,0.0,2.0,34.52,,6.0
2007-11-21,0.0,2.0,33.08,,6.0
2007-11-22,0.0,1.0,36.14,,6.0
2007-11-23,0.0,1.0,39.02,,6.0
2007-11-24,0.0,1.0,40.64,,6.0
2007-11-25,0.0,1.0,40.28,,6.0
2007-11-26,0.0,1.0,42.26,,6.0
2007-11-27,0.0,1.0,43.7,,6.1
2007-11-28,0.0,2.0,45.32,,6.1
2007-11-29,0.0,2.0,38.48,,6.1
2007-11-30,0.0,2.0,31.28,,6.1
2007-12-01,0.0,2.0,30.74,,6.2
2007-12-02,0.0,1.0,29.3,,6.3
2007-12-03,0.6,2.0,23.36,,6.3
2007-12-04,0.7,1.0,38.66,,6.9
2007-12-05,0.7,8.0,38.84,,7.3
2007-12-06,0.8,8.0,40.46,,7.4
2007-12-07,0.7,14.0,40.28,,7.6
2007-12-08,0.4,15.0,32.9,,8.6
2007-12-09,0.4,13.0,22.1,,10.1
2007-12-10,0.4,15.0,16.52,,10.2
2007-12-11,0.4,16.0,17.24,,10.2
2007-12-12,0.4,12.0,23.0,,10.2
2007-12-13,0.4,12.0,27.14,,10.2
2007-12-14,0.5,12.0,29.66,,10.2
2007-12-15,0.5,12.0,26.42,,10.3
2007-12-16,0.5,13.0,24.08,,10.3
2007-12-17,0.6,13.0,17.6,,10.3
2007-12-18,1.1,14.0,22.46,,10.4
2007-12-19,1.2,14.0,15.08,,10.9
2007-12-20,2.1,14.0,14.36,,11.0
2007-12-21,2.1,13.0,23.18,,11.9
2007-12-22,2.1,13.0,33.44,,11.9
2007-12-23,2.4,13.0,36.5,,11.9
2007-12-24,3.0,14.0,33.44,,12.2
2007-12-25,3.0,17.0,30.74,,12.8
2007-12-26,3.0,24.0,29.3,,12.8
2007-12-27,3.0,36.0,24.44,,12.8
2007-12-28,3.1,40.0,15.44,,12.8
2007-12-29,3.1,38.0,18.68,,12.9
2007-12-30,3.1,38.0,14.72,,12.9
2007-12-31,3.1,38.0,19.94,,12.9
2008-01-01,3.1,41.0,18.68,,12.9
2008-01-02,3.1,41.0,15.44,,12.9
2008-01-03,3.1,44.0,23.36,,12.9
2008-01-04,3.1,43.0,25.7,,12.9
2008-01-05,3.2,47.0,26.78,,12.9
2008-01-06,3.3,50.0,28.22,,13.0
2008-01-07,3.8,53.0,29.84,,13.1
2008-01-08,4.7,47.0,25.52,,13.6
2008-01-09,6.1,47.0,13.28,,14.5
2008-01-10,7.0,46.0,14.0,,15.9
2008-01-11,7.0,46.0,26.42,,16.7
2008-01-12,7.1,52.0,25.16,,16.7
2008-01-13,7.6,57.0,12.74,,16.8
2008-01-14,8.6,57.0,15.26,,17.3
2008-01-15,8.6,61.0,11.66,,18.2
2008-01-16,8.9,68.0,16.7,,18.2
2008-01-17,8.9,71.0,22.64,,18.5
2008-01-18,9.5,77.0,19.76,,18.5
2008-01-19,10.1,77.0,12.38,,19.1
2008-01-20,10.7,75.0,12.74,,19.7
2008-01-21,10.7,72.0,27.86,,20.3
2008-01-22,10.7,70.0,30.74,,20.3
2008-01-23,10.7,68.0,30.02,,20.3
2008-01-24,10.8,67.0,24.62,,20.3
2008-01-25,11.8,65.0,19.76,,20.4
2008-01-26,12.7,64.0,17.06,,21.3
2008-01-27,12.9,64.0,20.12,,22.2
2008-01-28,13.4,67.0,21.38,,22.4
2008-01-29,14.3,67.0,24.98,,22.9
2008-01-30,15.3,65.0,27.5,,23.8
2008-01-31,16.5,63.0,24.98,,24.7
2008-02-01,17.2,65.0,22.64,,25.8
2008-02-02,17.2,64.0,23.9,,26.5
2008-02-03,17.2,63.0,14.18,,26.5
2008-02-04,17.2,68.0,8.06,,26.5
2008-02-05,17.2,76.0,17.24,,26.5
2008-02-06,17.2,84.0,21.56,,26.5
2008-02-07,17.2,88.0,22.28,,26.5
2008-02-08,17.2,99.0,20.48,,26.5
2008-02-09,17.4,98.0,11.12,,26.5
2008-02-10,17.4,97.0,5.72,,26.7
2008-02-11,17.4,97.0,9.68,,26.7
2008-02-12,17.4,93.0,17.42,,26.7
2008-02-13,17.4,93.0,19.04,,26.7
2008-02-14,17.6,97.0,26.96,,26.7
2008-02-15,17.7,97.0,28.76,,26.9
2008-02-16,18.0,97.0,17.06,,27.0
2008-02-17,18.5,94.0,17.24,,27.3
2008-02-18,19.1,91.0,17.6,,27.8
2008-02-19,20.0,90.0,20.84,,28.4
2008-02-20,20.5,88.0,20.66,,29.2
2008-02-21,22.3,88.0,19.76,,29.7
2008-02-22,22.9,87.0,22.46,,31.5
2008-02-23,23.2,86.0,17.06,,32.1
2008-02-24,23.8,85.0,16.16,,32.4
2008-02-25,23.8,84.0,17.96,,33.0
2008-02-26,24.2,83.0,24.44,,33.0
2008-02-27,24.6,82.0,23.54,,33.4
2008-02-28,25.5,81.0,30.74,,33.8
2008-02-29,25.8,80.0,31.82,,34.6
2008-03-01,26.0,81.0,30.56,,34.9
2008-03-02,26.0,80.0,32.18,,35.1
2008-03-03,26.0,84.0,24.98,,35.1
2008-03-04,26.1,84.0,24.26,,35.1
2008-03-05,26.2,83.0,23.72,,35.2
2008-03-06,26.2,82.0,26.78,,35.3
2008-03-07,26.2,81.0,24.62,,35.3
2008-03-08,26.3,80.0,26.24,,35.3
2008-03-09,26.3,82.0,29.66,,35.4
2008-03-10,26.3,82.0,28.22,,35.4
2008-03-11,26.3,82.0,26.78,,35.4
2008-03-12,26.3,83.0,28.22,,35.4
2008-03-13,26.3,82.0,29.3,,35.4
2008-03-14,26.5,81.0,31.82,,35.4
2008-03-15,26.5,80.0,30.74,,35.6
2008-03-16,27.0,79.0,28.04,,35.6
2008-03-17,27.4,78.0,31.64,,36.1
2008-03-18,27.4,77.0,32.18,,36.5
2008-03-19,27.4,76.0,37.4,,36.5
2008-03-20,27.4,76.0,30.02,,36.5
2008-03-21,27.5,82.0,23.36,,36.5
2008-03-22,27.7,84.0,25.52,,36.6
2008-03-23,27.7,86.0,24.62,,36.8
2008-03-24,27.7,85.0,22.46,,36.8
2008-03-25,27.9,83.0,26.78,,36.8
2008-03-26,27.9,86.0,32.36,,37.0
2008-03-27,27.9,88.0,32.9,,37.0
2008-03-28,28.0,87.0,30.74,,37.0
2008-03-29,28.0,88.0,35.06,,37.1
2008-03-30,28.0,86.0,36.5,,37.1
2008-03-31,28.0,84.0,32.72,,37.1
2008-04-01,28.1,85.0,29.84,,37.1
2008-04-02,28.1,86.0,26.24,,37.2
2008-04-03,28.8,91.0,25.16,,37.2
2008-04-04,29.2,91.0,24.8,,37.8
2008-04-05,29.4,94.0,28.4,,38.2
2008-04-06,29.4,92.0,33.08,,38.4
2008-04-07,29.5,94.0,34.52,,38.4
2008-04-08,30.5,93.0,27.5,,38.5
2008-04-09,31.0,92.0,25.34,,39.4
2008-04-10,31.1,89.0,24.8,,39.9
2008-04-11,31.3,88.0,34.7,,40.0
2008-04-12,31.3,89.0,35.06,,40.2
2008-04-13,31.3,87.0,32.0,,40.2
2008-04-14,31.6,89.0,28.76,,40.2
2008-04-15,31.8,89.0,19.4,,40.5
2008-04-16,32.3,88.0,22.1,,40.7
2008-04-17,32.5,90.0,19.04,,41.2
2008-04-18,32.9,89.0,19.94,,41.4
2008-04-19,33.0,87.0,20.12,,41.8
2008-04-20,33.2,84.0,22.46,,41.9
2008-04-21,33.2,80.0,27.32,,42.1
2008-04-22,33.2,79.0,30.02,,42.1
2008-04-23,33.2,79.0,32.18,,42.1
2008-04-24,33.2,78.0,26.78,,42.1
2008-04-25,33.4,76.0,29.84,,42.1
2008-04-26,33.4,75.0,28.04,,42.3
2008-04-27,33.7,73.0,28.76,,42.3
2008-04-28,33.8,73.0,27.5,,42.6
2008-04-29,33.9,73.0,27.68,,42.7
2008-04-30,33.9,72.0,32.72,,42.8
2008-05-01,33.9,73.0,42.98,,42.8
2008-05-02,34.0,74.0,48.02,,42.8
2008-05-03,34.0,74.0,46.4,,42.9
2008-05-04,34.0,72.0,27.86,,42.9
2008-05-05,34.0,70.0,29.12,,42.9
2008-05-06,33.9,68.0,37.94,,42.9
2008-05-07,33.9,67.0,41.36,,42.9
2008-05-08,33.7,68.0,34.88,,42.9
2008-05-09,33.7,67.0,23.72,,43.0
2008-05-10,33.7,65.0,25.16,,43.0
2008-05-11,33.7,64.0,36.86,,43.0
2008-05-12,33.7,61.0,35.06,,43.0
2008-05-13,33.7,59.0,31.46,,43.0
2008-05-14,33.7,57.0,33.08,,43.1
2008-05-15,33.9,55.0,35.78,,43.5
2008-05-16,33.7,53.0,43.7,,43.7
2008-05-17,33.6,51.0,50.0,,43.7
2008-05-18,33.3,49.0,41.18,,43.7
2008-05-19,32.5,47.0,28.76,,43.7
2008-05-20,32.0,46.0,32.54,,43.7
2008-05-21,32.1,42.0,38.48,,43.7
2008-05-22,32.1,40.0,43.16,,43.8
2008-05-23,31.5,37.0,46.4,,43.9
2008-05-24,30.6,34.0,49.46,,43.9
2008-05-25,29.5,30.0,48.2,,43.9
2008-05-26,28.5,26.0,43.52,,43.9
2008-05-27,27.0,23.0,41.9,,43.9
2008-05-28,26.3,23.0,38.3,,43.9
2008-05-29,26.1,19.0,42.44,,43.9
2008-05-30,25.8,19.0,42.98,,43.9
2008-05-31,25.3,15.0,37.76,,43.9
2008-06-01,24.8,15.0,42.08,,43.9
2008-06-02,24.6,12.0,47.3,,43.9
2008-06-03,23.9,11.0,54.68,,43.9
2008-06-04,22.9,8.0,57.56,,43.9
2008-06-05,21.4,7.0,60.08,,44.0
2008-06-06,20.0,4.0,60.44,,44.0
2008-06-07,18.4,4.0,57.56,,44.0
2008-06-08,16.6,2.0,51.44,,44.0
2008-06-09,15.0,1.0,37.76,,44.0
2008-06-10,14.0,0.0,42.08,,44.0
2008-06-11,13.2,0.0,42.08,,44.0
2008-06-12,12.5,0.0,43.88,,44.1
2008-06-13,11.6,0.0,45.68,,44.3
2008-06-14,10.8,0.0,46.22,,44.6
2008-06-15,9.9,0.0,45.86,,44.8
2008-06-16,9.0,0.0,44.42,,44.8
2008-06-17,8.0,0.0,46.04,,44.8
2008-06-18,7.1,0.0,48.02,,44.8
2008-06-19,5.9,0.0,49.64,,45.1
2008-06-20,4.4,0.0,47.3,,45.1
2008-06-21,3.3,0.0,47.3,,45.1
2008-06-22,2.3,0.0,41.72,,45.4
2008-06-23,0.9,0.0,43.7,,45.4
2008-06-24,0.0,0.0,47.48,,45.4
2008-06-25,0.0,0.0,41.0,,46.1
2008-06-26,0.0,0.0,38.84,,46.1
2008-06-27,0.0,0.0,44.96,,46.1
2008-06-28,0.0,0.0,49.28,,46.1
2008-06-29,0.0,0.0,36.86,,46.1
2008-06-30,0.0,0.0,34.7,,46.1
2008-07-01,0.0,0.0,44.96,,46.3
2008-07-02,0.0,0.0,54.32,,46.4
2008-07-03,0.0,0.0,57.92,,46.5
2008-07-04,0.0,0.0,59.18,,46.6
2008-07-05,0.0,0.0,62.06,,46.6
2008-07-06,0.0,0.0,62.06,,46.6
2008-07-07,0.0,0.0,58.28,,46.6
2008-07-08,0.0,0.0,57.2,,46.6
2008-07-09,0.0,0.0,62.96,,46.6
2008-07-10,0.0,0.0,67.1,,46.6
2008-07-11,0.0,0.0,60.8,,46.6
2008-07-12,0.0,0.0,60.44,,46.6
2008-07-13,0.0,0.0,60.08,,46.6
2008-07-14,0.0,0.0,61.7,,46.6
2008-07-15,0.0,0.0,61.34,,46.6
2008-07-16,0.0,0.0,63.14,,46.6
2008-07-17,0.0,0.0,67.64,,46.6
2008-07-18,0.0,0.0,70.34,,46.6
2008-07-19,0.0,0.0,69.98,,46.6
2008-07-20,0.0,0.0,62.96,,46.6
2008-07-21,0.0,0.0,65.84,,46.6
2008-07-22,0.0,0.0,71.78,,46.6
2008-07-23,0.0,0.0,66.38,,46.6
2008-07-24,0.0,0.0,62.6,,46.6
2008-07-25,0.0,0.0,62.96,,46.6
2008-07-26,0.0,0.0,63.5,,46.6
2008-07-27,0.0,0.0,65.84,,46.6
2008-07-28,0.0,0.0,66.2,,46.6
2008-07-29,0.0,0.0,66.38,,46.6
2008-07-30,0.0,0.0,61.52,,46.6
2008-07-31,0.0,0.0,62.6,,46.6
2008-08-01,0.0,0.0,65.12,,46.6
2008-08-02,0.0,0.0,65.66,,46.6
2008-08-03,0.0,0.0,66.56,,46.6
2008-08-04,0.0,0.0,65.3,,46.6
2008-08-05,0.0,0.0,64.4,,46.6
2008-08-06,0.0,0.0,61.88,,46.6
2008-08-07,0.0,0.0,62.96,,46.6
2008-08-08,0.0,0.0,70.7,,46.6
2008-08-09,0.0,0.0,66.02,,46.6
2008-08-10,0.0,0.0,60.62,,46.6
2008-08-11,0.0,0.0,62.06,,46.6
2008-08-12,0.0,0.0,63.14,,46.8
2008-08-13,0.0,0.0,68.18,,46.8
2008-08-14,0.0,0.0,67.1,,46.8
2008-08-15,0.0,0.0,65.3,,46.8
2008-08-16,0.0,0.0,64.76,,46.8
2008-08-17,0.0,0.0,63.14,,46.8
2008-08-18,0.0,0.0,59.54,,46.8
2008-08-19,0.0,0.0,64.22,,46.8
2008-08-20,0.0,0.0,65.66,,46.8
2008-08-21,0.0,0.0,62.96,,46.8
2008-08-22,0.0,0.0,63.14,,46.8
2008-08-23,0.0,0.0,65.48,,46.8
2008-08-24,0.0,0.0,67.46,,46.8
2008-08-25,0.0,0.0,70.16,,46.8
2008-08-26,0.0,0.0,68.36,,46.8
2008-08-27,0.0,0.0,64.76,,46.8
2008-08-28,0.0,0.0,64.76,,46.8
2008-08-29,0.0,0.0,59.36,,46.8
2008-08-30,0.0,0.0,57.2,,46.8
2008-08-31,0.0,0.0,61.52,,46.8
2008-09-01,0.0,0.0,65.3,,46.8
2008-09-02,0.0,0.0,68.36,,46.8
2008-09-03,0.0,0.0,67.82,,46.8
2008-09-04,0.0,0.0,66.56,,46.8
2008-09-05,0.0,0.0,68.18,,46.8
2008-09-06,0.0,0.0,70.16,,46.8
2008-09-07,0.0,0.0,61.7,,46.8
2008-09-08,0.0,0.0,62.24,,46.8
2008-09-09,0.0,0.0,55.58,,46.8
2008-09-10,0.0,0.0,51.98,,46.8
2008-09-11,0.0,0.0,60.08,,46.8
2008-09-12,0.0,0.0,67.82,,46.8
2008-09-13,0.0,0.0,66.92,,46.8
2008-09-14,0.0,0.0,49.82,,46.8
2008-09-15,0.0,0.0,52.52,,46.8
2008-09-16,0.0,0.0,56.66,,46.8
2008-09-17,0.0,0.0,60.98,,46.8
2008-09-18,0.0,0.0,63.86,,46.8
2008-09-19,0.0,0.0,49.46,,46.8
2008-09-20,0.0,0.0,40.28,,46.8
2008-09-21,0.0,0.0,44.42,,46.8
2008-09-22,0.0,0.0,48.2,,46.8
2008-09-23,0.0,0.0,50.0,,46.8
2008-09-24,0.0,0.0,49.28,,46.8
2008-09-25,0.0,0.0,52.88,,46.8
2008-09-26,0.0,0.0,53.6,,46.8
2008-09-27,0.0,0.0,53.24,,46.8
2008-09-28,0.0,0.0,57.38,,46.8
2008-09-29,0.0,0.0,51.98,,46.8
2008-09-30,0.0,0.0,49.28,,46.8
2008-10-01,0.0,0.0,53.24,,46.8
2008-10-02,0.0,0.0,55.22,,46.8
2008-10-03,0.0,0.0,55.58,,46.8
2008-10-04,0.0,0.0,58.46,,46.8
2008-10-05,0.0,0.0,59.0,,46.8
2008-10-06,0.0,0.0,60.08,,46.8
2008-10-07,0.0,0.0,58.64,,46.8
2008-10-08,0.0,0.0,58.46,,46.9
2008-10-09,0.0,0.0,45.32,,46.9
2008-10-10,0.0,0.0,40.1,,46.9
2008-10-11,0.0,0.0,38.3,,47.1
2008-10-12,0.0,0.0,40.46,,48.3
2008-10-13,0.0,0.0,50.72,,48.3
2008-10-14,0.0,0.0,52.16,,48.3
2008-10-15,0.0,0.0,50.36,,48.3
2008-10-16,0.0,0.0,52.7,,48.4
2008-10-17,0.0,0.0,52.52,,48.4
2008-10-18,0.0,0.0,56.12,,48.4
2008-10-19,0.0,3.0,58.64,,48.4
2008-10-20,0.0,3.0,57.56,,48.4
2008-10-21,0.0,2.0,52.16,,48.5
2008-10-22,0.0,2.0,49.46,,0.0
2008-10-23,0.0,2.0,40.64,,0.0
2008-10-24,0.0,0.0,37.76,,0.0
2008-10-25,0.0,0.0,41.9,,0.0
2008-10-26,0.0,0.0,44.06,,0.9
2008-10-27,0.0,0.0,35.24,,1.0
2008-10-28,0.0,0.0,28.76,,1.0
2008-10-29,0.0,0.0,24.8,,1.0
2008-10-30,0.0,0.0,25.16,,1.0
2008-10-31,0.0,0.0,27.5,,1.0
2008-11-01,0.2,0.0,32.72,,1.0
2008-11-02,0.2,0.0,37.94,,1.2
2008-11-03,0.2,0.0,36.68,,1.2
2008-11-04,0.2,0.0,40.28,,1.2
2008-11-05,0.1,0.0,45.68,,1.2
2008-11-06,0.0,0.0,47.48,,1.2
2008-11-07,0.0,0.0,44.6,,1.3
2008-11-08,0.0,0.0,45.5,,1.3
2008-11-09,0.0,0.0,31.28,,1.3
2008-11-10,0.0,0.0,31.82,,1.3
2008-11-11,0.0,2.0,38.66,,1.3
2008-11-12,0.0,7.0,39.02,,1.3
2008-11-13,0.0,9.0,41.36,,1.3
2008-11-14,0.0,8.0,41.72,,1.3
2008-11-15,0.0,6.0,47.12,,1.3
2008-11-16,0.0,5.0,49.46,,1.3
2008-11-17,0.0,5.0,44.6,,1.3
2008-11-18,0.0,5.0,45.68,,1.3
2008-11-19,0.0,7.0,47.12,,1.3
2008-11-20,0.0,7.0,44.06,,1.3
2008-11-21,0.0,5.0,38.3,,1.4
2008-11-22,0.0,5.0,33.8,,1.4
2008-11-23,0.0,5.0,27.14,,1.9
2008-11-24,0.2,5.0,21.74,,3.0
2008-11-25,1.2,5.0,26.96,,3.1
2008-11-26,1.2,5.0,33.98,,4.1
2008-11-27,1.3,5.0,36.86,,4.1
2008-11-28,1.3,4.0,35.06,,4.2
2008-11-29,1.4,4.0,33.26,,4.2
2008-11-30,1.4,5.0,31.28,,4.3
2008-12-01,1.3,6.0,36.68,,4.3
2008-12-02,1.6,7.0,34.7,,4.3
2008-12-03,1.7,6.0,28.04,,4.6
2008-12-04,1.5,7.0,33.08,,4.7
2008-12-05,1.5,6.0,36.68,,4.7
2008-12-06,1.5,6.0,40.82,,4.7
2008-12-07,1.5,5.0,41.72,,4.7
2008-12-08,1.6,5.0,39.92,,4.7
2008-12-09,1.6,6.0,36.14,,4.9
2008-12-10,1.6,8.0,25.7,,4.9
2008-12-11,1.6,8.0,27.5,,4.9
2008-12-12,1.6,9.0,23.72,,4.9
2008-12-13,1.6,8.0,27.14,,4.9
2008-12-14,1.6,8.0,32.36,,4.9
2008-12-15,1.7,9.0,32.9,,4.9
2008-12-16,1.7,11.0,32.9,,5.0
2008-12-17,1.7,10.0,30.56,,5.0
2008-12-18,1.9,10.0,34.16,,5.0
2008-12-19,2.0,10.0,35.06,,5.2
2008-12-20,2.0,16.0,35.06,,5.3
2008-12-21,2.0,28.0,33.08,,5.3
2008-12-22,2.0,36.0,28.76,,5.3
2008-12-23,2.5,31.0,21.02,,5.3
2008-12-24,2.5,30.0,23.72,,5.8
2008-12-25,2.5,27.0,31.64,,5.8
2008-12-26,2.5,32.0,29.84,,5.8
2008-12-27,2.5,34.0,24.26,,5.8
2008-12-28,2.7,33.0,20.66,,5.8
2008-12-29,2.7,37.0,27.32,,6.0
2008-12-30,2.8,38.0,27.14,,6.0
2008-12-31,2.8,36.0,27.14,,6.1
2009-01-01,2.8,43.0,16.34,,6.1
2009-01-02,3.6,50.0,14.54,,6.1
2009-01-03,4.1,47.0,12.74,,6.9
2009-01-04,4.6,54.0,7.16,,7.4
2009-01-05,4.6,57.0,7.16,,7.9
2009-01-06,4.6,58.0,15.26,,7.9
2009-01-07,4.6,54.0,12.38,,7.9
2009-01-08,5.3,54.0,8.42,,7.9
2009-01-09,5.5,60.0,19.58,,8.7
2009-01-10,5.7,58.0,19.94,,8.9
2009-01-11,6.7,57.0,14.18,,9.1
2009-01-12,7.1,55.0,14.72,,10.1
2009-01-13,7.1,59.0,17.96,,10.5
2009-01-14,7.9,62.0,9.86,,10.5
2009-01-15,8.6,60.0,17.24,,11.3
2009-01-16,8.6,61.0,29.12,,12.1
2009-01-17,9.7,60.0,30.56,,12.1
2009-01-18,11.9,59.0,17.6,,13.2
2009-01-19,12.7,59.0,26.78,,15.5
2009-01-20,12.7,58.0,29.12,,16.3
2009-01-21,13.2,58.0,24.44,,16.3
2009-01-22,14.1,57.0,5.9,,16.8
2009-01-23,14.1,56.0,3.74,,17.7
2009-01-24,14.1,56.0,17.96,,17.7
2009-01-25,14.1,55.0,27.5,,17.7
2009-01-26,14.1,54.0,32.36,,17.7
2009-01-27,14.1,54.0,30.56,,17.7
2009-01-28,14.2,54.0,20.84,,17.7
2009-01-29,14.4,53.0,21.2,,17.8
2009-01-30,14.4,53.0,28.76,,18.0
2009-01-31,14.7,53.0,31.64,,18.0
2009-02-01,16.4,55.0,25.88,,18.3
2009-02-02,16.4,55.0,25.88,,20.1
2009-02-03,16.4,56.0,27.68,,20.1
2009-02-04,16.4,55.0,26.6,,20.1
2009-02-05,16.4,56.0,25.7,,20.1
2009-02-06,16.4,55.0,27.86,,20.1
2009-02-07,16.4,55.0,29.66,,20.1
2009-02-08,16.4,54.0,32.36,,20.1
2009-02-09,16.4,53.0,30.38,,20.1
2009-02-10,16.4,53.0,31.82,,20.1
2009-02-11,16.4,53.0,29.3,,20.1
2009-02-12,16.4,52.0,29.48,,20.1
2009-02-13,16.6,52.0,23.72,,20.1
2009-02-14,16.8,54.0,9.5,,20.3
2009-02-15,16.8,53.0,8.24,,20.5
2009-02-16,16.8,52.0,21.2,,20.5
2009-02-17,17.0,54.0,18.86,,20.5
2009-02-18,17.1,55.0,23.36,,20.7
2009-02-19,17.1,57.0,23.54,,20.8
2009-02-20,17.1,56.0,17.96,,20.8
2009-02-21,17.1,55.0,26.6,,20.8
2009-02-22,17.1,57.0,30.74,,20.8
2009-02-23,17.2,56.0,32.9,,20.8
2009-02-24,17.2,56.0,35.06,,20.9
2009-02-25,17.2,56.0,30.02,,20.9
2009-02-26,17.4,56.0,27.5,,20.9
2009-02-27,17.4,55.0,24.8,,21.1
2009-02-28,17.4,55.0,25.16,,21.1
2009-03-01,17.5,54.0,15.8,,21.1
2009-03-02,17.5,54.0,17.96,,21.2
2009-03-03,17.5,53.0,15.8,,21.2
2009-03-04,17.6,53.0,18.32,,21.2
2009-03-05,17.6,55.0,20.48,,21.3
2009-03-06,17.7,61.0,20.48,,21.3
2009-03-07,17.9,60.0,27.68,,21.4
2009-03-08,17.9,,26.6,,21.6
2009-03-09,18.0,59.0,26.96,,21.6
2009-03-10,18.0,58.0,23.72,,21.7
2009-03-11,18.0,56.0,26.96,,21.7
2009-03-12,18.0,57.0,28.76,,21.7
2009-03-13,18.0,65.0,33.8,,21.7
2009-03-14,18.1,78.0,35.24,,21.7
2009-03-15,18.3,77.0,32.9,,21.8
2009-03-16,18.5,74.0,29.84,,22.1
2009-03-17,18.7,72.0,21.02,,22.3
2009-03-18,18.8,72.0,13.28,,22.5
2009-03-19,19.5,74.0,25.34,,22.6
2009-03-20,19.5,72.0,,,23.3
2009-03-21,,70.0,37.04,,23.3
2009-03-22,19.6,69.0,40.46,,
2009-03-23,19.6,68.0,33.26,,23.4
2009-03-24,19.8,75.0,27.68,,23.4
2009-03-25,20.2,74.0,22.64,,23.6
2009-03-26,21.1,72.0,19.4,,24.0
2009-03-27,22.8,71.0,18.86,,24.9
2009-03-28,23.1,70.0,16.7,,26.7
2009-03-29,23.2,68.0,11.66,,27.0
2009-03-30,23.2,67.0,13.1,,27.1
2009-03-31,23.2,68.0,13.82,,27.1
2009-04-01,23.2,67.0,20.12,,27.1
2009-04-02,23.2,69.0,26.42,,27.1
2009-04-03,23.2,75.0,30.92,,27.1
2009-04-04,23.2,74.0,30.2,,27.1
2009-04-05,23.2,72.0,32.9,,27.1
2009-04-06,24.3,71.0,31.28,,27.1
2009-04-07,25.2,80.0,32.0,,28.2
2009-04-08,25.4,76.0,37.22,,29.2
2009-04-09,25.5,81.0,39.56,,29.4
2009-04-10,25.5,78.0,38.84,,29.5
2009-04-11,25.5,83.0,30.74,,29.5
2009-04-12,25.5,82.0,28.22,,29.5
2009-04-13,25.6,80.0,27.5,,29.5
2009-04-14,25.7,78.0,25.88,,29.6
2009-04-15,25.9,76.0,21.92,,29.7
2009-04-16,26.5,74.0,27.14,,29.9
2009-04-17,26.5,75.0,31.46,,30.5
2009-04-18,26.5,74.0,22.28,,30.5
2009-04-19,26.9,73.0,23.9,,30.5
2009-04-20,27.6,72.0,24.08,,30.9
2009-04-21,27.7,71.0,22.64,,31.6
2009-04-22,28.2,71.0,28.76,,31.7
2009-04-23,28.3,70.0,27.14,,32.2
2009-04-24,29.2,70.0,30.02,,32.4
2009-04-25,29.2,68.0,32.54,,33.3
2009-04-26,29.2,66.0,38.12,,33.3
2009-04-27,29.2,65.0,44.24,,33.3
2009-04-28,29.2,63.0,35.96,,33.3
2009-04-29,29.1,61.0,36.86,,33.3
2009-04-30,29.6,59.0,34.34,,33.3
2009-05-01,29.5,57.0,36.32,,33.8
2009-05-02,29.7,56.0,38.12,,33.8
2009-05-03,29.5,55.0,36.32,,34.0
2009-05-04,29.2,53.0,32.54,,34.2
2009-05-05,29.2,53.0,32.9,,34.2
2009-05-06,29.2,51.0,38.48,,34.5
2009-05-07,29.2,51.0,40.28,,34.5
2009-05-08,29.0,51.0,41.9,,34.5
2009-05-09,28.7,51.0,45.5,,34.5
2009-05-10,28.4,50.0,49.28,,34.5
2009-05-11,28.0,50.0,50.72,,34.5
2009-05-12,27.4,50.0,49.46,,34.5
2009-05-13,26.6,49.0,38.66,,34.5
2009-05-14,25.7,47.0,32.72,,34.5
2009-05-15,25.3,47.0,33.44,,34.5
2009-05-16,25.0,46.0,33.26,,34.5
2009-05-17,24.5,45.0,35.96,,34.5
2009-05-18,24.1,44.0,33.44,,34.5
2009-05-19,23.8,42.0,32.54,,34.5
2009-05-20,24.0,40.0,32.0,,34.6
2009-05-21,23.9,40.0,35.6,,34.9
2009-05-22,23.8,37.0,36.68,,34.9
2009-05-23,23.8,36.0,35.06,,35.0
2009-05-24,23.8,34.0,34.34,,35.1
2009-05-25,23.8,30.0,40.1,,35.7
2009-05-26,23.6,26.0,37.76,,36.4
2009-05-27,23.0,24.0,35.06,,36.9
2009-05-28,22.6,22.0,34.7,,37.2
2009-05-29,22.3,19.0,38.12,,37.5
2009-05-30,22.1,17.0,42.62,,37.5
2009-05-31,21.5,15.0,46.22,,37.5
2009-06-01,20.5,12.0,35.24,,37.6
2009-06-02,19.4,9.0,35.06,,37.6
2009-06-03,18.8,6.0,39.92,,37.7
2009-06-04,18.3,3.0,43.52,,37.7
2009-06-05,17.8,1.0,49.64,,37.7
2009-06-06,17.0,0.0,57.2,,38.0
2009-06-07,16.0,0.0,61.52,,38.0
2009-06-08,14.6,0.0,55.76,,38.1
2009-06-09,13.0,0.0,42.8,,38.1
2009-06-10,11.5,0.0,47.66,,38.1
2009-06-11,10.5,0.0,55.76,,38.1
2009-06-12,9.2,0.0,53.6,,38.1
2009-06-13,7.8,0.0,51.08,,38.1
2009-06-14,6.5,0.0,51.62,,38.1
2009-06-15,4.8,0.0,53.42,,38.3
2009-06-16,3.2,0.0,55.58,,38.3
2009-06-17,1.5,0.0,59.9,,38.3
2009-06-18,0.2,0.0,62.6,,38.3
2009-06-19,0.0,0.0,62.6,,38.3
2009-06-20,0.0,0.0,57.92,,38.3
2009-06-21,0.0,0.0,51.98,,38.3
2009-06-22,0.0,0.0,49.82,,38.3
2009-06-23,0.0,0.0,56.66,,38.3
2009-06-24,0.0,0.0,57.2,,38.4
2009-06-25,0.0,0.0,47.66,,38.5
2009-06-26,0.0,0.0,46.04,,38.5
2009-06-27,0.0,0.0,45.68,,38.5
2009-06-28,0.0,0.0,46.58,,39.4
2009-06-29,0.0,0.0,50.0,,39.7
2009-06-30,0.0,0.0,48.92,,39.8
2009-07-01,0.0,0.0,46.58,,39.8
2009-07-02,0.0,0.0,47.48,,39.8
2009-07-03,0.0,0.0,48.38,,40.0
2009-07-04,0.0,0.0,48.56,,40.3
2009-07-05,0.0,0.0,49.46,,40.5
2009-07-06,0.0,0.0,51.8,,40.6
2009-07-07,0.0,0.0,49.28,,40.8
2009-07-08,0.0,0.0,51.44,,40.8
2009-07-09,0.0,0.0,51.98,,40.9
2009-07-10,0.0,0.0,48.2,,41.0
2009-07-11,0.0,0.0,44.78,,41.0
2009-07-12,0.0,0.0,41.0,,41.0
2009-07-13,0.0,0.0,50.72,,41.0
2009-07-14,0.0,0.0,61.52,,41.1
2009-07-15,0.0,0.0,62.6,,41.1
2009-07-16,0.0,0.0,55.58,,41.2
2009-07-17,0.0,0.0,56.12,,41.3
2009-07-18,0.0,0.0,61.16,,41.3
2009-07-19,0.0,0.0,64.4,,41.3
2009-07-20,0.0,0.0,63.68,,41.3
2009-07-21,0.0,0.0,61.88,,41.3
2009-07-22,0.0,0.0,62.78,,41.3
2009-07-23,0.0,0.0,61.52,,41.3
2009-07-24,0.0,0.0,59.9,,41.3
2009-07-25,0.0,0.0,61.88,,41.3
2009-07-26,0.0,0.0,58.82,,41.3
2009-07-27,0.0,0.0,56.12,,41.3
2009-07-28,0.0,0.0,51.62,,41.3
2009-07-29,0.0,0.0,51.26,,41.3
2009-07-30,0.0,0.0,59.18,,41.3
2009-07-31,0.0,0.0,64.04,,41.3
2009-08-01,0.0,0.0,59.72,,41.3
2009-08-02,0.0,0.0,50.72,,41.3
2009-08-03,0.0,0.0,55.04,,41.4
2009-08-04,0.0,0.0,60.98,,41.4
2009-08-05,0.0,0.0,65.84,,41.4
2009-08-06,0.0,0.0,67.82,,41.4
2009-08-07,0.0,0.0,71.06,,41.5
2009-08-08,0.0,0.0,68.0,,41.5
2009-08-09,0.0,0.0,63.14,,41.5
2009-08-10,0.0,0.0,66.92,,41.5
2009-08-11,0.0,0.0,69.44,,41.5
2009-08-12,0.0,0.0,67.64,,41.5
2009-08-13,0.0,0.0,66.92,,41.5
2009-08-14,0.0,0.0,68.0,,41.5
2009-08-15,0.0,0.0,67.46,,41.5
2009-08-16,0.0,0.0,63.86,,41.5
2009-08-17,0.0,0.0,64.94,,41.5
2009-08-18,0.0,0.0,62.78,,41.5
2009-08-19,0.0,0.0,62.6,,41.5
2009-08-20,0.0,0.0,64.94,,41.5
2009-08-21,0.0,0.0,66.92,,41.5
2009-08-22,0.0,0.0,68.72,,41.5
2009-08-23,0.0,0.0,70.34,,41.5
2009-08-24,0.0,0.0,67.1,,41.5
2009-08-25,0.0,0.0,66.38,,41.6
2009-08-26,0.0,0.0,52.52,,41.6
2009-08-27,0.0,0.0,42.8,,41.6
2009-08-28,0.0,0.0,46.58,,41.6
2009-08-29,0.0,0.0,51.98,,41.7
2009-08-30,0.0,0.0,58.82,,42.7
2009-08-31,0.0,0.0,63.32,,42.7
2009-09-01,0.0,0.0,61.7,,42.8
2009-09-02,0.0,0.0,58.64,,42.8
2009-09-03,0.0,0.0,50.36,,42.8
2009-09-04,0.0,0.0,47.3,,42.8
2009-09-05,0.0,0.0,49.82,,42.8
2009-09-06,0.0,0.0,52.52,,42.8
2009-09-07,0.0,0.0,57.38,,42.8
2009-09-08,0.0,0.0,62.6,,42.8
2009-09-09,0.0,0.0,66.2,,42.8
2009-09-10,0.0,0.0,68.72,,42.8
2009-09-11,0.0,0.0,66.92,,42.8
2009-09-12,0.0,0.0,60.62,,42.8
2009-09-13,0.0,0.0,57.74,,42.8
2009-09-14,0.0,0.0,60.98,,42.8
2009-09-15,0.0,0.0,63.86,,42.8
2009-09-16,0.0,0.0,64.76,,42.8
2009-09-17,0.0,0.0,67.82,,42.8
2009-09-18,0.0,0.0,63.86,,42.8
2009-09-19,0.0,0.0,49.1,,42.9
2009-09-20,0.0,0.0,53.96,,42.9
2009-09-21,0.0,0.0,60.08,,43.3
2009-09-22,0.0,0.0,62.6,,43.5
2009-09-23,0.0,0.0,62.6,,43.5
2009-09-24,0.0,0.0,61.16,,43.5
2009-09-25,0.0,0.0,61.16,,43.5
2009-09-26,0.0,0.0,53.78,,43.5
2009-09-27,0.0,0.0,46.04,,43.5
2009-09-28,0.0,0.0,46.22,,43.5
2009-09-29,0.0,0.0,55.04,,43.5
2009-09-30,0.0,0.0,59.54,,43.5
2009-10-01,0.0,0.0,60.62,,43.5
2009-10-02,0.0,0.0,62.06,,43.5
2009-10-03,0.0,0.0,60.8,,43.5
2009-10-04,0.0,0.0,56.84,,43.6
2009-10-05,0.0,0.0,55.4,,43.6
2009-10-06,0.0,0.0,58.46,,43.6
2009-10-07,0.0,0.0,59.9,,43.6
2009-10-08,0.0,0.0,59.54,,43.8
2009-10-09,0.0,0.0,59.9,,43.8
2009-10-10,0.0,0.0,48.38,,43.8
2009-10-11,0.0,0.0,46.22,,43.8
2009-10-12,0.0,6.0,55.58,,43.8
2009-10-13,0.0,13.0,60.44,,43.8
2009-10-14,0.0,10.0,61.7,,43.8
2009-10-15,0.0,9.0,62.24,,43.8
2009-10-16,0.0,10.0,59.0,,43.8
2009-10-17,0.0,8.0,54.32,,43.8
2009-10-18,0.0,9.0,59.9,,43.8
2009-10-19,0.0,8.0,48.2,,43.8
2009-10-20,0.0,8.0,31.46,,43.8
2009-10-21,0.0,6.0,30.74,,43.8
2009-10-22,0.0,5.0,35.06,,43.8
2009-10-23,0.0,3.0,34.7,,0.0
2009-10-24,0.0,1.0,32.54,,0.1
2009-10-25,1.0,1.0,32.18,,0.1
2009-10-26,1.7,0.0,32.18,,1.0
2009-10-27,1.6,0.0,34.34,,2.0
2009-10-28,1.5,0.0,33.44,,2.1
2009-10-29,1.5,0.0,32.9,,2.1
2009-10-30,1.4,0.0,26.42,,2.1
2009-10-31,1.3,0.0,25.88,,2.1
2009-11-01,1.3,0.0,34.88,,2.1
2009-11-02,1.3,0.0,39.92,,2.1
2009-11-03,1.4,0.0,38.84,,2.1
2009-11-04,1.4,1.0,40.1,,2.3
2009-11-05,1.0,1.0,42.98,,2.5
2009-11-06,0.4,1.0,48.2,,3.2
2009-11-07,0.3,1.0,48.56,,3.3
2009-11-08,0.0,2.0,39.02,,3.3
2009-11-09,0.0,1.0,36.32,,3.4
2009-11-10,0.0,0.0,36.32,,3.5
2009-11-11,0.0,0.0,39.38,,3.8
2009-11-12,0.0,0.0,40.1,,3.8
2009-11-13,0.0,0.0,35.06,,3.9
2009-11-14,0.0,0.0,30.74,,3.9
2009-11-15,0.0,0.0,36.5,,4.2
2009-11-16,0.0,0.0,24.98,,4.2
2009-11-17,0.1,0.0,24.44,,4.3
2009-11-18,0.1,1.0,20.66,,4.4
2009-11-19,0.1,1.0,33.26,,4.4
2009-11-20,0.3,4.0,36.86,,4.4
2009-11-21,0.4,7.0,34.88,,4.6
2009-11-22,0.2,10.0,31.28,,4.7
2009-11-23,0.0,11.0,34.34,,4.7
2009-11-24,0.0,10.0,41.18,,4.7
2009-11-25,0.0,9.0,44.78,,4.7
2009-11-26,0.0,8.0,34.88,,4.7
2009-11-27,0.0,9.0,30.02,,4.8
2009-11-28,0.0,9.0,27.14,,4.9
2009-11-29,0.0,12.0,31.46,,5.0
2009-11-30,0.0,12.0,35.06,,5.0
2009-12-01,0.2,16.0,33.08,,5.0
2009-12-02,0.2,17.0,23.9,,5.1
2009-12-03,1.1,15.0,19.94,,5.1
2009-12-04,1.3,14.0,17.24,,5.8
2009-12-05,1.6,14.0,15.62,,5.9
2009-12-06,1.7,15.0,25.34,,6.2
2009-12-07,1.9,15.0,34.34,,6.3
2009-12-08,1.9,15.0,27.68,,6.5
2009-12-09,1.9,15.0,24.44,,6.5
2009-12-10,1.9,15.0,33.26,,6.5
2009-12-11,2.0,15.0,20.84,,6.5
2009-12-12,2.5,14.0,21.38,,6.6
2009-12-13,2.6,14.0,19.04,,7.1
2009-12-14,3.3,15.0,23.54,,7.2
2009-12-15,3.3,14.0,27.68,,7.9
2009-12-16,3.3,15.0,31.82,,7.9
2009-12-17,3.4,15.0,32.72,,7.9
2009-12-18,3.4,15.0,26.96,,8.0
2009-12-19,3.4,14.0,25.16,,8.0
2009-12-20,3.4,14.0,27.14,,8.0
2009-12-21,3.4,19.0,24.26,,8.0
2009-12-22,3.4,22.0,14.0,,8.0
2009-12-23,3.4,21.0,10.04,,8.0
2009-12-24,3.4,33.0,16.16,,8.0
2009-12-25,3.4,39.0,12.92,,8.0
2009-12-26,3.4,36.0,5.36,,8.0
2009-12-27,3.4,36.0,0.86,,8.0
2009-12-28,3.4,36.0,-2.02,,8.0
2009-12-29,3.4,36.0,-2.2,,8.0
2009-12-30,3.4,34.0,1.94,,8.0
2009-12-31,3.4,38.0,13.46,,8.0
2010-01-01,3.4,37.0,23.54,,8.0
2010-01-02,3.6,36.0,24.98,,8.0
2010-01-03,4.1,35.0,21.02,,8.2
2010-01-04,4.5,35.0,25.88,,8.7
2010-01-05,4.5,34.0,30.38,,9.1
2010-01-06,6.0,33.0,30.92,,9.1
2010-01-07,7.0,35.0,25.7,,10.6
2010-01-08,7.1,41.0,27.86,,11.6
2010-01-09,7.1,45.0,32.72,,11.7
2010-01-10,7.3,54.0,31.82,,11.7
2010-01-11,7.6,51.0,21.92,,11.9
2010-01-12,7.6,49.0,14.18,,12.2
2010-01-13,7.7,49.0,11.84,,12.2
2010-01-14,7.7,52.0,17.42,,12.3
2010-01-15,7.7,51.0,14.54,,12.3
2010-01-16,7.7,50.0,15.08,,12.3
2010-01-17,7.7,49.0,20.12,,12.3
2010-01-18,7.8,48.0,20.12,,12.3
2010-01-19,7.8,47.0,21.56,,12.4
2010-01-20,7.9,46.0,22.1,,12.4
2010-01-21,8.5,48.0,28.76,,12.5
2010-01-22,9.0,50.0,27.14,,13.1
2010-01-23,10.6,49.0,21.56,,13.6
2010-01-24,10.6,48.0,26.78,,15.2
2010-01-25,10.6,49.0,30.02,,15.2
2010-01-26,10.8,49.0,27.68,,15.2
2010-01-27,11.5,51.0,17.78,,15.4
2010-01-28,11.5,55.0,18.32,,16.1
2010-01-29,11.5,55.0,26.6,,16.1
2010-01-30,11.5,55.0,28.76,,16.1
2010-01-31,11.5,59.0,31.82,,16.1
2010-02-01,11.5,62.0,33.44,,16.1
2010-02-02,11.5,61.0,30.74,,16.1
2010-02-03,11.9,59.0,24.62,,16.1
2010-02-04,12.4,64.0,25.7,,16.5
2010-02-05,12.4,62.0,30.02,,17.0
2010-02-06,12.4,61.0,29.3,,17.0
2010-02-07,12.7,60.0,31.28,,17.0
2010-02-08,12.8,61.0,27.86,,17.3
2010-02-09,13.2,64.0,27.14,,17.4
2010-02-10,13.7,63.0,26.78,,17.8
2010-02-11,13.8,61.0,25.7,,18.3
2010-02-12,14.0,61.0,24.26,,18.4
2010-02-13,14.6,59.0,20.48,,18.6
2010-02-14,15.1,62.0,27.14,,19.2
2010-02-15,15.1,61.0,29.3,,19.7
2010-02-16,15.2,60.0,28.04,,19.7
2010-02-17,16.0,59.0,24.98,,19.8
2010-02-18,16.0,58.0,25.34,,20.6
2010-02-19,16.0,58.0,24.62,,20.6
2010-02-20,16.1,59.0,24.98,,20.6
2010-02-21,16.2,62.0,23.72,,20.7
2010-02-22,16.6,62.0,26.42,,20.8
2010-02-23,16.6,61.0,27.86,,21.2
2010-02-24,16.6,60.0,27.14,,21.2
2010-02-25,16.7,59.0,29.12,,21.2
2010-02-26,16.7,58.0,24.44,,21.3
2010-02-27,17.3,58.0,21.02,,21.3
2010-02-28,17.3,60.0,20.3,,21.9
2010-03-01,17.3,60.0,22.1,,21.9
2010-03-02,17.3,59.0,23.54,,21.9
2010-03-03,17.3,58.0,27.5,,21.9
2010-03-04,17.4,58.0,30.92,,21.9
2010-03-05,17.6,65.0,28.04,,22.0
2010-03-06,18.3,64.0,30.92,,22.2
2010-03-07,18.3,64.0,31.28,,22.8
2010-03-08,18.4,63.0,30.74,,22.8
2010-03-09,18.4,,30.02,,22.9
2010-03-10,18.4,63.0,24.62,,22.9
2010-03-11,18.4,62.0,21.92,,22.9
2010-03-12,18.4,61.0,18.32,,22.9
2010-03-13,18.6,62.0,13.28,,22.9
2010-03-14,18.6,63.0,17.06,,23.0
2010-03-15,18.6,62.0,24.62,,23.0
2010-03-16,18.6,61.0,28.22,,23.0
2010-03-17,18.7,61.0,26.24,,23.0
2010-03-18,19.6,62.0,27.68,,23.1
2010-03-19,19.7,61.0,31.82,,24.0
2010-03-20,19.7,61.0,32.36,,24.1
2010-03-21,19.9,60.0,,,24.1
2010-03-22,,61.0,31.64,,24.3
2010-03-23,19.9,65.0,35.78,,
2010-03-24,19.9,63.0,32.0,,24.3
2010-03-25,19.9,61.0,30.38,,24.3
2010-03-26,19.9,60.0,32.36,,24.3
2010-03-27,20.3,59.0,31.82,,24.3
2010-03-28,20.3,58.0,32.18,,24.6
2010-03-29,20.3,58.0,30.2,,24.6
2010-03-30,20.3,57.0,22.46,,24.6
2010-03-31,20.4,58.0,20.66,,24.6
2010-04-01,20.4,58.0,23.9,,24.7
2010-04-02,20.4,58.0,33.44,,24.7
2010-04-03,20.5,57.0,28.04,,24.7
2010-04-04,20.7,60.0,27.68,,24.8
2010-04-05,21.0,63.0,34.34,,25.0
2010-04-06,21.0,62.0,39.92,,25.3
2010-04-07,21.0,60.0,40.64,,25.3
2010-04-08,21.0,60.0,32.9,,25.3
2010-04-09,21.0,68.0,29.48,,25.3
2010-04-10,21.0,66.0,31.64,,25.3
2010-04-11,21.0,66.0,36.32,,25.3
2010-04-12,21.0,72.0,28.22,,25.3
2010-04-13,21.3,73.0,28.4,,25.3
2010-04-14,21.3,71.0,32.72,,25.5
2010-04-15,21.3,74.0,30.92,,25.5
2010-04-16,21.4,72.0,25.88,,25.5
2010-04-17,21.8,70.0,28.76,,25.6
2010-04-18,22.1,71.0,36.14,,26.0
2010-04-19,22.2,69.0,35.24,,26.3
2010-04-20,22.3,68.0,26.6,,26.4
2010-04-21,22.7,66.0,25.7,,26.5
2010-04-22,23.7,68.0,22.46,,26.9
2010-04-23,23.9,67.0,23.0,,27.9
2010-04-24,23.9,66.0,21.74,,28.1
2010-04-25,24.7,63.0,24.62,,28.1
2010-04-26,25.0,62.0,27.5,,28.9
2010-04-27,25.2,59.0,26.42,,29.2
2010-04-28,25.5,57.0,29.84,,29.4
2010-04-29,25.6,55.0,27.5,,29.7
2010-04-30,25.7,52.0,23.54,,29.8
2010-05-01,25.7,51.0,30.2,,29.9
2010-05-02,25.8,49.0,41.9,,29.9
2010-05-03,25.8,48.0,32.18,,30.0
2010-05-04,25.9,46.0,30.02,,30.0
2010-05-05,26.3,44.0,35.24,,30.1
2010-05-06,26.3,42.0,43.52,,30.5
2010-05-07,26.3,42.0,46.04,,30.5
2010-05-08,26.3,45.0,43.52,,30.5
2010-05-09,26.2,48.0,45.68,,30.5
2010-05-10,25.9,46.0,48.92,,30.5
2010-05-11,25.3,45.0,49.1,,30.5
2010-05-12,24.7,45.0,39.02,,30.5
2010-05-13,24.3,45.0,40.82,,30.5
2010-05-14,23.5,44.0,39.2,,30.7
2010-05-15,22.9,46.0,38.12,,30.8
2010-05-16,22.4,45.0,35.96,,30.9
2010-05-17,21.8,44.0,42.26,,30.9
2010-05-18,21.2,43.0,37.4,,30.9
2010-05-19,20.6,41.0,27.86,,30.9
2010-05-20,20.7,41.0,28.22,,31.0
2010-05-21,21.4,38.0,31.82,,31.9
2010-05-22,21.7,37.0,31.28,,32.6
2010-05-23,21.7,34.0,35.06,,33.0
2010-05-24,21.7,32.0,34.7,,33.1
2010-05-25,21.6,29.0,27.32,,33.2
2010-05-26,21.6,26.0,28.76,,33.3
2010-05-27,21.6,23.0,28.76,,33.4
2010-05-28,21.6,21.0,33.08,,33.5
2010-05-29,21.7,18.0,37.94,,33.7
2010-05-30,21.7,17.0,40.1,,33.8
2010-05-31,21.5,16.0,35.78,,33.9
2010-06-01,21.0,19.0,40.28,,33.9
2010-06-02,20.8,18.0,41.9,,33.9
2010-06-03,20.3,16.0,42.62,,34.2
2010-06-04,19.2,14.0,44.6,,34.2
2010-06-05,18.1,12.0,47.12,,34.2
2010-06-06,17.2,10.0,51.26,,34.2
2010-06-07,16.3,10.0,53.42,,34.2
2010-06-08,15.2,8.0,40.82,,34.2
2010-06-09,13.7,5.0,46.04,,34.3
2010-06-10,12.9,3.0,36.5,,34.3
2010-06-11,11.9,2.0,35.06,,34.4
2010-06-12,10.9,1.0,30.38,,34.6
2010-06-13,10.5,0.0,33.08,,34.7
2010-06-14,10.8,0.0,34.16,,34.7
2010-06-15,10.7,0.0,41.9,,35.1
2010-06-16,10.4,0.0,42.98,,35.2
2010-06-17,9.7,0.0,39.2,,35.2
2010-06-18,8.9,0.0,37.04,,35.4
2010-06-19,8.0,0.0,38.66,,35.8
2010-06-20,7.4,0.0,43.52,,36.2
2010-06-21,6.7,0.0,42.8,,36.5
2010-06-22,5.8,0.0,45.68,,36.5
2010-06-23,5.0,0.0,44.78,,36.6
2010-06-24,3.9,0.0,46.4,,37.0
2010-06-25,2.9,0.0,45.5,,37.2
2010-06-26,1.6,0.0,48.02,,38.9
2010-06-27,0.8,0.0,48.56,,39.0
2010-06-28,0.0,0.0,50.18,,41.0
2010-06-29,0.0,0.0,51.26,,41.0
2010-06-30,0.0,0.0,48.38,,41.2
2010-07-01,0.0,0.0,39.2,,41.2
2010-07-02,0.0,0.0,44.42,,41.3
2010-07-03,0.0,0.0,52.52,,41.3
2010-07-04,0.0,0.0,55.04,,41.4
2010-07-05,0.0,0.0,57.2,,41.5
2010-07-06,0.0,0.0,53.78,,41.5
2010-07-07,0.0,0.0,41.9,,41.5
2010-07-08,0.0,0.0,37.76,,41.6
2010-07-09,0.0,0.0,49.1,,41.6
2010-07-10,0.0,0.0,57.02,,41.6
2010-07-11,0.0,0.0,48.38,,41.6
2010-07-12,0.0,0.0,46.4,,41.6
2010-07-13,0.0,0.0,51.98,,41.6
2010-07-14,0.0,0.0,59.9,,41.7
2010-07-15,0.0,0.0,62.24,,41.7
2010-07-16,0.0,0.0,57.56,,41.7
2010-07-17,0.0,0.0,56.12,,41.8
2010-07-18,0.0,0.0,58.82,,41.8
2010-07-19,0.0,0.0,65.3,,41.8
2010-07-20,0.0,0.0,61.52,,41.8
2010-07-21,0.0,0.0,59.36,,41.8
2010-07-22,0.0,0.0,59.72,,41.8
2010-07-23,0.0,0.0,52.16,,41.8
2010-07-24,0.0,0.0,47.48,,41.8
2010-07-25,0.0,0.0,52.88,,41.8
2010-07-26,0.0,0.0,52.7,,41.8
2010-07-27,0.0,0.0,53.96,,41.8
2010-07-28,0.0,0.0,57.92,,41.9
2010-07-29,0.0,0.0,62.6,,41.9
2010-07-30,0.0,0.0,65.66,,41.9
2010-07-31,0.0,0.0,65.3,,41.9
2010-08-01,0.0,0.0,63.68,,42.0
2010-08-02,0.0,0.0,62.06,,42.0
2010-08-03,0.0,0.0,53.06,,42.0
2010-08-04,0.0,0.0,53.96,,42.0
2010-08-05,0.0,0.0,60.98,,42.0
2010-08-06,0.0,0.0,67.64,,42.0
2010-08-07,0.0,0.0,67.46,,42.0
2010-08-08,0.0,0.0,65.84,,42.0
2010-08-09,0.0,0.0,61.34,,42.0
2010-08-10,0.0,0.0,60.8,,42.0
2010-08-11,0.0,0.0,63.86,,42.0
2010-08-12,0.0,0.0,61.16,,42.0
2010-08-13,0.0,0.0,60.98,,42.0
2010-08-14,0.0,0.0,63.32,,42.0
2010-08-15,0.0,0.0,68.18,,42.0
2010-08-16,0.0,0.0,62.78,,42.0
2010-08-17,0.0,0.0,62.96,,42.0
2010-08-18,0.0,0.0,61.88,,42.0
2010-08-19,0.0,0.0,64.76,,42.1
2010-08-20,0.0,0.0,67.28,,42.1
2010-08-21,0.0,0.0,65.12,,42.1
2010-08-22,0.0,0.0,61.16,,42.1
2010-08-23,0.0,0.0,63.14,,42.1
2010-08-24,0.0,0.0,64.4,,42.1
2010-08-25,0.0,0.0,65.48,,42.1
2010-08-26,0.0,0.0,67.1,,42.3
2010-08-27,0.0,0.0,65.48,,42.3
2010-08-28,0.0,0.0,62.06,,42.3
2010-08-29,0.0,0.0,62.78,,42.3
2010-08-30,0.0,0.0,60.62,,42.3
2010-08-31,0.0,0.0,56.12,,42.3
2010-09-01,0.0,0.0,48.02,,42.3
2010-09-02,0.0,0.0,50.18,,42.4
2010-09-03,0.0,0.0,57.02,,42.4
2010-09-04,0.0,0.0,58.64,,42.6
2010-09-05,0.0,0.0,61.88,,42.8
2010-09-06,0.0,0.0,63.68,,42.8
2010-09-07,0.0,0.0,64.4,,42.8
2010-09-08,0.0,0.0,62.06,,42.8
2010-09-09,0.0,0.0,60.08,,42.8
2010-09-10,0.0,0.0,61.52,,42.8
2010-09-11,0.0,0.0,63.5,,42.8
2010-09-12,0.0,0.0,53.06,,42.8
2010-09-13,0.0,0.0,49.46,,42.8
2010-09-14,0.0,0.0,57.74,,42.8
2010-09-15,0.0,0.0,64.76,,42.8
2010-09-16,0.0,0.0,68.0,,42.8
2010-09-17,0.0,0.0,54.32,,42.8
2010-09-18,0.0,0.0,52.16,,42.8
2010-09-19,0.0,0.0,41.9,,42.8
2010-09-20,0.0,0.0,41.36,,42.8
2010-09-21,0.0,0.0,44.24,,42.8
2010-09-22,0.0,0.0,47.48,,42.8
2010-09-23,0.0,0.0,51.98,,42.9
2010-09-24,0.0,0.0,59.9,,43.0
2010-09-25,0.0,0.0,59.72,,43.0
2010-09-26,0.0,0.0,44.06,,43.1
2010-09-27,0.0,0.0,41.9,,43.1
2010-09-28,0.0,0.0,51.98,,43.1
2010-09-29,0.0,0.0,49.64,,43.1
2010-09-30,0.0,0.0,41.36,,43.1
2010-10-01,0.0,0.0,39.56,,43.1
2010-10-02,0.0,0.0,47.66,,43.1
2010-10-03,0.0,0.0,54.32,,43.1
2010-10-04,0.0,0.0,57.92,,43.1
2010-10-05,0.0,0.0,55.58,,43.1
2010-10-06,0.0,0.0,54.86,,43.2
2010-10-07,0.0,0.0,55.94,,43.2
2010-10-08,0.0,0.0,58.46,,43.2
2010-10-09,0.0,0.0,57.56,,43.2
2010-10-10,0.0,0.0,53.42,,43.2
2010-10-11,0.0,0.0,44.06,,43.2
2010-10-12,0.0,0.0,47.84,,43.2
2010-10-13,0.0,0.0,48.56,,43.2
2010-10-14,0.0,0.0,46.76,,43.2
2010-10-15,0.0,0.0,51.26,,43.2
2010-10-16,0.0,0.0,57.02,,43.2
2010-10-17,0.0,0.0,59.36,,43.2
2010-10-18,0.0,0.0,60.98,,43.3
2010-10-19,0.0,0.0,60.98,,43.3
2010-10-20,0.0,0.0,59.0,,43.3
2010-10-21,0.0,0.0,60.62,,43.3
2010-10-22,0.0,0.0,63.5,,43.3
2010-10-23,0.0,0.0,63.86,,43.3
2010-10-24,0.0,0.0,57.92,,0.0
2010-10-25,0.0,0.0,47.66,,0.0
2010-10-26,0.0,0.0,49.46,,0.0
2010-10-27,0.0,0.0,50.36,,0.1
2010-10-28,0.0,0.0,42.98,,0.3
2010-10-29,0.0,0.0,39.02,,0.4
2010-10-30,0.0,0.0,43.88,,0.4
2010-10-31,0.0,0.0,50.72,,0.4
2010-11-01,0.0,0.0,44.24,,0.4
2010-11-02,0.0,0.0,38.66,,0.5
2010-11-03,0.0,1.0,44.78,,0.6
2010-11-04,0.0,6.0,49.1,,0.6
2010-11-05,0.0,9.0,49.1,,0.6
2010-11-06,0.0,8.0,49.1,,0.7
2010-11-07,0.0,7.0,46.76,,0.7
2010-11-08,0.0,5.0,42.44,,0.7
2010-11-09,0.0,5.0,42.98,,0.7
2010-11-10,0.0,5.0,45.32,,0.7
2010-11-11,0.0,5.0,45.86,,0.7
2010-11-12,0.0,5.0,43.88,,0.7
2010-11-13,0.0,5.0,37.22,,0.7
2010-11-14,0.0,5.0,34.7,,0.7
2010-11-15,0.0,4.0,27.86,,0.7
2010-11-16,0.2,4.0,26.24,,0.8
2010-11-17,0.8,3.0,26.96,,3.6
2010-11-18,0.9,3.0,32.9,,4.2
2010-11-19,1.1,4.0,39.02,,4.4
2010-11-20,1.1,5.0,37.4,,4.6
2010-11-21,1.1,5.0,33.8,,4.7
2010-11-22,1.1,6.0,35.24,,4.7
2010-11-23,1.4,5.0,40.46,,4.7
2010-11-24,1.4,5.0,42.98,,5.5
2010-11-25,1.4,5.0,44.6,,5.6
2010-11-26,1.4,6.0,46.04,,5.6
2010-11-27,1.4,5.0,47.12,,5.6
2010-11-28,1.3,4.0,38.48,,5.6
2010-11-29,1.1,10.0,29.12,,5.6
2010-11-30,1.1,13.0,23.0,,5.7
2010-12-01,1.1,13.0,25.52,,6.6
2010-12-02,1.2,34.0,23.36,,6.6
2010-12-03,1.2,41.0,27.32,,6.7
2010-12-04,1.3,37.0,24.98,,6.7
2010-12-05,1.3,33.0,32.0,,6.8
2010-12-06,1.4,31.0,35.78,,6.8
2010-12-07,1.6,35.0,29.84,,6.9
2010-12-08,1.8,34.0,30.2,,7.1
2010-12-09,1.8,32.0,32.36,,7.4
2010-12-10,2.0,36.0,24.62,,7.4
2010-12-11,2.0,40.0,21.38,,7.6
2010-12-12,2.1,44.0,17.42,,7.6
2010-12-13,2.1,42.0,19.58,,7.7
2010-12-14,2.6,41.0,9.5,,7.7
2010-12-15,4.5,40.0,-4.0,,8.2
2010-12-16,5.5,46.0,7.34,,10.1
2010-12-17,5.5,44.0,20.48,,11.1
2010-12-18,5.9,43.0,25.16,,11.1
2010-12-19,6.0,42.0,17.96,,11.5
2010-12-20,6.4,44.0,10.04,,11.6
2010-12-21,6.4,46.0,17.42,,12.0
2010-12-22,6.4,44.0,27.86,,12.0
2010-12-23,7.1,42.0,31.28,,12.0
2010-12-24,8.1,46.0,22.28,,12.7
2010-12-25,9.1,45.0,25.34,,13.7
2010-12-26,9.1,44.0,29.84,,14.7
2010-12-27,9.2,43.0,29.84,,14.7
2010-12-28,9.2,50.0,27.86,,14.8
2010-12-29,10.0,55.0,31.28,,14.8
2010-12-30,10.0,53.0,32.36,,15.6
2010-12-31,10.1,51.0,26.78,,15.6
2011-01-01,10.5,51.0,25.34,,15.7
2011-01-02,11.0,50.0,34.7,,16.1
2011-01-03,11.7,50.0,35.06,,16.6
2011-01-04,11.7,48.0,29.3,,17.3
2011-01-05,11.9,53.0,18.32,,17.3
2011-01-06,12.3,54.0,13.1,,17.5
2011-01-07,12.3,64.0,13.64,,17.8
2011-01-08,12.3,76.0,23.9,,17.8
2011-01-09,12.3,72.0,26.24,,17.8
2011-01-10,12.9,70.0,23.0,,17.8
2011-01-11,13.5,68.0,18.32,,18.4
2011-01-12,13.6,66.0,23.9,,19.0
2011-01-13,13.6,65.0,26.24,,19.1
2011-01-14,13.6,64.0,24.08,,19.1
2011-01-15,13.6,62.0,31.82,,19.1
2011-01-16,13.6,61.0,28.22,,19.1
2011-01-17,13.6,59.0,23.54,,19.1
2011-01-18,14.1,59.0,25.34,,19.1
2011-01-19,14.3,58.0,20.3,,19.8
2011-01-20,15.7,60.0,7.7,,20.2
2011-01-21,17.0,60.0,1.22,,21.9
2011-01-22,17.0,67.0,1.22,,23.7
2011-01-23,17.0,72.0,13.28,,23.7
2011-01-24,17.0,69.0,10.22,,23.7
2011-01-25,17.0,68.0,12.92,,23.7
2011-01-26,17.0,64.0,21.38,,23.7
2011-01-27,17.0,64.0,27.5,,23.7
2011-01-28,17.1,66.0,28.04,,23.7
2011-01-29,17.1,65.0,19.22,,23.8
2011-01-30,17.1,64.0,10.76,,23.8
2011-01-31,17.1,67.0,11.84,,23.8
2011-02-01,17.1,66.0,10.58,,23.8
2011-02-02,17.2,66.0,25.16,,23.8
2011-02-03,17.3,65.0,30.92,,24.0
2011-02-04,18.4,65.0,32.36,,24.1
2011-02-05,19.4,64.0,32.72,,25.2
2011-02-06,19.7,64.0,35.6,,26.2
2011-02-07,20.0,64.0,32.9,,26.7
2011-02-08,20.7,63.0,27.5,,28.5
2011-02-09,20.7,63.0,19.4,,29.8
2011-02-10,20.7,63.0,17.96,,29.8
2011-02-11,20.7,63.0,27.68,,29.8
2011-02-12,20.7,63.0,23.9,,29.8
2011-02-13,21.2,62.0,23.36,,29.8
2011-02-14,21.2,62.0,26.96,,30.3
2011-02-15,21.2,62.0,28.76,,30.3
2011-02-16,21.2,61.0,24.62,,30.3
2011-02-17,21.2,62.0,27.68,,30.3
2011-02-18,21.2,62.0,29.12,,30.3
2011-02-19,21.2,62.0,28.76,,30.3
2011-02-20,21.2,62.0,29.48,,30.3
2011-02-21,21.2,62.0,16.52,,30.3
2011-02-22,21.2,61.0,5.54,,30.3
2011-02-23,21.2,61.0,10.22,,30.3
2011-02-24,21.1,60.0,23.0,,30.3
2011-02-25,21.1,60.0,32.0,,30.3
2011-02-26,21.1,64.0,29.66,,30.3
2011-02-27,21.1,67.0,26.78,,30.3
2011-02-28,21.0,68.0,25.52,,30.3
2011-03-01,21.0,70.0,19.58,,30.3
2011-03-02,20.9,72.0,16.52,,30.3
2011-03-03,20.9,71.0,17.06,,30.3
2011-03-04,20.9,79.0,24.98,,30.3
2011-03-05,20.9,76.0,33.98,,30.3
2011-03-06,20.9,80.0,34.52,,30.3
2011-03-07,20.9,79.0,34.7,,30.3
2011-03-08,20.9,76.0,37.94,,30.3
2011-03-09,20.9,75.0,26.6,,30.3
2011-03-10,21.0,,20.3,,30.3
2011-03-11,21.2,73.0,21.92,,30.4
2011-03-12,21.6,72.0,26.24,,30.6
2011-03-13,21.9,77.0,20.3,,31.0
2011-03-14,22.2,76.0,16.7,,31.1
2011-03-15,22.4,75.0,18.86,,31.3
2011-03-16,22.5,80.0,15.26,,31.3
2011-03-17,23.4,78.0,15.26,,31.3
2011-03-18,23.6,79.0,13.46,,32.1
2011-03-19,24.1,80.0,9.86,,32.2
2011-03-20,24.2,79.0,12.92,,32.6
2011-03-21,24.2,82.0,22.46,,32.7
2011-03-22,24.3,81.0,,,32.7
2011-03-23,,80.0,28.76,,32.8
2011-03-24,24.4,79.0,29.84,,
2011-03-25,24.5,79.0,29.84,,32.9
2011-03-26,25.1,82.0,28.22,,33.0
2011-03-27,25.1,91.0,29.12,,33.6
2011-03-28,25.2,88.0,28.4,,33.6
2011-03-29,26.0,85.0,23.9,,33.7
2011-03-30,26.0,87.0,20.84,,34.4
2011-03-31,26.1,87.0,28.22,,34.4
2011-04-01,26.3,88.0,33.26,,34.5
2011-04-02,26.5,87.0,24.98,,34.7
2011-04-03,27.0,86.0,27.14,,34.9
2011-04-04,27.1,86.0,32.0,,35.4
2011-04-05,27.2,90.0,32.0,,35.5
2011-04-06,27.3,94.0,32.0,,35.6
2011-04-07,27.7,95.0,28.4,,35.7
2011-04-08,29.9,94.0,24.98,,36.1
2011-04-09,30.5,95.0,30.2,,38.3
2011-04-10,30.5,94.0,25.52,,38.9
2011-04-11,30.5,91.0,27.5,,38.9
2011-04-12,30.6,88.0,32.36,,38.9
2011-04-13,31.0,87.0,26.78,,39.0
2011-04-14,31.3,87.0,27.86,,39.4
2011-04-15,31.4,87.0,32.0,,39.7
2011-04-16,31.5,89.0,27.14,,39.8
2011-04-17,31.7,91.0,29.66,,39.9
2011-04-18,32.2,89.0,27.14,,40.1
2011-04-19,32.9,89.0,25.16,,40.6
2011-04-20,33.5,89.0,26.96,,41.3
2011-04-21,33.6,88.0,34.88,,41.9
2011-04-22,34.0,88.0,41.18,,42.0
2011-04-23,34.2,86.0,43.16,,42.4
2011-04-24,34.2,88.0,32.36,,42.6
2011-04-25,34.2,87.0,25.34,,42.6
2011-04-26,34.2,88.0,29.66,,42.6
2011-04-27,34.2,85.0,31.46,,42.6
2011-04-28,34.4,84.0,26.96,,42.6
2011-04-29,35.3,84.0,27.14,,42.8
2011-04-30,35.4,82.0,29.3,,43.7
2011-05-01,35.4,83.0,29.66,,43.8
2011-05-02,35.4,89.0,31.82,,43.8
2011-05-03,35.6,87.0,33.8,,43.8
2011-05-04,35.6,85.0,34.34,,44.0
2011-05-05,35.9,83.0,32.0,,44.0
2011-05-06,35.7,89.0,27.86,,44.3
2011-05-07,35.9,88.0,31.46,,44.3
2011-05-08,36.0,87.0,38.48,,44.3
2011-05-09,36.6,90.0,37.94,,44.6
2011-05-10,36.3,88.0,32.54,,45.2
2011-05-11,35.9,87.0,26.6,,46.4
2011-05-12,35.5,85.0,28.76,,46.5
2011-05-13,35.5,83.0,28.04,,46.6
2011-05-14,35.8,82.0,24.98,,46.6
2011-05-15,36.4,80.0,30.74,,46.9
2011-05-16,36.5,79.0,34.88,,47.5
2011-05-17,36.5,76.0,31.28,,47.6
2011-05-18,36.5,74.0,28.22,,47.6
2011-05-19,36.8,73.0,33.08,,47.6
2011-05-20,37.7,72.0,30.92,,47.9
2011-05-21,37.8,69.0,25.34,,48.8
2011-05-22,37.9,66.0,32.18,,48.9
2011-05-23,38.0,63.0,34.7,,49.0
2011-05-24,38.0,61.0,38.12,,49.1
2011-05-25,38.0,58.0,33.98,,49.1
2011-05-26,37.9,61.0,38.3,,49.2
2011-05-27,37.8,59.0,44.06,,49.3
2011-05-28,37.5,58.0,40.46,,49.4
2011-05-29,37.0,57.0,41.9,,49.4
2011-05-30,36.5,53.0,35.24,,49.4
2011-05-31,35.7,51.0,40.28,,49.8
2011-06-01,35.0,49.0,45.32,,50.6
2011-06-02,34.3,48.0,45.68,,50.8
2011-06-03,33.3,46.0,47.48,,50.9
2011-06-04,32.0,44.0,50.72,,50.9
2011-06-05,31.0,43.0,49.1,,50.9
2011-06-06,29.8,41.0,37.76,,50.9
2011-06-07,28.6,43.0,31.46,,50.9
2011-06-08,28.6,43.0,34.88,,51.0
2011-06-09,28.7,43.0,39.92,,51.7
2011-06-10,28.6,41.0,48.38,,52.0
2011-06-11,28.3,38.0,48.02,,52.2
2011-06-12,27.2,35.0,44.96,,52.2
2011-06-13,25.9,36.0,44.78,,52.2
2011-06-14,25.1,36.0,41.9,,52.2
2011-06-15,24.2,32.0,39.92,,52.2
2011-06-16,23.3,29.0,42.62,,52.2
2011-06-17,22.4,26.0,34.34,,52.2
2011-06-18,21.9,23.0,33.44,,52.2
2011-06-19,21.7,22.0,33.26,,52.8
2011-06-20,21.9,19.0,34.16,,53.3
2011-06-21,21.8,16.0,38.48,,53.7
2011-06-22,21.5,14.0,44.24,,53.8
2011-06-23,21.0,11.0,44.6,,54.1
2011-06-24,20.2,9.0,33.26,,54.2
2011-06-25,19.4,5.0,40.28,,54.2
2011-06-26,19.0,4.0,49.64,,54.3
2011-06-27,18.6,2.0,54.86,,54.7
2011-06-28,17.6,1.0,49.1,,54.8
2011-06-29,16.2,0.0,41.72,,54.8
2011-06-30,14.9,0.0,44.24,,54.9
2011-07-01,14.0,0.0,41.0,,55.0
2011-07-02,12.7,0.0,44.24,,55.2
2011-07-03,11.2,0.0,46.76,,55.2
2011-07-04,10.3,0.0,48.2,,55.3
2011-07-05,9.2,0.0,45.68,,55.4
2011-07-06,7.7,0.0,50.18,,55.4
2011-07-07,6.8,0.0,46.22,,55.4
2011-07-08,5.1,0.0,41.18,,55.5
2011-07-09,3.4,0.0,47.12,,55.5
2011-07-10,2.3,0.0,44.6,,55.5
2011-07-11,0.7,0.0,47.3,,55.5
2011-07-12,0.0,0.0,51.62,,55.6
2011-07-13,0.0,0.0,57.92,,55.9
2011-07-14,0.0,0.0,63.32,,56.0
2011-07-15,0.0,0.0,59.0,,56.0
2011-07-16,0.0,0.0,52.52,,56.0
2011-07-17,0.0,0.0,51.62,,56.0
2011-07-18,0.0,0.0,53.42,,56.0
2011-07-19,0.0,0.0,59.72,,56.0
2011-07-20,0.0,0.0,65.66,,56.1
2011-07-21,0.0,0.0,57.92,,56.1
2011-07-22,0.0,0.0,52.88,,56.1
2011-07-23,0.0,0.0,54.86,,56.1
2011-07-24,0.0,0.0,60.98,,56.1
2011-07-25,0.0,0.0,65.12,,56.1
2011-07-26,0.0,0.0,65.66,,56.1
2011-07-27,0.0,0.0,65.84,,56.1
2011-07-28,0.0,0.0,65.66,,56.1
2011-07-29,0.0,0.0,58.82,,56.1
2011-07-30,0.0,0.0,56.84,,56.1
2011-07-31,0.0,0.0,57.2,,56.1
2011-08-01,0.0,0.0,62.24,,56.1
2011-08-02,0.0,0.0,64.22,,56.1
2011-08-03,0.0,0.0,65.3,,56.1
2011-08-04,0.0,0.0,61.16,,56.1
2011-08-05,0.0,0.0,54.86,,56.2
2011-08-06,0.0,0.0,58.82,,56.2
2011-08-07,0.0,0.0,61.7,,56.2
2011-08-08,0.0,0.0,64.22,,56.2
2011-08-09,0.0,0.0,66.56,,56.3
2011-08-10,0.0,0.0,59.36,,56.3
2011-08-11,0.0,0.0,53.78,,56.3
2011-08-12,0.0,0.0,57.56,,56.3
2011-08-13,0.0,0.0,57.38,,56.3
2011-08-14,0.0,0.0,58.28,,56.3
2011-08-15,0.0,0.0,67.64,,56.3
2011-08-16,0.0,0.0,67.82,,56.3
2011-08-17,0.0,0.0,58.64,,56.3
2011-08-18,0.0,0.0,57.02,,56.3
2011-08-19,0.0,0.0,59.18,,56.3
2011-08-20,0.0,0.0,62.78,,56.3
2011-08-21,0.0,0.0,65.66,,56.3
2011-08-22,0.0,0.0,66.56,,56.3
2011-08-23,0.0,0.0,65.12,,56.3
2011-08-24,0.0,0.0,63.5,,56.3
2011-08-25,0.0,0.0,65.12,,56.3
2011-08-26,0.0,0.0,60.98,,56.3
2011-08-27,0.0,0.0,60.08,,56.3
2011-08-28,0.0,0.0,63.5,,56.3
2011-08-29,0.0,0.0,62.6,,56.3
2011-08-30,0.0,0.0,63.68,,56.3
2011-08-31,0.0,0.0,60.44,,56.3
2011-09-01,0.0,0.0,60.98,,56.3
2011-09-02,0.0,0.0,58.64,,56.3
2011-09-03,0.0,0.0,59.72,,56.3
2011-09-04,0.0,0.0,63.5,,56.3
2011-09-05,0.0,0.0,64.04,,56.3
2011-09-06,0.0,0.0,55.76,,56.3
2011-09-07,0.0,0.0,57.02,,56.3
2011-09-08,0.0,0.0,62.24,,56.3
2011-09-09,0.0,0.0,60.98,,56.3
2011-09-10,0.0,0.0,60.62,,56.3
2011-09-11,0.0,0.0,64.04,,56.3
2011-09-12,0.0,0.0,67.82,,56.3
2011-09-13,0.0,0.0,67.46,,56.3
2011-09-14,0.0,0.0,64.94,,56.3
2011-09-15,0.0,0.0,68.18,,56.3
2011-09-16,0.0,0.0,69.98,,56.3
2011-09-17,0.0,0.0,69.8,,56.3
2011-09-18,0.0,0.0,64.22,,56.3
2011-09-19,0.0,0.0,66.2,,56.4
2011-09-20,0.0,0.0,62.24,,56.4
2011-09-21,0.0,0.0,61.88,,56.4
2011-09-22,0.0,0.0,54.86,,56.4
2011-09-23,0.0,0.0,49.82,,56.4
2011-09-24,0.0,0.0,52.88,,56.4
2011-09-25,0.0,0.0,53.06,,56.4
2011-09-26,0.0,0.0,57.38,,56.4
2011-09-27,0.0,0.0,62.24,,56.4
2011-09-28,0.0,0.0,61.16,,56.4
2011-09-29,0.0,0.0,60.08,,56.4
2011-09-30,0.0,0.0,59.18,,56.4
2011-10-01,0.0,0.0,60.98,,56.4
2011-10-02,0.0,0.0,60.08,,56.4
2011-10-03,0.0,0.0,56.66,,56.4
2011-10-04,0.0,0.0,55.22,,56.4
2011-10-05,0.0,0.0,57.02,,56.4
2011-10-06,0.0,0.0,58.82,,56.4
2011-10-07,0.0,0.0,55.22,,56.5
2011-10-08,0.0,0.0,48.56,,56.5
2011-10-09,0.0,0.0,44.6,,56.5
2011-10-10,0.0,0.0,50.18,,56.7
2011-10-11,0.0,0.0,52.16,,56.7
2011-10-12,0.0,0.0,51.44,,56.7
2011-10-13,0.0,0.0,53.42,,56.7
2011-10-14,0.0,0.0,55.94,,56.7
2011-10-15,0.0,0.0,59.72,,56.7
2011-10-16,0.0,2.0,61.52,,56.7
2011-10-17,0.0,2.0,56.84,,56.7
2011-10-18,0.0,0.0,49.82,,56.7
2011-10-19,0.0,0.0,55.94,,56.7
2011-10-20,0.0,0.0,54.68,,56.7
2011-10-21,0.0,0.0,57.56,,56.7
2011-10-22,0.0,0.0,61.7,,56.7
2011-10-23,0.0,0.0,60.08,,56.7
2011-10-24,0.0,0.0,55.04,,56.7
2011-10-25,0.0,0.0,57.02,,0.0
2011-10-26,0.0,0.0,44.6,,0.0
2011-10-27,0.0,0.0,36.32,,0.0
2011-10-28,0.0,0.0,31.82,,0.0
2011-10-29,0.2,0.0,34.52,,0.1
2011-10-30,0.3,0.0,36.5,,1.8
2011-10-31,0.0,0.0,38.12,,2.1
2011-11-01,0.0,0.0,38.48,,2.1
2011-11-02,0.0,0.0,39.56,,2.1
2011-11-03,0.0,0.0,37.22,,2.1
2011-11-04,0.0,0.0,43.16,,2.8
2011-11-05,0.0,0.0,48.38,,3.3
2011-11-06,0.0,0.0,50.18,,3.3
2011-11-07,0.0,0.0,40.64,,3.4
2011-11-08,0.0,0.0,34.34,,3.4
2011-11-09,0.0,0.0,43.52,,3.4
2011-11-10,0.0,0.0,43.52,,4.0
2011-11-11,0.0,0.0,42.62,,4.0
2011-11-12,0.0,0.0,42.44,,4.0
2011-11-13,0.0,0.0,41.0,,4.1
2011-11-14,0.0,0.0,43.16,,4.2
2011-11-15,0.0,1.0,38.48,,4.2
2011-11-16,0.0,1.0,30.38,,4.2
2011-11-17,0.0,3.0,27.86,,4.2
2011-11-18,0.0,3.0,30.02,,4.2
2011-11-19,0.0,2.0,34.34,,4.2
2011-11-20,0.0,2.0,38.66,,4.2
2011-11-21,0.0,2.0,38.48,,4.2
2011-11-22,0.0,4.0,36.68,,4.2
2011-11-23,0.0,8.0,27.14,,4.2
2011-11-24,0.0,9.0,24.62,,4.2
2011-11-25,0.0,8.0,33.44,,4.2
2011-11-26,0.0,8.0,26.6,,4.2
2011-11-27,0.0,8.0,19.94,,4.3
2011-11-28,0.2,14.0,20.3,,4.3
2011-11-29,0.2,19.0,20.48,,4.5
2011-11-30,0.4,20.0,19.76,,4.5
2011-12-01,0.4,18.0,24.98,,4.7
2011-12-02,0.4,18.0,29.66,,4.7
2011-12-03,0.4,20.0,33.08,,4.7
2011-12-04,0.4,20.0,23.36,,4.7
2011-12-05,0.6,22.0,26.78,,4.7
2011-12-06,1.2,23.0,26.96,,4.9
2011-12-07,1.5,21.0,22.1,,5.4
2011-12-08,1.5,20.0,19.94,,5.7
2011-12-09,1.5,20.0,30.2,,5.7
2011-12-10,1.7,19.0,22.1,,5.7
2011-12-11,3.0,20.0,14.72,,5.9
2011-12-12,3.4,20.0,15.62,,7.2
2011-12-13,3.4,20.0,26.6,,7.6
2011-12-14,3.5,18.0,29.48,,7.6
2011-12-15,3.5,19.0,31.28,,7.7
2011-12-16,4.1,19.0,31.82,,7.7
2011-12-17,4.3,18.0,23.0,,8.3
2011-12-18,4.5,18.0,19.4,,8.5
2011-12-19,4.5,18.0,32.9,,8.7
2011-12-20,4.6,18.0,33.44,,8.7
2011-12-21,4.6,18.0,30.56,,8.8
2011-12-22,4.6,18.0,27.86,,8.8
2011-12-23,4.6,18.0,23.9,,8.8
2011-12-24,4.6,17.0,21.2,,8.8
2011-12-25,4.6,17.0,16.7,,8.8
2011-12-26,4.6,18.0,21.2,,8.8
2011-12-27,4.6,18.0,10.76,,8.8
2011-12-28,4.6,17.0,17.96,,8.8
2011-12-29,4.6,17.0,21.74,,8.8
2011-12-30,4.6,18.0,20.48,,8.8
2011-12-31,4.6,16.0,24.08,,8.8
2012-01-01,4.6,19.0,24.98,,8.8
2012-01-02,4.6,18.0,24.26,,8.8
2012-01-03,4.6,18.0,21.56,,8.8
2012-01-04,4.7,18.0,21.2,,8.8
2012-01-05,4.7,17.0,22.64,,8.9
2012-01-06,4.7,17.0,23.0,,8.9
2012-01-07,4.7,19.0,21.74,,8.9
2012-01-08,4.7,22.0,25.34,,8.9
2012-01-09,4.7,23.0,28.04,,8.9
2012-01-10,4.7,29.0,25.88,,8.9
2012-01-11,4.7,28.0,26.42,,8.9
2012-01-12,4.7,28.0,19.58,,8.9
2012-01-13,4.7,27.0,12.92,,8.9
2012-01-14,4.7,27.0,19.22,,8.9
2012-01-15,4.7,27.0,23.54,,8.9
2012-01-16,4.7,28.0,28.04,,8.9
2012-01-17,4.7,27.0,24.26,,8.9
2012-01-18,4.7,27.0,27.14,,8.9
2012-01-19,4.8,27.0,32.36,,8.9
2012-01-20,5.0,27.0,32.36,,9.0
2012-01-21,6.6,28.0,30.92,,9.2
2012-01-22,6.8,28.0,15.98,,11.5
2012-01-23,8.0,27.0,23.0,,12.1
2012-01-24,8.0,27.0,33.08,,13.9
2012-01-25,8.0,27.0,30.74,,13.9
2012-01-26,8.0,28.0,33.26,,13.9
2012-01-27,8.0,29.0,33.98,,13.9
2012-01-28,8.0,30.0,20.48,,13.9
2012-01-29,8.0,49.0,19.94,,13.9
2012-01-30,8.0,70.0,24.8,,13.9
2012-01-31,8.0,74.0,26.6,,13.9
2012-02-01,8.0,76.0,25.16,,13.9
2012-02-02,8.0,75.0,15.8,,13.9
2012-02-03,8.0,74.0,17.42,,13.9
2012-02-04,8.0,73.0,23.18,,13.9
2012-02-05,8.0,71.0,30.38,,13.9
2012-02-06,8.0,75.0,19.04,,13.9
2012-02-07,8.0,72.0,7.7,,13.9
2012-02-08,8.0,72.0,12.38,,13.9
2012-02-09,8.0,69.0,22.28,,13.9
2012-02-10,8.2,71.0,29.3,,13.9
2012-02-11,10.9,70.0,30.74,,14.1
2012-02-12,14.3,72.0,28.76,,16.8
2012-02-13,15.7,71.0,19.4,,20.2
2012-02-14,16.8,70.0,22.64,,21.6
2012-02-15,17.2,69.0,17.78,,22.7
2012-02-16,17.4,68.0,30.38,,23.1
2012-02-17,17.6,68.0,26.78,,23.3
2012-02-18,17.8,67.0,12.74,,23.5
2012-02-19,18.3,67.0,15.44,,23.7
2012-02-20,18.3,66.0,26.78,,24.2
2012-02-21,18.3,66.0,26.24,,24.2
2012-02-22,18.4,67.0,21.74,,24.2
2012-02-23,18.6,66.0,24.8,,24.3
2012-02-24,18.6,66.0,22.1,,24.5
2012-02-25,18.9,65.0,19.22,,24.5
2012-02-26,18.9,65.0,21.02,,24.8
2012-02-27,18.9,65.0,21.38,,24.8
2012-02-28,18.9,64.0,20.48,,24.8
2012-02-29,18.9,69.0,23.18,,24.8
2012-03-01,18.9,68.0,26.42,,24.8
2012-03-02,18.9,69.0,30.74,,24.8
2012-03-03,19.0,74.0,33.08,,24.8
2012-03-04,19.1,74.0,31.64,,24.9
2012-03-05,19.1,74.0,29.12,,25.0
2012-03-06,19.3,73.0,25.34,,25.0
2012-03-07,19.3,87.0,21.56,,25.2
2012-03-08,19.3,85.0,21.38,,25.2
2012-03-09,19.3,84.0,20.66,,25.2
2012-03-10,19.3,82.0,27.86,,25.2
2012-03-11,19.3,87.0,22.46,,25.2
2012-03-12,19.4,91.0,16.34,,25.2
2012-03-13,19.7,89.0,17.96,,25.3
2012-03-14,19.7,87.0,29.66,,25.6
2012-03-15,20.0,84.0,30.02,,25.6
2012-03-16,22.2,84.0,19.94,,25.9
2012-03-17,22.8,85.0,21.56,,28.2
2012-03-18,22.8,84.0,19.94,,28.9
2012-03-19,22.8,83.0,15.44,,28.9
2012-03-20,24.0,82.0,15.62,,28.9
2012-03-21,24.2,80.0,17.42,,30.1
2012-03-22,24.2,81.0,20.12,,30.3
2012-03-23,24.3,79.0,17.96,,30.3
2012-03-24,24.8,87.0,17.06,,30.4
2012-03-25,25.3,92.0,25.88,,30.9
2012-03-26,25.3,88.0,30.38,,31.4
2012-03-27,25.5,88.0,34.88,,31.4
2012-03-28,25.5,91.0,19.94,,31.6
2012-03-29,25.5,92.0,22.1,,31.6
2012-03-30,25.5,90.0,29.66,,31.6
2012-03-31,25.5,92.0,35.96,,31.6
2012-04-01,25.5,89.0,37.76,,31.6
2012-04-02,25.5,87.0,32.0,,31.6
2012-04-03,25.5,86.0,30.02,,31.6
2012-04-04,25.5,85.0,32.36,,31.6
2012-04-05,25.6,82.0,31.28,,31.6
2012-04-06,26.3,82.0,34.34,,31.7
2012-04-07,27.3,82.0,33.26,,32.4
2012-04-08,27.5,84.0,28.04,,33.4
2012-04-09,28.0,86.0,25.88,,34.3
2012-04-10,28.6,85.0,16.88,,35.1
2012-04-11,28.6,81.0,23.36,,35.7
2012-04-12,28.6,85.0,36.32,,35.7
2012-04-13,29.3,83.0,42.44,,35.7
2012-04-14,29.3,81.0,35.96,,36.4
2012-04-15,29.3,83.0,39.92,,36.8
2012-04-16,29.3,82.0,43.7,,37.0
2012-04-17,29.3,81.0,30.56,,37.0
2012-04-18,29.4,81.0,33.08,,37.0
2012-04-19,29.7,79.0,32.0,,37.1
2012-04-20,29.7,78.0,30.2,,37.5
2012-04-21,30.4,75.0,35.06,,37.5
2012-04-22,30.9,74.0,41.9,,38.2
2012-04-23,31.6,73.0,25.7,,38.6
2012-04-24,31.5,72.0,28.04,,40.3
2012-04-25,31.6,71.0,36.5,,40.3
2012-04-26,31.6,70.0,30.2,,40.5
2012-04-27,31.5,70.0,23.9,,40.6
2012-04-28,31.5,68.0,21.74,,40.7
2012-04-29,31.6,67.0,28.76,,40.7
2012-04-30,31.6,66.0,42.44,,40.8
2012-05-01,31.6,63.0,44.78,,40.8
2012-05-02,31.6,60.0,49.46,,40.9
2012-05-03,31.5,57.0,42.08,,41.0
2012-05-04,31.3,54.0,33.98,,41.0
2012-05-05,31.0,52.0,33.44,,41.0
2012-05-06,30.8,49.0,37.94,,41.0
2012-05-07,30.5,50.0,34.52,,41.2
2012-05-08,30.3,51.0,32.72,,41.2
2012-05-09,30.1,49.0,38.66,,41.2
2012-05-10,30.0,47.0,36.14,,41.2
2012-05-11,29.6,46.0,37.04,,41.4
2012-05-12,29.1,44.0,44.06,,41.7
2012-05-13,28.8,43.0,48.92,,41.9
2012-05-14,27.8,43.0,52.7,,42.0
2012-05-15,26.9,43.0,51.44,,42.2
2012-05-16,25.8,41.0,46.4,,42.2
2012-05-17,24.8,40.0,47.12,,42.2
2012-05-18,23.8,37.0,36.5,,42.3
2012-05-19,22.7,34.0,28.04,,42.4
2012-05-20,22.3,30.0,32.9,,42.6
2012-05-21,22.1,29.0,38.66,,44.1
2012-05-22,21.9,26.0,37.76,,44.7
2012-05-23,21.7,23.0,36.32,,44.8
2012-05-24,21.4,21.0,35.6,,44.8
2012-05-25,20.7,17.0,35.24,,45.2
2012-05-26,20.1,15.0,33.44,,45.4
2012-05-27,19.7,11.0,29.3,,45.4
2012-05-28,19.4,9.0,36.32,,45.9
2012-05-29,18.8,5.0,43.16,,46.1
2012-05-30,18.1,2.0,49.28,,46.2
2012-05-31,17.1,1.0,52.7,,46.4
2012-06-01,15.9,0.0,41.36,,46.4
2012-06-02,14.5,0.0,41.0,,46.4
2012-06-03,13.3,0.0,46.58,,46.4
2012-06-04,12.3,0.0,52.7,,46.4
2012-06-05,11.1,0.0,57.02,,46.4
2012-06-06,9.7,0.0,57.74,,46.4
2012-06-07,7.9,0.0,57.56,,46.4
2012-06-08,6.6,0.0,46.58,,46.4
2012-06-09,5.4,0.0,44.6,,46.4
2012-06-10,3.8,0.0,45.5,,46.4
2012-06-11,2.2,0.0,52.88,,46.4
2012-06-12,1.0,0.0,56.48,,46.4
2012-06-13,0.2,0.0,43.16,,46.4
2012-06-14,0.0,0.0,36.5,,46.4
2012-06-15,0.0,0.0,34.16,,46.4
2012-06-16,0.0,0.0,35.96,,46.5
2012-06-17,0.0,0.0,38.3,,46.5
2012-06-18,0.0,0.0,37.94,,46.6
2012-06-19,0.0,0.0,44.42,,46.9
2012-06-20,0.0,0.0,50.18,,47.1
2012-06-21,0.0,0.0,52.16,,47.3
2012-06-22,0.0,0.0,54.86,,47.3
2012-06-23,0.0,0.0,59.18,,47.3
2012-06-24,0.0,0.0,57.02,,47.3
2012-06-25,0.0,0.0,58.82,,47.3
2012-06-26,0.0,0.0,60.08,,47.3
2012-06-27,0.0,0.0,36.86,,47.3
2012-06-28,0.0,0.0,36.14,,47.3
2012-06-29,0.0,0.0,45.5,,47.3
2012-06-30,0.0,0.0,41.36,,47.6
2012-07-01,0.0,0.0,33.08,,47.7
2012-07-02,0.0,0.0,40.64,,47.8
2012-07-03,0.0,0.0,48.56,,47.8
2012-07-04,0.0,0.0,55.4,,48.2
2012-07-05,0.0,0.0,51.62,,48.2
2012-07-06,0.0,0.0,51.8,,48.2
2012-07-07,0.0,0.0,55.4,,48.2
2012-07-08,0.0,0.0,57.38,,48.2
2012-07-09,0.0,0.0,59.54,,48.2
2012-07-10,0.0,0.0,47.48,,48.2
2012-07-11,0.0,0.0,41.72,,48.2
2012-07-12,0.0,0.0,49.46,,48.2
2012-07-13,0.0,0.0,60.44,,48.2
2012-07-14,0.0,0.0,63.14,,48.2
2012-07-15,0.0,0.0,56.84,,48.2
2012-07-16,0.0,0.0,59.72,,48.2
2012-07-17,0.0,0.0,60.8,,48.2
2012-07-18,0.0,0.0,46.22,,48.2
2012-07-19,0.0,0.0,51.44,,48.2
2012-07-20,0.0,0.0,60.98,,48.2
2012-07-21,0.0,0.0,60.62,,48.2
2012-07-22,0.0,0.0,64.22,,48.2
2012-07-23,0.0,0.0,60.98,,48.2
2012-07-24,0.0,0.0,62.6,,48.2
2012-07-25,0.0,0.0,58.46,,48.2
2012-07-26,0.0,0.0,59.18,,48.2
2012-07-27,0.0,0.0,62.96,,48.2
2012-07-28,0.0,0.0,63.68,,48.2
2012-07-29,0.0,0.0,65.66,,48.2
2012-07-30,0.0,0.0,65.66,,48.2
2012-07-31,0.0,0.0,67.82,,48.2
2012-08-01,0.0,0.0,68.54,,48.2
2012-08-02,0.0,0.0,68.54,,48.3
2012-08-03,0.0,0.0,71.24,,48.3
2012-08-04,0.0,0.0,62.78,,48.3
2012-08-05,0.0,0.0,62.6,,48.3
2012-08-06,0.0,0.0,59.54,,48.3
2012-08-07,0.0,0.0,57.92,,48.3
2012-08-08,0.0,0.0,62.78,,48.4
2012-08-09,0.0,0.0,66.2,,48.4
2012-08-10,0.0,0.0,69.08,,48.4
2012-08-11,0.0,0.0,68.36,,48.4
2012-08-12,0.0,0.0,65.84,,48.4
2012-08-13,0.0,0.0,68.9,,48.4
2012-08-14,0.0,0.0,64.22,,48.4
2012-08-15,0.0,0.0,63.5,,48.4
2012-08-16,0.0,0.0,63.68,,48.4
2012-08-17,0.0,0.0,69.44,,48.4
2012-08-18,0.0,0.0,69.98,,48.4
2012-08-19,0.0,0.0,68.54,,48.4
2012-08-20,0.0,0.0,68.54,,48.4
2012-08-21,0.0,0.0,68.36,,48.4
2012-08-22,0.0,0.0,67.64,,48.4
2012-08-23,0.0,0.0,64.94,,48.4
2012-08-24,0.0,0.0,62.96,,48.4
2012-08-25,0.0,0.0,60.8,,48.4
2012-08-26,0.0,0.0,62.96,,48.4
2012-08-27,0.0,0.0,68.9,,48.4
2012-08-28,0.0,0.0,68.9,,48.4
2012-08-29,0.0,0.0,69.8,,48.4
2012-08-30,0.0,0.0,68.0,,48.4
2012-08-31,0.0,0.0,70.34,,48.4
2012-09-01,0.0,0.0,66.92,,48.4
2012-09-02,0.0,0.0,64.94,,48.4
2012-09-03,0.0,0.0,66.2,,48.4
2012-09-04,0.0,0.0,68.9,,48.4
2012-09-05,0.0,0.0,68.18,,48.4
2012-09-06,0.0,0.0,66.38,,48.4
2012-09-07,0.0,0.0,66.38,,48.4
2012-09-08,0.0,0.0,66.92,,48.4
2012-09-09,0.0,0.0,67.82,,48.4
2012-09-10,0.0,0.0,65.66,,48.4
2012-09-11,0.0,0.0,62.6,,48.4
2012-09-12,0.0,0.0,64.22,,48.4
2012-09-13,0.0,0.0,61.16,,48.5
2012-09-14,0.0,0.0,60.98,,48.5
2012-09-15,0.0,0.0,56.48,,48.5
2012-09-16,0.0,0.0,59.0,,48.5
2012-09-17,0.0,0.0,63.32,,48.5
2012-09-18,0.0,0.0,64.94,,48.5
2012-09-19,0.0,0.0,64.94,,48.5
2012-09-20,0.0,0.0,57.2,,48.5
2012-09-21,0.0,0.0,58.82,,48.5
2012-09-22,0.0,0.0,61.34,,48.5
2012-09-23,0.0,0.0,57.38,,48.5
2012-09-24,0.0,0.0,54.14,,48.5
2012-09-25,0.0,0.0,57.38,,48.5
2012-09-26,0.0,0.0,57.74,,48.5
2012-09-27,0.0,0.0,58.64,,48.5
2012-09-28,0.0,0.0,54.32,,48.5
2012-09-29,0.0,0.0,56.12,,48.5
2012-09-30,0.0,0.0,59.36,,48.5
2012-10-01,0.0,0.0,62.6,,48.5
2012-10-02,0.0,0.0,53.78,,48.5
2012-10-03,0.0,0.0,48.92,,48.5
2012-10-04,0.0,0.0,49.82,,48.5
2012-10-05,0.0,0.0,55.22,,48.5
2012-10-06,0.0,0.0,59.54,,48.5
2012-10-07,0.0,0.0,59.9,,48.5
2012-10-08,0.0,0.0,57.02,,48.6
2012-10-09,0.0,0.0,53.6,,48.6
2012-10-10,0.0,0.0,56.66,,48.6
2012-10-11,0.0,0.0,58.82,,48.6
2012-10-12,0.0,0.0,57.92,,48.6
2012-10-13,0.0,0.0,56.66,,48.6
2012-10-14,0.0,0.0,60.8,,48.6
2012-10-15,0.0,0.0,51.8,,48.6
2012-10-16,0.0,0.0,50.72,,48.6
2012-10-17,0.0,0.0,54.14,,48.6
2012-10-18,0.0,0.0,52.52,,48.7
2012-10-19,0.0,0.0,53.42,,48.7
2012-10-20,0.0,0.0,55.76,,48.7
2012-10-21,0.0,0.0,55.04,,48.7
2012-10-22,0.0,0.0,55.04,,48.7
2012-10-23,0.0,0.0,54.32,,48.7
2012-10-24,0.0,0.0,52.16,,48.7
2012-10-25,0.0,0.0,41.0,,0.0
2012-10-26,0.0,0.0,37.94,,0.0
2012-10-27,0.0,0.0,35.78,,0.0
2012-10-28,0.0,0.0,36.14,,0.0
2012-10-29,0.0,0.0,39.2,,0.0
2012-10-30,0.0,0.0,42.62,,0.0
2012-10-31,0.0,0.0,45.86,,0.0
2012-11-01,0.0,0.0,47.12,,0.0
2012-11-02,0.0,4.0,48.92,,0.0
2012-11-03,0.0,5.0,51.8,,0.0
2012-11-04,0.0,8.0,44.6,,0.0
2012-11-05,0.0,5.0,46.4,,0.0
2012-11-06,0.0,7.0,46.58,,0.0
2012-11-07,0.0,6.0,41.18,,0.0
2012-11-08,0.0,3.0,32.18,,0.1
2012-11-09,0.0,3.0,38.84,,0.4
2012-11-10,0.0,3.0,43.88,,1.5
2012-11-11,0.0,3.0,39.38,,1.5
2012-11-12,0.0,2.0,33.26,,1.6
2012-11-13,0.0,2.0,28.76,,1.7
2012-11-14,0.0,2.0,23.0,,1.7
2012-11-15,0.7,2.0,22.28,,1.8
2012-11-16,1.1,2.0,24.44,,2.5
2012-11-17,1.3,2.0,23.54,,2.9
2012-11-18,1.4,2.0,30.02,,3.1
2012-11-19,1.5,2.0,37.04,,3.2
2012-11-20,1.9,2.0,40.28,,3.3
2012-11-21,1.5,2.0,42.62,,3.7
2012-11-22,1.4,2.0,47.66,,4.2
2012-11-23,1.3,3.0,37.76,,4.2
2012-11-24,1.2,2.0,34.88,,4.3
2012-11-25,0.9,2.0,39.02,,4.3
2012-11-26,0.9,3.0,41.36,,4.4
2012-11-27,0.9,3.0,42.26,,4.4
2012-11-28,0.7,3.0,44.42,,4.5
2012-11-29,0.7,3.0,42.62,,4.5
2012-11-30,0.7,3.0,36.5,,4.5
2012-12-01,0.7,3.0,23.18,,4.5
2012-12-02,0.7,3.0,15.8,,4.5
2012-12-03,0.7,3.0,14.18,,4.5
2012-12-04,0.7,4.0,21.74,,4.5
2012-12-05,0.7,4.0,29.12,,4.5
2012-12-06,0.9,4.0,29.12,,4.5
2012-12-07,1.0,4.0,26.96,,4.7
2012-12-08,1.0,5.0,32.72,,4.8
2012-12-09,1.0,4.0,34.52,,4.8
2012-12-10,1.2,5.0,28.76,,4.8
2012-12-11,1.3,5.0,32.72,,5.0
2012-12-12,1.4,5.0,36.32,,5.2
2012-12-13,1.5,5.0,32.0,,5.3
2012-12-14,1.5,5.0,24.26,,5.5
2012-12-15,1.6,6.0,30.92,,5.7
2012-12-16,1.6,6.0,33.08,,5.8
2012-12-17,1.7,6.0,27.5,,5.8
2012-12-18,2.0,7.0,20.66,,5.9
2012-12-19,2.1,12.0,26.96,,6.3
2012-12-20,2.1,11.0,32.36,,6.4
2012-12-21,2.1,10.0,34.7,,6.4
2012-12-22,2.2,9.0,34.7,,6.5
2012-12-23,2.3,13.0,34.34,,6.7
2012-12-24,2.6,12.0,33.08,,6.8
2012-12-25,2.6,11.0,27.32,,8.1
2012-12-26,2.5,14.0,32.18,,8.3
2012-12-27,2.5,16.0,33.98,,9.7
2012-12-28,3.1,19.0,27.86,,9.7
2012-12-29,3.0,20.0,23.9,,11.5
2012-12-30,3.0,18.0,17.78,,12.6
2012-12-31,3.1,18.0,12.56,,12.6
2013-01-01,3.4,18.0,23.9,,12.7
2013-01-02,3.4,21.0,27.86,,13.0
2013-01-03,3.5,30.0,25.52,,13.0
2013-01-04,3.7,30.0,21.74,,13.1
2013-01-05,3.9,29.0,23.54,,13.3
2013-01-06,3.9,27.0,20.12,,13.7
2013-01-07,4.0,27.0,21.2,,13.7
2013-01-08,4.0,26.0,24.08,,13.8
2013-01-09,4.8,27.0,8.78,,13.8
2013-01-10,5.4,25.0,10.76,,14.6
2013-01-11,5.4,25.0,21.38,,15.2
2013-01-12,5.4,24.0,27.86,,15.2
2013-01-13,5.4,24.0,25.7,,15.2
2013-01-14,5.5,25.0,22.28,,15.2
2013-01-15,5.7,24.0,17.96,,15.3
2013-01-16,6.9,24.0,15.8,,15.5
2013-01-17,6.9,23.0,18.32,,16.7
2013-01-18,6.9,27.0,17.24,,16.7
2013-01-19,6.9,28.0,14.9,,16.7
2013-01-20,6.9,27.0,13.46,,16.7
2013-01-21,6.9,33.0,8.42,,16.7
2013-01-22,6.9,31.0,7.88,,16.7
2013-01-23,6.9,32.0,9.14,,16.7
2013-01-24,6.9,31.0,7.88,,16.7
2013-01-25,6.9,31.0,15.26,,16.7
2013-01-26,6.8,30.0,16.16,,16.7
2013-01-27,6.8,30.0,19.94,,16.7
2013-01-28,6.8,30.0,21.56,,16.7
2013-01-29,6.9,30.0,21.2,,16.7
2013-01-30,6.9,30.0,28.76,,16.8
2013-01-31,7.5,29.0,30.38,,16.8
2013-02-01,7.7,29.0,19.58,,17.4
2013-02-02,7.7,29.0,10.04,,17.6
2013-02-03,8.0,28.0,0.14,,17.6
2013-02-04,8.0,33.0,-1.48,,17.9
2013-02-05,8.0,33.0,3.02,,17.9
2013-02-06,8.0,33.0,14.36,,17.9
2013-02-07,8.0,35.0,17.78,,17.9
2013-02-08,8.0,44.0,19.04,,17.9
2013-02-09,8.1,43.0,22.28,,17.9
2013-02-10,8.1,42.0,22.64,,18.0
2013-02-11,8.1,40.0,23.9,,18.0
2013-02-12,8.1,40.0,26.6,,18.0
2013-02-13,8.2,39.0,27.5,,18.0
2013-02-14,8.2,39.0,33.26,,18.1
2013-02-15,8.2,38.0,31.28,,18.1
2013-02-16,8.4,38.0,32.36,,18.1
2013-02-17,8.9,37.0,30.92,,18.3
2013-02-18,9.2,37.0,18.86,,18.8
2013-02-19,9.7,37.0,16.7,,19.1
2013-02-20,9.7,37.0,22.28,,19.6
2013-02-21,10.0,37.0,25.88,,19.6
2013-02-22,10.4,37.0,27.5,,19.9
2013-02-23,10.5,36.0,27.68,,20.3
2013-02-24,10.5,36.0,24.26,,20.4
2013-02-25,10.5,36.0,24.62,,20.4
2013-02-26,10.5,36.0,29.84,,20.4
2013-02-27,10.5,38.0,31.28,,20.4
2013-02-28,10.5,38.0,24.44,,20.4
2013-03-01,10.5,38.0,26.6,,20.4
2013-03-02,10.5,39.0,26.24,,20.4
2013-03-03,10.5,39.0,24.44,,20.4
2013-03-04,10.5,40.0,20.48,,20.4
2013-03-05,10.5,45.0,17.42,,20.4
2013-03-06,10.5,48.0,24.62,,20.4
2013-03-07,10.5,48.0,28.76,,20.4
2013-03-08,10.5,50.0,25.34,,20.4
2013-03-09,10.5,49.0,26.96,,20.4
2013-03-10,10.5,47.0,30.56,,20.4
2013-03-11,10.5,,20.84,,20.4
2013-03-12,10.7,50.0,20.48,,20.4
2013-03-13,10.7,48.0,24.26,,20.6
2013-03-14,10.7,46.0,19.94,,20.6
2013-03-15,10.9,47.0,17.96,,20.6
2013-03-16,10.9,47.0,22.1,,20.8
2013-03-17,11.0,46.0,19.58,,20.8
2013-03-18,11.7,47.0,17.06,,20.9
2013-03-19,12.2,47.0,18.32,,21.6
2013-03-20,12.2,46.0,16.7,,22.1
2013-03-21,12.5,46.0,20.12,,22.1
2013-03-22,12.5,45.0,27.32,,22.4
2013-03-23,12.5,44.0,,,22.4
2013-03-24,,43.0,33.08,,22.4
2013-03-25,13.0,41.0,35.06,,
2013-03-26,13.0,40.0,27.32,,23.0
2013-03-27,13.0,40.0,19.4,,23.0
2013-03-28,13.2,40.0,27.5,,23.0
2013-03-29,13.2,41.0,30.38,,23.2
2013-03-30,13.2,41.0,24.98,,23.2
2013-03-31,13.4,39.0,27.86,,23.2
2013-04-01,13.4,44.0,30.2,,23.4
2013-04-02,13.4,46.0,31.28,,23.4
2013-04-03,13.4,48.0,34.52,,23.4
2013-04-04,13.4,47.0,34.52,,23.4
2013-04-05,13.4,47.0,41.36,,23.4
2013-04-06,13.4,45.0,42.26,,23.4
2013-04-07,13.3,47.0,39.92,,23.4
2013-04-08,13.2,46.0,33.8,,23.4
2013-04-09,13.2,44.0,22.28,,23.4
2013-04-10,13.3,42.0,23.0,,23.4
2013-04-11,13.3,41.0,29.48,,23.5
2013-04-12,13.3,40.0,32.0,,23.5
2013-04-13,13.5,39.0,20.12,,23.5
2013-04-14,14.4,37.0,16.34,,23.8
2013-04-15,14.4,35.0,14.18,,24.8
2013-04-16,14.5,34.0,18.86,,24.8
2013-04-17,14.5,33.0,27.5,,24.9
2013-04-18,14.5,34.0,31.64,,24.9
2013-04-19,14.6,38.0,35.06,,25.0
2013-04-20,14.9,38.0,39.92,,25.2
2013-04-21,14.8,37.0,40.64,,25.5
2013-04-22,14.7,36.0,41.36,,25.5
2013-04-23,14.6,35.0,43.52,,25.6
2013-04-24,14.5,34.0,42.08,,25.6
2013-04-25,14.4,35.0,42.98,,25.6
2013-04-26,14.2,34.0,42.44,,25.6
2013-04-27,13.9,37.0,42.98,,25.6
2013-04-28,13.5,35.0,36.68,,25.6
2013-04-29,13.2,34.0,34.16,,25.6
2013-04-30,13.2,34.0,32.0,,25.6
2013-05-01,13.1,34.0,30.74,,25.7
2013-05-02,14.2,33.0,37.94,,26.3
2013-05-03,14.1,32.0,35.6,,27.4
2013-05-04,14.1,31.0,35.78,,27.4
2013-05-05,14.0,30.0,36.32,,27.4
2013-05-06,14.0,27.0,30.02,,27.5
2013-05-07,13.6,25.0,24.62,,27.5
2013-05-08,13.8,23.0,24.26,,27.6
2013-05-09,13.9,21.0,27.86,,27.8
2013-05-10,14.0,19.0,27.5,,27.9
2013-05-11,14.0,18.0,30.92,,28.1
2013-05-12,14.0,17.0,33.26,,28.1
2013-05-13,13.7,13.0,35.6,,28.1
2013-05-14,14.0,12.0,36.68,,28.2
2013-05-15,13.8,10.0,32.36,,28.8
2013-05-16,13.5,8.0,31.82,,28.8
2013-05-17,13.1,6.0,36.86,,28.8
2013-05-18,12.7,5.0,42.26,,28.8
2013-05-19,12.2,4.0,46.22,,28.8
2013-05-20,11.3,2.0,48.38,,28.9
2013-05-21,10.4,0.0,45.32,,28.9
2013-05-22,9.5,0.0,39.2,,29.0
2013-05-23,8.6,0.0,29.48,,29.0
2013-05-24,8.0,0.0,32.54,,29.0
2013-05-25,7.9,0.0,41.18,,29.0
2013-05-26,7.3,0.0,45.86,,29.0
2013-05-27,6.4,0.0,44.78,,29.0
2013-05-28,5.4,0.0,45.68,,29.0
2013-05-29,4.4,0.0,48.2,,29.0
2013-05-30,3.5,0.0,46.4,,29.0
2013-05-31,2.6,0.0,48.2,,29.0
2013-06-01,1.7,0.0,53.78,,29.0
2013-06-02,0.7,0.0,55.22,,29.4
2013-06-03,0.0,0.0,57.38,,29.4
2013-06-04,0.0,0.0,61.7,,29.4
2013-06-05,0.0,0.0,61.88,,29.4
2013-06-06,0.0,0.0,53.24,,29.4
2013-06-07,0.0,0.0,53.42,,29.4
2013-06-08,0.0,0.0,47.84,,29.5
2013-06-09,0.0,0.0,42.98,,29.5
2013-06-10,0.0,0.0,42.44,,29.5
2013-06-11,0.0,0.0,43.16,,29.5
2013-06-12,0.0,0.0,49.1,,29.5
2013-06-13,0.0,0.0,50.36,,29.5
2013-06-14,0.0,0.0,33.98,,29.5
2013-06-15,0.0,0.0,37.4,,29.5
2013-06-16,0.0,0.0,42.98,,29.5
2013-06-17,0.0,0.0,47.66,,29.5
2013-06-18,0.0,0.0,44.6,,29.5
2013-06-19,0.0,0.0,41.9,,29.5
2013-06-20,0.0,0.0,40.46,,29.5
2013-06-21,0.0,0.0,38.84,,29.9
2013-06-22,0.0,0.0,40.46,,30.0
2013-06-23,0.0,0.0,44.78,,30.3
2013-06-24,0.0,0.0,51.26,,30.4
2013-06-25,0.0,0.0,52.7,,30.4
2013-06-26,0.0,0.0,48.38,,30.4
2013-06-27,0.0,0.0,53.24,,30.4
2013-06-28,0.0,0.0,57.38,,30.4
2013-06-29,0.0,0.0,60.98,,30.4
2013-06-30,0.0,0.0,62.96,,30.4
2013-07-01,0.0,0.0,59.72,,30.4
2013-07-02,0.0,0.0,62.78,,30.4
2013-07-03,0.0,0.0,64.22,,30.4
2013-07-04,0.0,0.0,57.38,,30.4
2013-07-05,0.0,0.0,56.12,,30.4
2013-07-06,0.0,0.0,46.4,,30.4
2013-07-07,0.0,0.0,42.44,,30.4
2013-07-08,0.0,0.0,51.8,,30.4
2013-07-09,0.0,0.0,59.72,,30.5
2013-07-10,0.0,0.0,61.34,,30.5
2013-07-11,0.0,0.0,60.62,,30.6
2013-07-12,0.0,0.0,41.9,,30.6
2013-07-13,0.0,0.0,41.18,,30.6
2013-07-14,0.0,0.0,42.98,,30.6
2013-07-15,0.0,0.0,47.12,,31.0
2013-07-16,0.0,0.0,54.68,,31.0
2013-07-17,0.0,0.0,50.36,,31.0
2013-07-18,0.0,0.0,49.28,,31.0
2013-07-19,0.0,0.0,56.84,,31.0
2013-07-20,0.0,0.0,63.32,,31.3
2013-07-21,0.0,0.0,69.44,,32.0
2013-07-22,0.0,0.0,70.88,,32.0
2013-07-23,0.0,0.0,71.6,,32.0
2013-07-24,0.0,0.0,74.66,,32.0
2013-07-25,0.0,0.0,74.84,,32.0
2013-07-26,0.0,0.0,69.98,,32.0
2013-07-27,0.0,0.0,66.02,,32.0
2013-07-28,0.0,0.0,62.6,,32.0
2013-07-29,0.0,0.0,62.24,,32.0
2013-07-30,0.0,0.0,65.48,,32.0
2013-07-31,0.0,0.0,64.22,,32.0
2013-08-01,0.0,0.0,65.48,,32.0
2013-08-02,0.0,0.0,69.44,,32.0
2013-08-03,0.0,0.0,61.16,,32.0
2013-08-04,0.0,0.0,61.52,,32.0
2013-08-05,0.0,0.0,60.62,,32.0
2013-08-06,0.0,0.0,63.68,,32.1
2013-08-07,0.0,0.0,68.18,,32.1
2013-08-08,0.0,0.0,69.44,,32.1
2013-08-09,0.0,0.0,67.28,,32.1
2013-08-10,0.0,0.0,66.2,,32.1
2013-08-11,0.0,0.0,69.62,,32.1
2013-08-12,0.0,0.0,69.08,,32.1
2013-08-13,0.0,0.0,66.92,,32.2
2013-08-14,0.0,0.0,67.28,,32.2
2013-08-15,0.0,0.0,67.64,,32.2
2013-08-16,0.0,0.0,71.06,,32.2
2013-08-17,0.0,0.0,68.18,,32.2
2013-08-18,0.0,0.0,69.44,,32.2
2013-08-19,0.0,0.0,66.56,,32.2
2013-08-20,0.0,0.0,62.06,,32.2
2013-08-21,0.0,0.0,61.16,,32.2
2013-08-22,0.0,0.0,63.86,,32.2
2013-08-23,0.0,0.0,65.84,,32.2
2013-08-24,0.0,0.0,63.14,,32.2
2013-08-25,0.0,0.0,54.32,,32.2
2013-08-26,0.0,0.0,58.64,,32.2
2013-08-27,0.0,0.0,63.5,,32.2
2013-08-28,0.0,0.0,66.38,,32.2
2013-08-29,0.0,0.0,64.94,,32.2
2013-08-30,0.0,0.0,66.56,,32.2
2013-08-31,0.0,0.0,65.66,,32.3
2013-09-01,0.0,0.0,64.22,,32.3
2013-09-02,0.0,0.0,62.78,,32.3
2013-09-03,0.0,0.0,62.96,,32.3
2013-09-04,0.0,0.0,64.94,,32.3
2013-09-05,0.0,0.0,65.12,,32.3
2013-09-06,0.0,0.0,65.66,,32.3
2013-09-07,0.0,0.0,69.08,,32.3
2013-09-08,0.0,0.0,68.54,,32.3
2013-09-09,0.0,0.0,66.92,,32.3
2013-09-10,0.0,0.0,67.28,,32.3
2013-09-11,0.0,0.0,67.1,,32.3
2013-09-12,0.0,0.0,67.64,,32.3
2013-09-13,0.0,0.0,66.02,,32.3
2013-09-14,0.0,0.0,65.84,,32.3
2013-09-15,0.0,0.0,60.8,,32.3
2013-09-16,0.0,0.0,57.38,,32.3
2013-09-17,0.0,0.0,59.9,,32.3
2013-09-18,0.0,0.0,59.9,,32.3
2013-09-19,0.0,0.0,62.96,,32.6
2013-09-20,0.0,0.0,62.96,,32.6
2013-09-21,0.0,0.0,65.12,,32.6
2013-09-22,0.0,0.0,63.14,,32.6
2013-09-23,0.0,0.0,64.22,,32.7
2013-09-24,0.0,0.0,67.82,,32.7
2013-09-25,0.0,0.0,65.66,,32.7
2013-09-26,0.0,0.0,58.28,,32.7
2013-09-27,0.0,0.0,62.24,,32.7
2013-09-28,0.0,0.0,59.36,,32.7
2013-09-29,0.0,0.0,57.02,,32.9
2013-09-30,0.0,0.0,55.58,,32.9
2013-10-01,0.0,0.0,57.38,,33.1
2013-10-02,0.0,0.0,57.02,,33.1
2013-10-03,0.0,0.0,59.18,,33.2
2013-10-04,0.0,0.0,62.78,,33.2
2013-10-05,0.0,0.0,58.28,,33.2
2013-10-06,0.0,0.0,54.86,,33.2
2013-10-07,0.0,0.0,55.58,,33.2
2013-10-08,0.0,0.0,59.54,,33.3
2013-10-09,0.0,0.0,58.64,,33.4
2013-10-10,0.0,0.0,52.88,,33.5
2013-10-11,0.0,0.0,39.92,,33.5
2013-10-12,0.0,0.0,43.16,,33.5
2013-10-13,0.0,0.0,52.88,,33.5
2013-10-14,0.0,0.0,52.16,,33.5
2013-10-15,0.0,0.0,43.16,,33.5
2013-10-16,0.0,0.0,44.78,,33.6
2013-10-17,0.0,0.0,41.72,,33.6
2013-10-18,0.0,0.0,34.7,,33.6
2013-10-19,0.0,0.0,35.78,,33.6
2013-10-20,0.0,0.0,36.5,,33.9
2013-10-21,0.0,0.0,41.72,,34.1
2013-10-22,0.0,0.0,42.62,,34.1
2013-10-23,0.0,0.0,39.38,,34.2
2013-10-24,0.0,0.0,35.6,,34.3
2013-10-25,0.0,0.0,34.52,,36.0
2013-10-26,0.0,0.0,33.26,,0.0
2013-10-27,0.0,0.0,34.52,,0.0
2013-10-28,0.0,0.0,37.76,,0.1
2013-10-29,0.0,0.0,44.42,,0.2
2013-10-30,0.0,0.0,45.32,,0.2
2013-10-31,0.0,0.0,34.16,,0.3
2013-11-01,0.0,0.0,37.4,,0.3
2013-11-02,0.0,0.0,38.84,,0.3
2013-11-03,0.0,0.0,34.88,,0.3
2013-11-04,0.0,0.0,37.22,,0.3
2013-11-05,0.0,0.0,37.22,,0.3
2013-11-06,0.0,0.0,36.14,,0.3
2013-11-07,0.0,0.0,34.16,,0.3
2013-11-08,0.0,0.0,35.6,,0.3
2013-11-09,0.0,0.0,36.68,,0.3
2013-11-10,0.0,0.0,35.6,,0.3
2013-11-11,0.0,0.0,40.28,,0.3
2013-11-12,0.0,0.0,42.62,,0.3
2013-11-13,0.0,0.0,41.0,,0.3
2013-11-14,0.0,0.0,43.7,,0.4
2013-11-15,0.0,0.0,44.06,,0.4
2013-11-16,0.0,0.0,44.78,,0.4
2013-11-17,0.0,4.0,44.6,,0.4
2013-11-18,0.0,3.0,42.8,,0.4
2013-11-19,0.0,2.0,40.46,,0.4
2013-11-20,0.0,2.0,37.76,,0.4
2013-11-21,0.0,2.0,32.0,,0.4
2013-11-22,0.0,2.0,29.3,,0.4
2013-11-23,0.0,2.0,30.38,,0.4
2013-11-24,0.0,1.0,32.36,,0.4
2013-11-25,0.0,1.0,33.44,,0.4
2013-11-26,0.0,1.0,23.0,,0.5
2013-11-27,0.0,2.0,20.12,,0.5
2013-11-28,0.0,8.0,19.58,,0.7
2013-11-29,0.0,8.0,31.46,,0.7
2013-11-30,0.4,7.0,35.24,,0.7
2013-12-01,0.8,14.0,30.02,,1.1
2013-12-02,0.9,19.0,31.46,,1.5
2013-12-03,0.9,19.0,38.3,,2.0
2013-12-04,0.9,17.0,39.2,,2.0
2013-12-05,0.9,18.0,43.52,,2.0
2013-12-06,0.9,17.0,37.4,,2.0
2013-12-07,0.9,16.0,30.74,,2.0
2013-12-08,0.9,17.0,26.24,,2.0
2013-12-09,0.9,16.0,23.54,,2.0
2013-12-10,1.0,16.0,24.62,,2.0
2013-12-11,1.8,16.0,30.02,,2.1
2013-12-12,1.8,13.0,31.64,,2.8
2013-12-13,2.0,21.0,28.22,,2.8
2013-12-14,3.4,23.0,16.7,,3.0
2013-12-15,4.3,23.0,17.24,,4.3
2013-12-16,4.3,23.0,23.18,,5.2
2013-12-17,4.3,23.0,26.24,,5.2
2013-12-18,4.3,23.0,32.72,,5.2
2013-12-19,4.3,23.0,33.98,,5.2
2013-12-20,4.4,23.0,34.52,,5.2
2013-12-21,4.4,23.0,32.9,,5.3
2013-12-22,4.4,23.0,30.38,,5.3
2013-12-23,4.4,23.0,32.18,,5.3
2013-12-24,4.4,22.0,32.18,,5.3
2013-12-25,4.4,23.0,26.96,,5.3
2013-12-26,6.0,23.0,9.68,,5.3
2013-12-27,6.5,23.0,1.94,,7.1
2013-12-28,6.5,23.0,0.86,,7.6
2013-12-29,6.5,22.0,1.22,,7.6
2013-12-30,6.5,21.0,7.16,,7.6
2013-12-31,6.5,23.0,-2.56,,7.6
2014-01-01,6.5,25.0,3.74,,7.6
2014-01-02,6.5,25.0,12.2,,7.6
2014-01-03,6.6,26.0,12.02,,7.6
2014-01-04,6.6,29.0,19.76,,7.9
2014-01-05,6.6,29.0,24.08,,7.9
2014-01-06,6.6,28.0,26.78,,7.9
2014-01-07,6.7,28.0,27.86,,7.9
2014-01-08,6.8,27.0,27.14,,8.0
2014-01-09,6.8,28.0,30.56,,8.1
2014-01-10,6.8,27.0,29.48,,8.1
2014-01-11,6.8,27.0,21.02,,8.1
2014-01-12,6.8,27.0,14.0,,8.1
2014-01-13,6.9,28.0,23.18,,8.1
2014-01-14,7.0,27.0,26.96,,8.2
2014-01-15,7.1,28.0,30.02,,8.3
2014-01-16,7.3,28.0,17.42,,8.4
2014-01-17,7.9,28.0,18.68,,8.6
2014-01-18,7.9,28.0,25.88,,9.0
2014-01-19,7.9,29.0,30.56,,9.0
2014-01-20,7.9,34.0,25.52,,9.0
2014-01-21,7.9,41.0,19.76,,9.0
2014-01-22,7.9,41.0,26.6,,9.0
2014-01-23,7.9,40.0,28.4,,9.0
2014-01-24,8.1,52.0,22.46,,9.0
2014-01-25,8.1,50.0,25.52,,9.2
2014-01-26,8.1,49.0,26.96,,9.2
2014-01-27,8.1,48.0,14.54,,9.2
2014-01-28,8.1,47.0,16.16,,9.2
2014-01-29,8.1,46.0,21.02,,9.2
2014-01-30,8.1,44.0,27.14,,9.2
2014-01-31,8.2,44.0,27.5,,9.2
2014-02-01,8.4,44.0,23.72,,9.3
2014-02-02,9.1,44.0,26.96,,9.5
2014-02-03,9.9,43.0,29.84,,10.2
2014-02-04,10.3,43.0,23.72,,11.0
2014-02-05,10.9,43.0,27.14,,11.4
2014-02-06,12.1,42.0,23.54,,12.0
2014-02-07,12.3,41.0,23.54,,13.2
2014-02-08,12.3,42.0,24.98,,13.3
2014-02-09,12.3,41.0,25.88,,13.3
2014-02-10,12.3,48.0,26.96,,13.3
2014-02-11,12.3,49.0,27.14,,13.3
2014-02-12,12.3,48.0,27.32,,13.3
2014-02-13,12.3,48.0,28.4,,13.3
2014-02-14,12.3,45.0,26.6,,13.3
2014-02-15,12.3,53.0,25.88,,13.3
2014-02-16,12.3,54.0,26.6,,13.3
2014-02-17,12.3,55.0,28.76,,13.3
2014-02-18,12.3,57.0,27.86,,13.3
2014-02-19,12.3,62.0,27.86,,13.3
2014-02-20,12.3,71.0,24.08,,13.3
2014-02-21,12.3,67.0,28.76,,13.3
2014-02-22,12.3,65.0,22.64,,13.3
2014-02-23,13.8,66.0,16.52,,13.4
2014-02-24,14.0,75.0,17.42,,15.0
2014-02-25,14.0,73.0,18.68,,15.1
2014-02-26,14.1,77.0,16.7,,15.1
2014-02-27,14.1,77.0,7.52,,15.2
2014-02-28,14.7,77.0,5.72,,15.2
2014-03-01,14.8,77.0,9.5,,15.8
2014-03-02,14.9,75.0,19.58,,15.9
2014-03-03,15.2,78.0,28.76,,16.0
2014-03-04,16.0,82.0,29.48,,16.3
2014-03-05,17.7,80.0,25.16,,17.1
2014-03-06,17.7,80.0,27.68,,18.8
2014-03-07,17.8,77.0,30.56,,18.8
2014-03-08,18.0,76.0,30.74,,18.9
2014-03-09,20.1,75.0,29.66,,19.1
2014-03-10,20.7,74.0,32.18,,21.2
2014-03-11,21.9,76.0,25.16,,21.8
2014-03-12,22.5,,29.3,,23.0
2014-03-13,22.7,74.0,29.84,,23.6
2014-03-14,22.9,73.0,20.84,,23.8
2014-03-15,23.1,81.0,21.74,,24.0
2014-03-16,23.3,84.0,25.88,,24.2
2014-03-17,23.5,82.0,23.72,,24.4
2014-03-18,23.7,80.0,30.56,,24.6
2014-03-19,23.8,79.0,34.34,,24.8
2014-03-20,24.1,78.0,37.22,,25.0
2014-03-21,24.1,77.0,36.5,,25.3
2014-03-22,24.1,75.0,33.08,,25.3
2014-03-23,24.1,79.0,33.08,,25.3
2014-03-24,24.7,78.0,,,25.3
2014-03-25,,77.0,30.56,,25.9
2014-03-26,24.8,76.0,31.46,,
2014-03-27,25.1,76.0,32.18,,26.0
2014-03-28,26.6,76.0,32.18,,26.6
2014-03-29,27.8,74.0,34.7,,27.9
2014-03-30,27.8,81.0,34.88,,29.1
2014-03-31,27.9,80.0,30.92,,29.2
2014-04-01,28.1,78.0,33.44,,29.3
2014-04-02,28.1,78.0,36.32,,29.5
2014-04-03,28.1,77.0,31.28,,29.5
2014-04-04,28.5,77.0,26.78,,29.6
2014-04-05,28.5,76.0,29.48,,30.6
2014-04-06,28.5,75.0,32.36,,31.4
2014-04-07,28.5,74.0,31.82,,31.4
2014-04-08,28.5,78.0,32.0,,31.4
2014-04-09,28.6,86.0,39.38,,31.4
2014-04-10,28.6,83.0,25.7,,31.5
2014-04-11,28.7,89.0,22.1,,31.5
2014-04-12,29.3,88.0,27.14,,31.6
2014-04-13,29.3,87.0,27.86,,32.2
2014-04-14,29.2,93.0,23.54,,32.2
2014-04-15,29.1,90.0,26.78,,32.2
2014-04-16,29.1,90.0,30.38,,32.2
2014-04-17,29.1,90.0,35.24,,32.2
2014-04-18,29.1,90.0,39.92,,32.2
2014-04-19,29.1,90.0,31.82,,32.2
2014-04-20,29.2,88.0,27.86,,32.2
2014-04-21,29.5,86.0,29.84,,32.3
2014-04-22,30.7,85.0,31.82,,32.6
2014-04-23,30.8,83.0,28.76,,33.8
2014-04-24,32.6,81.0,28.04,,33.9
2014-04-25,32.7,80.0,25.88,,35.5
2014-04-26,32.7,79.0,28.22,,35.6
2014-04-27,33.5,78.0,29.48,,35.6
2014-04-28,33.6,77.0,30.74,,36.3
2014-04-29,33.7,77.0,32.54,,36.4
2014-04-30,33.8,75.0,34.52,,36.5
2014-05-01,34.0,74.0,40.1,,36.6
2014-05-02,34.2,72.0,45.32,,36.9
2014-05-03,34.1,71.0,43.88,,37.1
2014-05-04,33.8,70.0,39.92,,37.1
2014-05-05,33.4,73.0,42.08,,37.1
2014-05-06,33.0,72.0,40.1,,37.1
2014-05-07,32.6,73.0,34.7,,37.1
2014-05-08,32.1,73.0,35.96,,37.1
2014-05-09,32.0,71.0,36.32,,37.1
2014-05-10,31.9,72.0,34.52,,37.1
2014-05-11,31.8,72.0,41.0,,37.1
2014-05-12,31.5,70.0,36.86,,37.1
2014-05-13,31.1,68.0,42.62,,37.1
2014-05-14,30.1,66.0,39.92,,37.4
2014-05-15,29.6,63.0,43.88,,37.4
2014-05-16,29.3,60.0,33.26,,37.4
2014-05-17,28.8,59.0,29.48,,37.4
2014-05-18,29.5,57.0,34.34,,37.5
2014-05-19,29.6,55.0,33.26,,38.1
2014-05-20,30.2,54.0,33.08,,38.2
2014-05-21,30.2,51.0,29.3,,38.8
2014-05-22,30.0,48.0,29.48,,39.1
2014-05-23,30.1,49.0,37.04,,39.1
2014-05-24,30.2,47.0,44.6,,39.2
2014-05-25,30.2,45.0,49.64,,39.2
2014-05-26,29.2,42.0,50.9,,39.3
2014-05-27,28.2,40.0,48.02,,39.4
2014-05-28,27.1,37.0,42.98,,39.4
2014-05-29,26.3,34.0,40.28,,39.4
2014-05-30,25.8,31.0,40.82,,39.4
2014-05-31,25.4,30.0,39.92,,39.4
2014-06-01,24.5,29.0,39.2,,39.4
2014-06-02,24.0,26.0,36.86,,39.4
2014-06-03,23.5,24.0,33.26,,39.4
2014-06-04,22.6,21.0,39.2,,39.8
2014-06-05,22.5,17.0,40.64,,40.5
2014-06-06,21.7,14.0,44.24,,40.6
2014-06-07,20.8,10.0,49.64,,40.6
2014-06-08,19.8,6.0,53.24,,40.6
2014-06-09,18.6,2.0,53.96,,40.7
2014-06-10,17.4,0.0,51.44,,40.7
2014-06-11,16.2,0.0,41.36,,40.8
2014-06-12,14.9,0.0,39.92,,40.8
2014-06-13,14.2,0.0,45.5,,40.8
2014-06-14,13.5,0.0,47.3,,40.8
2014-06-15,12.5,0.0,53.96,,40.8
2014-06-16,11.5,0.0,56.66,,40.8
2014-06-17,10.1,0.0,53.24,,40.9
2014-06-18,8.4,0.0,53.06,,40.9
2014-06-19,6.5,0.0,55.04,,40.9
2014-06-20,4.9,0.0,56.84,,40.9
2014-06-21,3.0,0.0,49.46,,40.9
2014-06-22,0.9,0.0,43.88,,40.9
2014-06-23,0.0,0.0,51.08,,40.9
2014-06-24,0.0,0.0,54.68,,40.9
2014-06-25,0.0,0.0,51.8,,40.9
2014-06-26,0.0,0.0,57.2,,40.9
2014-06-27,0.0,0.0,56.12,,40.9
2014-06-28,0.0,0.0,55.04,,40.9
2014-06-29,0.0,0.0,55.58,,40.9
2014-06-30,0.0,0.0,54.86,,40.9
2014-07-01,0.0,0.0,53.96,,40.9
2014-07-02,0.0,0.0,55.4,,40.9
2014-07-03,0.0,0.0,58.28,,40.9
2014-07-04,0.0,0.0,55.58,,40.9
2014-07-05,0.0,0.0,53.24,,40.9
2014-07-06,0.0,0.0,60.44,,40.9
2014-07-07,0.0,0.0,45.68,,40.9
2014-07-08,0.0,0.0,43.7,,40.9
2014-07-09,0.0,0.0,45.86,,40.9
2014-07-10,0.0,0.0,41.9,,40.9
2014-07-11,0.0,0.0,36.86,,40.9
2014-07-12,0.0,0.0,38.3,,40.9
2014-07-13,0.0,0.0,51.62,,41.0
2014-07-14,0.0,0.0,59.0,,41.0
2014-07-15,0.0,0.0,57.74,,41.1
2014-07-16,0.0,0.0,58.28,,41.1
2014-07-17,0.0,0.0,59.18,,41.1
2014-07-18,0.0,0.0,60.44,,41.1
2014-07-19,0.0,0.0,55.04,,41.1
2014-07-20,0.0,0.0,52.16,,41.1
2014-07-21,0.0,0.0,49.28,,41.1
2014-07-22,0.0,0.0,50.36,,41.1
2014-07-23,0.0,0.0,52.7,,41.1
2014-07-24,0.0,0.0,55.4,,41.1
2014-07-25,0.0,0.0,62.06,,41.1
2014-07-26,0.0,0.0,66.38,,41.1
2014-07-27,0.0,0.0,66.02,,41.1
2014-07-28,0.0,0.0,67.64,,41.1
2014-07-29,0.0,0.0,66.56,,41.1
2014-07-30,0.0,0.0,68.72,,41.1
2014-07-31,0.0,0.0,68.72,,41.1
2014-08-01,0.0,0.0,68.18,,41.1
2014-08-02,0.0,0.0,64.22,,41.1
2014-08-03,0.0,0.0,65.66,,41.1
2014-08-04,0.0,0.0,68.54,,41.1
2014-08-05,0.0,0.0,69.08,,41.1
2014-08-06,0.0,0.0,71.06,,41.1
2014-08-07,0.0,0.0,73.04,,41.1
2014-08-08,0.0,0.0,67.82,,41.1
2014-08-09,0.0,0.0,68.0,,41.1
2014-08-10,0.0,0.0,68.18,,41.1
2014-08-11,0.0,0.0,65.66,,41.1
2014-08-12,0.0,0.0,64.4,,41.1
2014-08-13,0.0,0.0,64.76,,41.1
2014-08-14,0.0,0.0,57.56,,41.1
2014-08-15,0.0,0.0,61.88,,41.1
2014-08-16,0.0,0.0,63.68,,41.2
2014-08-17,0.0,0.0,53.42,,41.2
2014-08-18,0.0,0.0,55.76,,41.4
2014-08-19,0.0,0.0,61.34,,41.4
2014-08-20,0.0,0.0,68.18,,41.4
2014-08-21,0.0,0.0,67.82,,41.4
2014-08-22,0.0,0.0,65.84,,41.4
2014-08-23,0.0,0.0,60.98,,41.4
2014-08-24,0.0,0.0,59.18,,41.4
2014-08-25,0.0,0.0,64.22,,41.4
2014-08-26,0.0,0.0,66.92,,41.4
2014-08-27,0.0,0.0,68.18,,41.6
2014-08-28,0.0,0.0,60.44,,41.6
2014-08-29,0.0,0.0,61.52,,41.6
2014-08-30,0.0,0.0,56.84,,41.7
2014-08-31,0.0,0.0,59.36,,41.7
2014-09-01,0.0,0.0,60.8,,41.8
2014-09-02,0.0,0.0,59.72,,42.6
2014-09-03,0.0,0.0,64.04,,42.7
2014-09-04,0.0,0.0,67.1,,42.7
2014-09-05,0.0,0.0,60.08,,42.7
2014-09-06,0.0,0.0,55.76,,42.7
2014-09-07,0.0,0.0,56.84,,42.8
2014-09-08,0.0,0.0,58.28,,42.8
2014-09-09,0.0,0.0,58.82,,43.5
2014-09-10,0.0,0.0,62.06,,43.5
2014-09-11,0.0,0.0,63.86,,43.5
2014-09-12,0.0,0.0,63.5,,43.6
2014-09-13,0.0,0.0,58.28,,43.6
2014-09-14,0.0,0.0,56.12,,43.6
2014-09-15,0.0,0.0,48.92,,43.6
2014-09-16,0.0,0.0,47.48,,43.6
2014-09-17,0.0,0.0,49.28,,43.6
2014-09-18,0.0,0.0,48.56,,43.8
2014-09-19,0.0,0.0,52.7,,43.9
2014-09-20,0.0,0.0,57.38,,43.9
2014-09-21,0.0,0.0,59.72,,44.0
2014-09-22,0.0,0.0,61.16,,44.0
2014-09-23,0.0,0.0,53.96,,44.0
2014-09-24,0.0,0.0,46.76,,44.0
2014-09-25,0.0,0.0,49.1,,44.0
2014-09-26,0.0,0.0,54.32,,44.1
2014-09-27,0.0,0.0,46.76,,44.1
2014-09-28,0.0,0.0,46.76,,44.1
2014-09-29,0.0,0.0,51.62,,44.1
2014-09-30,0.0,0.0,55.76,,44.1
2014-10-01,0.0,0.0,59.36,,44.1
2014-10-02,0.0,0.0,58.82,,44.2
2014-10-03,0.0,0.0,52.7,,44.2
2014-10-04,0.0,0.0,48.02,,44.2
2014-10-05,0.0,0.0,43.7,,44.2
2014-10-06,0.0,0.0,46.58,,44.2
2014-10-07,0.0,0.0,53.78,,44.2
2014-10-08,0.0,0.0,57.02,,44.2
2014-10-09,0.0,0.0,58.46,,44.2
2014-10-10,0.0,0.0,61.34,,44.2
2014-10-11,0.0,0.0,63.14,,44.2
2014-10-12,0.0,0.0,57.2,,44.3
2014-10-13,0.0,0.0,55.4,,44.3
2014-10-14,0.0,0.0,58.64,,44.3
2014-10-15,0.0,0.0,59.18,,44.3
2014-10-16,0.0,0.0,53.42,,44.3
2014-10-17,0.0,0.0,57.38,,44.3
2014-10-18,0.0,0.0,62.6,,44.3
2014-10-19,0.0,0.0,58.82,,44.5
2014-10-20,0.0,0.0,50.9,,44.5
2014-10-21,0.0,0.0,49.28,,44.5
2014-10-22,0.0,0.0,47.84,,44.5
2014-10-23,0.0,0.0,42.44,,44.5
2014-10-24,0.0,0.0,39.92,,44.6
2014-10-25,0.0,0.0,36.5,,45.7
2014-10-26,0.0,0.0,40.46,,45.9
2014-10-27,0.0,0.0,44.42,,0.0
2014-10-28,0.0,0.0,49.82,,0.0
2014-10-29,0.0,0.0,52.16,,0.0
2014-10-30,0.0,0.0,53.24,,0.0
2014-10-31,0.0,0.0,52.52,,0.0
2014-11-01,0.0,0.0,52.88,,0.0
2014-11-02,0.0,0.0,50.18,,0.1
2014-11-03,0.0,0.0,47.12,,0.1
2014-11-04,0.0,0.0,45.5,,0.1
2014-11-05,0.0,0.0,38.3,,0.1
2014-11-06,0.0,0.0,43.88,,0.1
2014-11-07,0.0,0.0,51.8,,0.1
2014-11-08,0.0,0.0,40.1,,0.1
2014-11-09,0.0,1.0,35.96,,0.2
2014-11-10,0.0,1.0,44.6,,0.2
2014-11-11,0.0,0.0,46.22,,0.3
2014-11-12,0.0,0.0,48.38,,0.3
2014-11-13,0.0,0.0,52.7,,0.4
2014-11-14,0.0,2.0,34.16,,0.4
2014-11-15,0.0,2.0,35.24,,0.4
2014-11-16,0.0,1.0,40.64,,0.5
2014-11-17,0.0,0.0,43.16,,1.4
2014-11-18,0.0,0.0,48.2,,1.6
2014-11-19,0.0,0.0,33.08,,2.2
2014-11-20,0.0,0.0,27.86,,2.4
2014-11-21,0.0,0.0,33.26,,2.4
2014-11-22,0.1,0.0,40.46,,2.6
2014-11-23,0.2,0.0,45.86,,2.6
2014-11-24,0.0,0.0,46.4,,2.7
2014-11-25,0.0,0.0,39.92,,2.8
2014-11-26,0.0,10.0,27.5,,2.8
2014-11-27,0.5,18.0,27.86,,2.8
2014-11-28,0.4,16.0,33.26,,3.4
2014-11-29,0.4,15.0,36.86,,3.5
2014-11-30,0.3,13.0,42.8,,3.6
2014-12-01,0.1,13.0,39.38,,3.7
2014-12-02,0.0,12.0,37.4,,3.7
2014-12-03,0.0,12.0,38.3,,3.7
2014-12-04,0.1,13.0,26.96,,3.7
2014-12-05,0.2,17.0,18.32,,3.7
2014-12-06,0.2,15.0,9.32,,4.0
2014-12-07,0.3,16.0,16.88,,4.0
2014-12-08,0.3,16.0,23.36,,4.0
2014-12-09,1.5,16.0,7.52,,4.0
2014-12-10,2.6,15.0,8.6,,5.1
2014-12-11,2.6,14.0,14.72,,6.0
2014-12-12,2.6,15.0,20.66,,6.0
2014-12-13,2.6,16.0,24.98,,6.0
2014-12-14,2.6,22.0,27.86,,6.1
2014-12-15,2.6,23.0,30.92,,6.1
2014-12-16,2.7,22.0,29.84,,6.2
2014-12-17,3.0,21.0,24.8,,6.3
2014-12-18,4.7,21.0,23.54,,6.6
2014-12-19,4.7,21.0,33.98,,8.5
2014-12-20,4.7,20.0,35.96,,8.5
2014-12-21,5.3,20.0,37.76,,8.6
2014-12-22,5.1,20.0,38.66,,10.4
2014-12-23,5.1,20.0,30.02,,10.4
2014-12-24,5.1,18.0,13.46,,10.4
2014-12-25,5.6,22.0,23.18,,10.4
2014-12-26,5.8,22.0,29.3,,10.5
2014-12-27,6.3,22.0,30.74,,10.5
2014-12-28,6.6,22.0,34.52,,11.5
2014-12-29,6.8,22.0,33.98,,11.7
2014-12-30,6.9,22.0,33.26,,12.2
2014-12-31,6.9,21.0,30.56,,12.9
2015-01-01,6.9,28.0,32.72,,12.9
2015-01-02,6.9,40.0,35.06,,13.2
2015-01-03,6.9,47.0,37.76,,13.2
2015-01-04,6.9,45.0,40.64,,13.2
2015-01-05,6.9,43.0,37.4,,13.3
2015-01-06,6.9,52.0,25.88,,13.3
2015-01-07,7.3,50.0,19.4,,13.3
2015-01-08,7.3,49.0,20.3,,13.7
2015-01-09,7.3,51.0,25.88,,13.7
2015-01-10,7.3,50.0,27.14,,13.7
2015-01-11,7.3,53.0,28.76,,13.8
2015-01-12,7.3,52.0,29.48,,13.9
2015-01-13,7.4,51.0,29.3,,13.9
2015-01-14,8.2,50.0,30.92,,14.1
2015-01-15,10.0,49.0,24.98,,14.7
2015-01-16,11.7,51.0,18.68,,16.2
2015-01-17,11.9,55.0,26.42,,18.5
2015-01-18,11.9,52.0,20.3,,18.9
2015-01-19,13.1,51.0,15.26,,19.0
2015-01-20,13.1,51.0,13.1,,20.0
2015-01-21,13.1,51.0,18.68,,20.0
2015-01-22,13.5,50.0,14.36,,20.0
2015-01-23,13.9,49.0,,,20.4
2015-01-24,14.0,50.0,,,20.7
2015-01-25,14.0,51.0,,,20.7
2015-01-26,14.0,50.0,,,20.7
2015-01-27,14.0,50.0,,,20.7
2015-01-28,14.0,51.0,,,20.7
2015-01-29,14.4,56.0,11.48,,20.7
2015-01-30,15.1,61.0,,,21.1
2015-01-31,15.1,59.0,35.06,,21.8
2015-02-01,15.1,59.0,30.38,,22.0
2015-02-02,15.2,58.0,28.76,,22.0
2015-02-03,15.2,58.0,29.66,,22.3
2015-02-04,15.2,57.0,31.46,,22.3
2015-02-05,15.2,56.0,28.4,,22.3
2015-02-06,15.4,56.0,22.1,,22.3
2015-02-07,15.6,56.0,19.04,,22.5
2015-02-08,15.7,55.0,23.54,,22.5
2015-02-09,15.7,54.0,27.32,,22.5
2015-02-10,15.8,54.0,24.62,,22.5
2015-02-11,17.0,53.0,33.26,,22.6
2015-02-12,18.1,53.0,24.26,,23.6
2015-02-13,18.2,53.0,18.32,,24.4
2015-02-14,18.2,56.0,16.34,,25.1
2015-02-15,18.1,56.0,23.36,,25.1
2015-02-16,18.0,58.0,26.42,,25.1
2015-02-17,18.1,58.0,31.82,,25.1
2015-02-18,17.9,57.0,36.14,,25.1
2015-02-19,17.9,56.0,38.66,,25.1
2015-02-20,17.8,54.0,37.76,,25.1
2015-02-21,17.8,54.0,32.0,,25.1
2015-02-22,17.9,53.0,25.34,,25.1
2015-02-23,18.0,52.0,24.8,,25.1
2015-02-24,18.0,53.0,28.22,,25.1
2015-02-25,18.0,53.0,27.86,,25.1
2015-02-26,18.0,53.0,30.38,,25.1
2015-02-27,18.4,52.0,32.54,,25.1
2015-02-28,19.2,52.0,32.9,,25.5
2015-03-01,19.3,52.0,37.76,,26.2
2015-03-02,19.5,52.0,42.44,,26.6
2015-03-03,19.5,52.0,35.96,,26.9
2015-03-04,20.2,52.0,37.22,,26.9
2015-03-05,19.6,52.0,34.52,,27.3
2015-03-06,19.6,52.0,31.46,,28.5
2015-03-07,19.6,53.0,32.36,,28.6
2015-03-08,19.7,53.0,35.24,,29.3
2015-03-09,20.0,52.0,36.5,,29.3
2015-03-10,20.1,52.0,39.2,,29.3
2015-03-11,20.0,52.0,33.26,,29.3
2015-03-12,20.3,53.0,26.6,,29.3
2015-03-13,20.5,,26.96,,29.3
2015-03-14,20.4,53.0,32.9,,29.3
2015-03-15,20.3,53.0,34.88,,29.3
2015-03-16,20.0,53.0,30.2,,29.3
2015-03-17,20.0,53.0,25.52,,29.3
2015-03-18,20.1,53.0,17.96,,29.3
2015-03-19,20.1,53.0,19.76,,29.3
2015-03-20,20.1,53.0,30.92,,29.3
2015-03-21,19.9,53.0,32.18,,29.3
2015-03-22,19.6,52.0,27.86,,29.3
2015-03-23,19.4,52.0,27.86,,29.4
2015-03-24,19.2,51.0,26.6,,29.4
2015-03-25,18.8,50.0,,,29.4
2015-03-26,,50.0,24.98,,29.4
2015-03-27,18.4,50.0,25.7,,
2015-03-28,18.3,48.0,22.1,,29.4
2015-03-29,18.2,47.0,20.12,,29.4
2015-03-30,18.3,46.0,28.4,,29.4
2015-03-31,18.1,45.0,36.14,,29.4
2015-04-01,18.1,46.0,37.94,,29.4
2015-04-02,18.1,45.0,37.22,,29.5
2015-04-03,18.1,44.0,37.4,,29.6
2015-04-04,18.1,43.0,40.82,,29.6
2015-04-05,18.1,42.0,39.38,,29.6
2015-04-06,18.1,45.0,39.38,,29.6
2015-04-07,18.1,50.0,40.82,,29.6
2015-04-08,18.1,47.0,40.82,,29.8
2015-04-09,18.2,47.0,42.44,,29.8
2015-04-10,18.2,45.0,39.02,,29.8
2015-04-11,18.2,44.0,37.22,,30.1
2015-04-12,18.3,43.0,34.34,,30.1
2015-04-13,18.3,43.0,36.5,,30.1
2015-04-14,18.1,42.0,42.44,,30.2
2015-04-15,18.1,42.0,40.46,,30.2
2015-04-16,17.8,42.0,38.84,,30.2
2015-04-17,17.7,42.0,30.74,,30.2
2015-04-18,17.5,42.0,27.5,,30.2
2015-04-19,17.9,44.0,28.22,,30.2
2015-04-20,18.7,46.0,38.66,,30.6
2015-04-21,18.7,45.0,47.12,,31.4
2015-04-22,18.6,44.0,39.02,,31.5
2015-04-23,18.4,43.0,39.02,,31.6
2015-04-24,18.4,42.0,45.5,,31.6
2015-04-25,18.0,45.0,41.0,,31.7
2015-04-26,17.8,44.0,26.96,,31.7
2015-04-27,17.6,42.0,25.7,,31.7
2015-04-28,17.5,42.0,29.48,,31.7
2015-04-29,17.7,42.0,32.54,,31.7
2015-04-30,17.7,40.0,31.46,,31.7
2015-05-01,17.7,37.0,29.48,,31.9
2015-05-02,18.2,36.0,31.46,,32.1
2015-05-03,18.2,34.0,37.94,,32.5
2015-05-04,18.2,32.0,35.06,,32.5
2015-05-05,18.2,30.0,39.2,,32.6
2015-05-06,18.2,27.0,33.44,,32.6
2015-05-07,18.2,25.0,29.66,,32.6
2015-05-08,18.6,25.0,42.26,,32.6
2015-05-09,18.6,24.0,31.82,,33.2
2015-05-10,18.1,24.0,31.46,,33.2
2015-05-11,17.9,21.0,40.28,,33.2
2015-05-12,17.8,19.0,45.68,,33.2
2015-05-13,17.7,17.0,32.18,,33.3
2015-05-14,16.9,15.0,44.96,,33.4
2015-05-15,16.1,13.0,45.86,,33.4
2015-05-16,15.0,10.0,48.2,,33.4
2015-05-17,14.2,6.0,46.76,,33.4
2015-05-18,13.2,4.0,42.98,,33.4
2015-05-19,12.3,1.0,35.96,,33.4
2015-05-20,11.6,1.0,33.08,,33.4
2015-05-21,11.5,0.0,33.8,,33.4
2015-05-22,11.6,0.0,41.9,,33.4
2015-05-23,11.2,0.0,49.82,,33.4
2015-05-24,10.2,0.0,50.36,,33.4
2015-05-25,9.0,0.0,44.96,,33.5
2015-05-26,8.1,0.0,48.38,,33.5
2015-05-27,7.3,0.0,51.62,,33.5
2015-05-28,6.2,0.0,51.44,,33.5
2015-05-29,5.0,0.0,53.42,,33.5
2015-05-30,3.8,0.0,50.0,,33.5
2015-05-31,2.5,0.0,40.46,,33.5
2015-06-01,1.2,0.0,38.12,,33.5
2015-06-02,0.4,0.0,45.32,,33.5
2015-06-03,0.2,0.0,47.3,,33.5
2015-06-04,0.0,0.0,47.12,,33.7
2015-06-05,0.0,0.0,46.22,,33.7
2015-06-06,0.0,0.0,44.42,,33.7
2015-06-07,0.0,0.0,41.0,,33.7
2015-06-08,0.0,0.0,48.2,,33.7
2015-06-09,0.0,0.0,42.08,,34.1
2015-06-10,0.0,0.0,44.78,,34.1
2015-06-11,0.0,0.0,44.42,,34.1
2015-06-12,0.0,0.0,45.86,,34.3
2015-06-13,0.0,0.0,44.96,,34.3
2015-06-14,0.0,0.0,45.86,,34.4
2015-06-15,0.0,0.0,47.66,,34.5
2015-06-16,0.0,0.0,46.22,,34.7
2015-06-17,0.0,0.0,49.46,,34.7
2015-06-18,0.0,0.0,51.26,,34.7
2015-06-19,0.0,0.0,49.1,,35.0
2015-06-20,0.0,0.0,46.76,,35.0
2015-06-21,0.0,0.0,45.5,,35.0
2015-06-22,0.0,0.0,50.18,,35.2
2015-06-23,0.0,0.0,54.32,,35.4
2015-06-24,0.0,0.0,57.56,,35.5
2015-06-25,0.0,0.0,61.16,,35.5
2015-06-26,0.0,0.0,51.8,,35.5
2015-06-27,0.0,0.0,48.92,,35.5
2015-06-28,0.0,0.0,49.28,,35.5
2015-06-29,0.0,0.0,51.44,,35.9
2015-06-30,0.0,0.0,52.88,,35.9
2015-07-01,0.0,0.0,53.24,,36.0
2015-07-02,0.0,0.0,61.16,,36.0
2015-07-03,0.0,0.0,65.84,,36.5
2015-07-04,0.0,0.0,65.66,,36.5
2015-07-05,0.0,0.0,59.72,,36.5
2015-07-06,0.0,0.0,62.24,,36.5
2015-07-07,0.0,0.0,58.28,,36.6
2015-07-08,0.0,0.0,53.6,,36.6
2015-07-09,0.0,0.0,54.14,,36.6
2015-07-10,0.0,0.0,60.44,,36.6
2015-07-11,0.0,0.0,59.72,,36.6
2015-07-12,0.0,0.0,60.62,,36.6
2015-07-13,0.0,0.0,62.6,,36.6
2015-07-14,0.0,0.0,59.0,,36.6
2015-07-15,0.0,0.0,57.56,,36.6
2015-07-16,0.0,0.0,58.46,,36.6
2015-07-17,0.0,0.0,57.38,,36.6
2015-07-18,0.0,0.0,61.34,,36.6
2015-07-19,0.0,0.0,62.6,,36.6
2015-07-20,0.0,0.0,65.3,,36.6
2015-07-21,0.0,0.0,69.98,,36.6
2015-07-22,0.0,0.0,72.32,,36.6
2015-07-23,0.0,0.0,74.84,,36.6
2015-07-24,0.0,0.0,74.12,,36.6
2015-07-25,0.0,0.0,71.96,,36.6
2015-07-26,0.0,0.0,70.7,,36.6
2015-07-27,0.0,0.0,71.06,,36.6
2015-07-28,0.0,0.0,70.7,,36.6
2015-07-29,0.0,0.0,69.44,,36.6
2015-07-30,0.0,0.0,59.0,,36.6
2015-07-31,0.0,0.0,63.5,,36.6
2015-08-01,0.0,0.0,64.76,,36.6
2015-08-02,0.0,0.0,56.12,,36.6
2015-08-03,0.0,0.0,58.46,,36.6
2015-08-04,0.0,0.0,54.14,,36.6
2015-08-05,0.0,0.0,55.76,,36.8
2015-08-06,0.0,0.0,56.66,,37.1
2015-08-07,0.0,0.0,53.42,,37.1
2015-08-08,0.0,0.0,59.36,,37.2
2015-08-09,0.0,0.0,59.36,,37.3
2015-08-10,0.0,0.0,58.64,,37.3
2015-08-11,0.0,0.0,54.32,,37.3
2015-08-12,0.0,0.0,51.8,,37.3
2015-08-13,0.0,0.0,57.92,,37.3
2015-08-14,0.0,0.0,63.32,,37.3
2015-08-15,0.0,0.0,64.04,,37.4
2015-08-16,0.0,0.0,59.18,,37.4
2015-08-17,0.0,0.0,59.18,,37.4
2015-08-18,0.0,0.0,61.16,,37.4
2015-08-19,0.0,0.0,61.52,,37.4
2015-08-20,0.0,0.0,59.72,,37.4
2015-08-21,0.0,0.0,49.28,,37.4
2015-08-22,0.0,0.0,50.72,,37.4
2015-08-23,0.0,0.0,57.92,,37.4
2015-08-24,0.0,0.0,63.86,,37.4
2015-08-25,0.0,0.0,68.54,,37.5
2015-08-26,0.0,0.0,70.52,,37.5
2015-08-27,0.0,0.0,70.88,,37.5
2015-08-28,0.0,0.0,63.14,,37.5
2015-08-29,0.0,0.0,62.96,,37.5
2015-08-30,0.0,0.0,55.76,,37.5
2015-08-31,0.0,0.0,57.02,,37.5
2015-09-01,0.0,0.0,58.64,,37.7
2015-09-02,0.0,0.0,55.58,,37.7
2015-09-03,0.0,0.0,61.16,,37.7
2015-09-04,0.0,0.0,64.4,,37.7
2015-09-05,0.0,0.0,67.1,,37.7
2015-09-06,0.0,0.0,68.72,,37.8
2015-09-07,0.0,0.0,71.42,,37.8
2015-09-08,0.0,0.0,69.44,,37.8
2015-09-09,0.0,0.0,57.2,,37.8
2015-09-10,0.0,0.0,58.46,,37.8
2015-09-11,0.0,0.0,58.82,,37.8
2015-09-12,0.0,0.0,59.36,,37.8
2015-09-13,0.0,0.0,60.62,,37.8
2015-09-14,0.0,0.0,61.7,,37.8
2015-09-15,0.0,0.0,60.62,,37.8
2015-09-16,0.0,0.0,56.12,,37.8
2015-09-17,0.0,0.0,61.52,,37.8
2015-09-18,0.0,0.0,65.84,,37.8
2015-09-19,0.0,0.0,67.46,,37.8
2015-09-20,0.0,0.0,68.0,,37.8
2015-09-21,0.0,0.0,64.22,,37.8
2015-09-22,0.0,0.0,65.66,,37.8
2015-09-23,0.0,0.0,66.2,,37.8
2015-09-24,0.0,0.0,53.24,,37.8
2015-09-25,0.0,0.0,53.96,,37.8
2015-09-26,0.0,0.0,59.54,,37.8
2015-09-27,0.0,0.0,58.46,,37.8
2015-09-28,0.0,0.0,50.9,,37.8
2015-09-29,0.0,0.0,49.28,,37.8
2015-09-30,0.0,0.0,36.32,,37.8
2015-10-01,0.0,0.0,42.08,,37.8
2015-10-02,0.0,0.0,47.48,,37.8
2015-10-03,0.0,0.0,51.8,,37.8
2015-10-04,0.0,0.0,58.46,,37.8
2015-10-05,0.0,0.0,61.52,,37.9
2015-10-06,0.0,0.0,63.68,,37.9
2015-10-07,0.0,0.0,64.76,,37.9
2015-10-08,0.0,0.0,63.14,,37.9
2015-10-09,0.0,0.0,52.7,,37.9
2015-10-10,0.0,0.0,43.52,,37.9
2015-10-11,0.0,0.0,40.64,,37.9
2015-10-12,0.0,0.0,38.3,,37.9
2015-10-13,0.0,0.0,40.1,,38.5
2015-10-14,0.0,0.0,46.76,,38.7
2015-10-15,0.0,0.0,53.24,,39.3
2015-10-16,0.0,0.0,55.58,,39.4
2015-10-17,0.0,0.0,56.48,,39.5
2015-10-18,0.0,0.0,55.76,,39.5
2015-10-19,0.0,0.0,57.56,,39.5
2015-10-20,0.0,0.0,62.6,,39.5
2015-10-21,0.0,0.0,59.36,,39.5
2015-10-22,0.0,0.0,53.78,,39.5
2015-10-23,0.0,0.0,53.24,,39.5
2015-10-24,0.0,0.0,56.48,,39.5
2015-10-25,0.0,0.0,57.92,,39.5
2015-10-26,0.0,0.0,53.6,,39.5
2015-10-27,0.0,0.0,53.78,,39.5
2015-10-28,0.0,0.0,45.5,,0.0
2015-10-29,0.0,0.0,46.58,,0.1
2015-10-30,0.0,0.0,49.82,,0.2
2015-10-31,0.0,0.0,52.52,,0.2
2015-11-01,0.0,0.0,51.98,,0.2
2015-11-02,0.0,0.0,53.24,,0.2
2015-11-03,0.0,0.0,57.38,,0.2
2015-11-04,0.0,0.0,60.62,,0.2
2015-11-05,0.0,0.0,44.78,,0.2
2015-11-06,0.0,0.0,49.28,,0.2
2015-11-07,0.0,0.0,53.06,,0.2
2015-11-08,0.0,0.0,53.42,,0.2
2015-11-09,0.0,0.0,53.24,,0.2
2015-11-10,0.0,0.0,55.22,,0.2
2015-11-11,0.0,0.0,54.32,,0.2
2015-11-12,0.0,0.0,48.2,,0.3
2015-11-13,0.0,1.0,44.78,,0.3
2015-11-14,0.0,0.0,42.08,,0.6
2015-11-15,0.0,0.0,41.36,,1.1
2015-11-16,0.0,0.0,41.72,,1.4
2015-11-17,0.0,0.0,38.84,,1.4
2015-11-18,0.0,0.0,43.16,,1.4
2015-11-19,0.0,1.0,45.86,,1.4
2015-11-20,0.0,2.0,35.96,,1.5
2015-11-21,0.0,2.0,34.52,,1.5
2015-11-22,0.0,2.0,36.86,,1.5
2015-11-23,0.0,11.0,34.52,,1.5
2015-11-24,0.0,10.0,32.0,,1.6
2015-11-25,0.0,9.0,42.26,,2.0
2015-11-26,0.3,8.0,39.92,,2.0
2015-11-27,0.0,8.0,33.26,,2.7
2015-11-28,0.0,8.0,30.92,,2.8
2015-11-29,0.0,8.0,29.3,,3.4
2015-11-30,0.0,8.0,26.96,,3.4
2015-12-01,0.0,9.0,27.14,,3.4
2015-12-02,0.1,11.0,28.04,,3.4
2015-12-03,0.1,15.0,34.34,,3.4
2015-12-04,0.2,15.0,29.48,,3.4
2015-12-05,0.3,15.0,24.26,,3.5
2015-12-06,1.3,14.0,22.46,,3.7
2015-12-07,1.3,13.0,22.46,,4.6
2015-12-08,1.4,14.0,28.22,,4.6
2015-12-09,1.4,18.0,32.54,,4.6
2015-12-10,1.4,18.0,33.44,,4.6
2015-12-11,1.4,18.0,22.64,,4.7
2015-12-12,1.4,17.0,25.34,,4.7
2015-12-13,1.4,17.0,23.72,,4.7
2015-12-14,1.7,16.0,26.6,,4.7
2015-12-15,2.1,16.0,18.68,,5.0
2015-12-16,3.3,16.0,17.96,,5.4
2015-12-17,3.3,15.0,25.7,,6.6
2015-12-18,3.3,25.0,30.56,,6.6
2015-12-19,3.3,24.0,32.36,,6.6
2015-12-20,3.2,27.0,25.52,,6.6
2015-12-21,3.4,37.0,19.22,,6.6
2015-12-22,3.8,35.0,13.64,,6.7
2015-12-23,3.8,29.0,16.52,,7.0
2015-12-24,3.8,32.0,12.02,,7.0
2015-12-25,3.8,35.0,14.0,,7.0
2015-12-26,3.8,38.0,15.26,,7.0
2015-12-27,3.8,49.0,23.72,,7.0
2015-12-28,3.8,47.0,32.18,,7.0
2015-12-29,3.8,44.0,28.4,,7.0
2015-12-30,3.8,46.0,23.0,,7.0
2015-12-31,5.1,49.0,,,7.0
2016-01-01,5.1,60.0,,,8.2
2016-01-02,5.9,62.0,,,8.2
2016-01-03,7.0,63.0,32.0,,9.2
2016-01-04,7.2,71.0,27.86,,10.8
2016-01-05,7.7,68.0,25.16,,11.5
2016-01-06,8.7,81.0,25.16,,12.4
2016-01-07,8.9,81.0,28.04,,13.3
2016-01-08,9.5,77.0,21.92,,13.5
2016-01-09,10.9,73.0,17.42,,14.1
2016-01-10,11.0,71.0,14.72,,15.2
2016-01-11,11.0,68.0,14.0,,15.2
2016-01-12,11.2,68.0,28.76,,15.2
2016-01-13,11.8,66.0,28.4,,15.2
2016-01-14,13.7,64.0,23.0,,15.8
2016-01-15,14.4,62.0,25.16,,17.7
2016-01-16,14.8,62.0,20.84,,18.4
2016-01-17,16.4,62.0,18.32,,18.6
2016-01-18,16.4,61.0,15.62,,20.1
2016-01-19,17.5,60.0,8.42,,20.1
2016-01-20,17.6,61.0,5.54,,21.9
2016-01-21,17.6,61.0,10.58,,22.4
2016-01-22,17.6,59.0,11.12,,22.4
2016-01-23,17.6,60.0,10.22,,22.4
2016-01-24,17.5,58.0,11.66,,22.4
2016-01-25,17.4,58.0,4.46,,22.4
2016-01-26,17.3,58.0,8.96,,22.4
2016-01-27,17.3,65.0,14.54,,22.4
2016-01-28,17.3,67.0,27.68,,22.4
2016-01-29,17.3,66.0,30.74,,22.4
2016-01-30,17.3,73.0,31.28,,22.4
2016-01-31,17.3,74.0,29.84,,22.4
2016-02-01,17.4,73.0,26.96,,22.4
2016-02-02,17.6,81.0,21.92,,22.5
2016-02-03,17.6,83.0,21.74,,22.6
2016-02-04,17.6,80.0,13.82,,22.6
2016-02-05,17.6,78.0,15.26,,22.6
2016-02-06,17.6,79.0,25.16,,22.6
2016-02-07,17.7,78.0,28.22,,22.6
2016-02-08,17.7,77.0,21.02,,22.7
2016-02-09,18.4,76.0,21.92,,22.7
2016-02-10,18.6,75.0,25.16,,23.4
2016-02-11,18.8,80.0,26.96,,23.6
2016-02-12,19.7,85.0,27.86,,23.8
2016-02-13,20.1,83.0,26.42,,24.6
2016-02-14,20.6,82.0,23.0,,24.9
2016-02-15,21.6,81.0,27.14,,25.3
2016-02-16,22.2,80.0,31.28,,26.1
2016-02-17,22.2,80.0,30.74,,26.6
2016-02-18,22.2,81.0,24.44,,26.7
2016-02-19,22.7,80.0,17.06,,26.8
2016-02-20,22.9,79.0,20.12,,27.1
2016-02-21,22.9,78.0,25.7,,27.1
2016-02-22,23.0,77.0,27.86,,27.1
2016-02-23,23.0,77.0,27.86,,27.1
2016-02-24,23.5,77.0,20.84,,27.2
2016-02-25,24.8,76.0,14.0,,27.5
2016-02-26,24.8,75.0,14.0,,29.2
2016-02-27,24.8,77.0,10.94,,29.2
2016-02-28,24.8,79.0,16.34,,29.2
2016-02-29,24.8,77.0,21.56,,29.2
2016-03-01,25.0,76.0,25.52,,29.2
2016-03-02,25.2,75.0,28.76,,29.2
2016-03-03,25.2,81.0,27.86,,29.4
2016-03-04,25.2,82.0,31.28,,29.8
2016-03-05,25.2,81.0,32.9,,29.8
2016-03-06,25.2,79.0,33.8,,29.8
2016-03-07,25.2,79.0,36.68,,29.8
2016-03-08,25.2,78.0,37.76,,29.8
2016-03-09,25.2,78.0,32.54,,29.8
2016-03-10,25.3,78.0,30.56,,29.8
2016-03-11,25.4,77.0,35.24,,29.8
2016-03-12,26.7,78.0,35.96,,30.0
2016-03-13,26.7,77.0,37.04,,30.7
2016-03-14,26.7,77.0,30.56,,31.1
2016-03-15,26.7,76.0,28.4,,31.1
2016-03-16,27.7,76.0,22.46,,31.1
2016-03-17,27.9,75.0,26.24,,32.0
2016-03-18,27.9,74.0,25.34,,32.2
2016-03-19,27.9,73.0,21.38,,32.2
2016-03-20,27.8,72.0,27.5,,32.3
2016-03-21,27.8,72.0,31.82,,32.3
2016-03-22,27.8,71.0,37.4,,32.3
2016-03-23,27.8,74.0,33.26,,32.3
2016-03-24,27.8,72.0,33.8,,32.3
2016-03-25,27.8,71.0,28.76,,32.4
2016-03-26,27.7,72.0,32.9,,32.6
2016-03-27,27.7,78.0,34.16,,32.6
2016-03-28,27.8,81.0,36.32,,32.6
2016-03-29,27.8,85.0,35.96,,32.7
2016-03-30,28.0,84.0,38.12,,32.7
2016-03-31,28.0,82.0,32.54,,32.8
2016-04-01,28.6,81.0,29.84,,32.8
2016-04-02,28.7,80.0,30.02,,33.1
2016-04-03,28.6,78.0,30.2,,34.0
2016-04-04,28.7,78.0,35.24,,34.1
2016-04-05,29.1,79.0,36.86,,34.2
2016-04-06,29.4,79.0,33.08,,34.5
2016-04-07,28.9,79.0,31.46,,35.0
2016-04-08,29.2,80.0,24.98,,35.0
2016-04-09,30.5,79.0,24.08,,35.5
2016-04-10,30.9,78.0,28.22,,36.8
2016-04-11,31.5,79.0,23.36,,37.1
2016-04-12,31.7,78.0,23.54,,37.6
2016-04-13,31.7,77.0,31.82,,37.9
2016-04-14,31.7,75.0,40.28,,38.0
2016-04-15,31.7,74.0,35.06,,38.0
2016-04-16,31.7,73.0,27.68,,38.0
2016-04-17,32.2,72.0,30.2,,38.0
2016-04-18,32.3,71.0,30.38,,38.6
2016-04-19,32.3,71.0,25.34,,38.9
2016-04-20,32.5,69.0,25.88,,38.9
2016-04-21,32.6,68.0,29.12,,39.1
2016-04-22,32.6,66.0,27.5,,39.3
2016-04-23,32.6,64.0,34.52,,39.3
2016-04-24,32.6,63.0,39.38,,39.4
2016-04-25,32.5,61.0,40.28,,39.4
2016-04-26,32.5,59.0,40.64,,39.5
2016-04-27,32.5,56.0,42.26,,39.5
2016-04-28,32.5,60.0,44.6,,39.5
2016-04-29,32.2,59.0,37.4,,39.5
2016-04-30,31.6,57.0,33.98,,39.5
2016-05-01,31.1,54.0,40.64,,39.5
2016-05-02,30.7,53.0,47.12,,39.5
2016-05-03,30.4,50.0,49.46,,39.5
2016-05-04,29.8,48.0,50.0,,39.5
2016-05-05,28.9,46.0,47.66,,39.5
2016-05-06,28.0,45.0,46.22,,39.5
2016-05-07,27.1,44.0,43.52,,39.5
2016-05-08,26.2,42.0,38.12,,39.5
2016-05-09,25.7,40.0,32.0,,39.5
2016-05-10,25.0,38.0,32.72,,39.7
2016-05-11,25.5,38.0,39.2,,40.0
2016-05-12,25.4,37.0,44.06,,40.8
2016-05-13,25.0,36.0,46.22,,40.8
2016-05-14,24.8,34.0,48.38,,40.9
2016-05-15,24.3,32.0,50.36,,40.9
2016-05-16,23.5,30.0,52.52,,40.9
2016-05-17,22.5,28.0,48.2,,40.9
2016-05-18,21.4,25.0,37.76,,40.9
2016-05-19,20.7,23.0,39.2,,40.9
2016-05-20,20.2,21.0,40.64,,40.9
2016-05-21,19.7,18.0,41.36,,41.0
2016-05-22,19.1,15.0,35.96,,41.0
2016-05-23,18.5,14.0,41.72,,41.1
2016-05-24,18.3,12.0,37.94,,41.1
2016-05-25,17.7,10.0,42.26,,41.4
2016-05-26,17.2,7.0,45.32,,41.4
2016-05-27,16.3,4.0,48.2,,41.5
2016-05-28,15.3,2.0,50.72,,41.5
2016-05-29,14.3,1.0,53.06,,41.5
2016-05-30,13.0,0.0,53.06,,41.5
2016-05-31,12.0,0.0,51.44,,41.5
2016-06-01,10.9,0.0,49.28,,41.5
2016-06-02,9.8,0.0,51.08,,41.5
2016-06-03,8.9,0.0,35.6,,41.5
2016-06-04,7.1,0.0,37.94,,41.5
2016-06-05,6.6,0.0,41.72,,41.5
2016-06-06,5.8,0.0,51.26,,41.5
2016-06-07,4.9,0.0,56.84,,41.5
2016-06-08,3.6,0.0,54.86,,41.5
2016-06-09,2.2,0.0,41.72,,41.5
2016-06-10,1.0,0.0,40.82,,41.5
2016-06-11,0.5,0.0,49.82,,41.5
2016-06-12,0.0,0.0,53.24,,41.6
2016-06-13,0.0,0.0,43.7,,41.7
2016-06-14,0.0,0.0,36.14,,41.7
2016-06-15,0.0,0.0,35.6,,41.7
2016-06-16,0.0,0.0,36.5,,41.9
2016-06-17,0.0,0.0,41.18,,42.3
2016-06-18,0.0,0.0,44.24,,42.7
2016-06-19,0.0,0.0,44.06,,43.0
2016-06-20,0.0,0.0,47.48,,43.0
2016-06-21,0.0,0.0,45.5,,43.0
2016-06-22,0.0,0.0,45.32,,43.0
2016-06-23,0.0,0.0,51.62,,43.0
2016-06-24,0.0,0.0,51.44,,43.0
2016-06-25,0.0,0.0,53.24,,43.0
2016-06-26,0.0,0.0,58.46,,43.0
2016-06-27,0.0,0.0,57.38,,43.0
2016-06-28,0.0,0.0,58.82,,43.0
2016-06-29,0.0,0.0,63.14,,43.0
2016-06-30,0.0,0.0,68.0,,43.0
2016-07-01,0.0,0.0,63.86,,43.0
2016-07-02,0.0,0.0,64.94,,43.0
2016-07-03,0.0,0.0,65.66,,43.0
2016-07-04,0.0,0.0,58.46,,43.0
2016-07-05,0.0,0.0,57.92,,43.0
2016-07-06,0.0,0.0,48.38,,43.0
2016-07-07,0.0,0.0,49.82,,43.0
2016-07-08,0.0,0.0,54.86,,43.0
2016-07-09,0.0,0.0,41.72,,43.0
2016-07-10,0.0,0.0,39.92,,43.0
2016-07-11,0.0,0.0,39.02,,43.0
2016-07-12,0.0,0.0,50.0,,43.0
2016-07-13,0.0,0.0,51.8,,43.3
2016-07-14,0.0,0.0,51.44,,43.4
2016-07-15,0.0,0.0,62.96,,43.4
2016-07-16,0.0,0.0,57.92,,43.4
2016-07-17,0.0,0.0,60.62,,43.4
2016-07-18,0.0,0.0,61.52,,43.4
2016-07-19,0.0,0.0,51.08,,43.4
2016-07-20,0.0,0.0,51.08,,43.4
2016-07-21,0.0,0.0,59.72,,43.4
2016-07-22,0.0,0.0,67.28,,43.4
2016-07-23,0.0,0.0,68.9,,43.4
2016-07-24,0.0,0.0,69.98,,43.4
2016-07-25,0.0,0.0,68.54,,43.4
2016-07-26,0.0,0.0,65.66,,43.5
2016-07-27,0.0,0.0,64.76,,43.5
2016-07-28,0.0,0.0,64.76,,43.5
2016-07-29,0.0,0.0,58.82,,43.5
2016-07-30,0.0,0.0,52.7,,43.5
2016-07-31,0.0,0.0,51.8,,43.5
2016-08-01,0.0,0.0,57.02,,43.5
2016-08-02,0.0,0.0,60.44,,43.5
2016-08-03,0.0,0.0,55.22,,43.5
2016-08-04,0.0,0.0,42.62,,43.5
2016-08-05,0.0,0.0,45.86,,43.5
2016-08-06,0.0,0.0,52.16,,43.5
2016-08-07,0.0,0.0,54.14,,44.1
2016-08-08,0.0,0.0,59.72,,44.1
2016-08-09,0.0,0.0,61.34,,44.1
2016-08-10,0.0,0.0,55.76,,44.1
2016-08-11,0.0,0.0,61.52,,44.1
2016-08-12,0.0,0.0,64.4,,44.1
2016-08-13,0.0,0.0,61.52,,44.1
2016-08-14,0.0,0.0,62.96,,44.1
2016-08-15,0.0,0.0,67.46,,44.1
2016-08-16,0.0,0.0,64.22,,44.1
2016-08-17,0.0,0.0,59.0,,44.1
2016-08-18,0.0,0.0,63.14,,44.1
2016-08-19,0.0,0.0,66.56,,44.1
2016-08-20,0.0,0.0,69.8,,44.1
2016-08-21,0.0,0.0,69.8,,44.1
2016-08-22,0.0,0.0,69.62,,44.1
2016-08-23,0.0,0.0,69.08,,44.1
2016-08-24,0.0,0.0,69.8,,44.1
2016-08-25,0.0,0.0,65.66,,44.1
2016-08-26,0.0,0.0,68.0,,44.1
2016-08-27,0.0,0.0,70.7,,44.1
2016-08-28,0.0,0.0,60.44,,44.1
2016-08-29,0.0,0.0,62.6,,44.1
2016-08-30,0.0,0.0,66.2,,44.1
2016-08-31,0.0,0.0,66.56,,44.1
2016-09-01,0.0,0.0,62.24,,44.1
2016-09-02,0.0,0.0,60.62,,44.1
2016-09-03,0.0,0.0,52.88,,44.1
2016-09-04,0.0,0.0,54.68,,44.1
2016-09-05,0.0,0.0,59.9,,44.1
2016-09-06,0.0,0.0,63.68,,44.1
2016-09-07,0.0,0.0,66.2,,44.1
2016-09-08,0.0,0.0,69.08,,44.1
2016-09-09,0.0,0.0,69.8,,44.1
2016-09-10,0.0,0.0,70.7,,44.1
2016-09-11,0.0,0.0,70.52,,44.1
2016-09-12,0.0,0.0,69.08,,44.1
2016-09-13,0.0,0.0,67.1,,44.1
2016-09-14,0.0,0.0,65.3,,44.1
2016-09-15,0.0,0.0,66.02,,44.1
2016-09-16,0.0,0.0,60.8,,44.1
2016-09-17,0.0,0.0,56.66,,44.1
2016-09-18,0.0,0.0,56.66,,44.1
2016-09-19,0.0,0.0,58.46,,44.1
2016-09-20,0.0,0.0,59.18,,44.1
2016-09-21,0.0,0.0,60.8,,44.1
2016-09-22,0.0,0.0,64.22,,44.1
2016-09-23,0.0,0.0,66.92,,44.1
2016-09-24,0.0,0.0,69.62,,44.1
2016-09-25,0.0,0.0,68.0,,44.1
2016-09-26,0.0,0.0,65.84,,44.1
2016-09-27,0.0,0.0,49.82,,44.1
2016-09-28,0.0,0.0,47.3,,44.1
2016-09-29,0.0,0.0,45.32,,44.1
2016-09-30,0.0,0.0,44.06,,44.1
2016-10-01,0.0,0.0,48.92,,44.1
2016-10-02,0.0,0.0,49.64,,44.2
2016-10-03,0.0,0.0,51.8,,44.2
2016-10-04,0.0,0.0,51.98,,44.2
2016-10-05,0.0,0.0,55.4,,44.2
2016-10-06,0.0,0.0,56.48,,44.2
2016-10-07,0.0,0.0,46.76,,44.2
2016-10-08,0.0,0.0,46.04,,44.2
2016-10-09,0.0,0.0,41.0,,44.2
2016-10-10,0.0,0.0,46.76,,44.2
2016-10-11,0.0,0.0,51.8,,44.2
2016-10-12,0.0,0.0,54.68,,44.5
2016-10-13,0.0,0.0,55.04,,44.5
2016-10-14,0.0,0.0,56.12,,44.6
2016-10-15,0.0,0.0,59.0,,44.6
2016-10-16,0.0,0.0,52.52,,44.6
2016-10-17,0.0,0.0,44.06,,44.6
2016-10-18,0.0,0.0,47.12,,44.6
2016-10-19,0.0,0.0,45.68,,44.6
2016-10-20,0.0,0.0,51.8,,44.8
2016-10-21,0.0,0.0,57.92,,44.9
2016-10-22,0.0,0.0,60.44,,44.9
2016-10-23,0.0,0.0,61.34,,44.9
2016-10-24,0.0,0.0,62.78,,44.9
2016-10-25,0.0,0.0,59.36,,44.9
2016-10-26,0.0,0.0,50.36,,44.9
2016-10-27,0.0,0.0,47.84,,44.9
2016-10-28,0.0,0.0,39.2,,0.0
2016-10-29,0.0,0.0,36.86,,0.0
2016-10-30,0.0,0.0,36.14,,0.0
2016-10-31,0.0,0.0,36.32,,0.0
2016-11-01,0.0,4.0,44.24,,0.0
2016-11-02,0.0,2.0,50.0,,0.0
2016-11-03,0.0,2.0,53.24,,0.0
2016-11-04,0.0,0.0,49.46,,0.0
2016-11-05,0.0,0.0,39.2,,0.0
2016-11-06,0.0,0.0,39.2,,0.0
2016-11-07,0.0,0.0,44.06,,0.0
2016-11-08,0.0,0.0,42.26,,0.0
2016-11-09,0.0,0.0,40.64,,0.0
2016-11-10,0.0,0.0,39.38,,0.3
2016-11-11,0.0,0.0,32.54,,0.9
2016-11-12,0.0,0.0,32.0,,1.4
2016-11-13,0.0,0.0,30.92,,1.7
2016-11-14,0.6,0.0,36.68,,2.4
2016-11-15,0.4,0.0,43.7,,3.0
2016-11-16,0.3,0.0,42.62,,3.0
2016-11-17,0.0,0.0,46.76,,3.1
2016-11-18,0.0,0.0,44.96,,3.2
2016-11-19,0.0,0.0,40.82,,3.2
2016-11-20,0.0,0.0,49.1,,3.2
2016-11-21,0.0,0.0,49.28,,3.5
2016-11-22,0.0,0.0,42.62,,3.8
2016-11-23,0.0,0.0,43.52,,3.9
2016-11-24,0.0,0.0,42.26,,3.9
2016-11-25,0.0,0.0,34.52,,4.0
2016-11-26,0.0,0.0,33.08,,4.0
2016-11-27,0.0,0.0,35.24,,4.7
2016-11-28,0.0,0.0,40.46,,4.7
2016-11-29,0.0,0.0,42.8,,4.9
2016-11-30,0.0,0.0,44.42,,4.9
2016-12-01,0.0,0.0,42.26,,4.9
2016-12-02,0.0,0.0,41.18,,5.0
2016-12-03,0.0,0.0,46.22,,5.0
2016-12-04,0.0,0.0,48.02,,5.0
2016-12-05,0.0,2.0,47.12,,5.0
2016-12-06,0.0,1.0,47.84,,5.0
2016-12-07,0.0,4.0,44.24,,5.0
2016-12-08,0.0,3.0,40.1,,5.1
2016-12-09,0.0,3.0,42.98,,5.1
2016-12-10,0.0,3.0,38.3,,5.1
2016-12-11,0.0,4.0,29.12,,5.1
2016-12-12,0.0,12.0,24.26,,5.3
2016-12-13,0.0,10.0,26.96,,5.4
2016-12-14,0.0,10.0,37.22,,5.4
2016-12-15,0.0,9.0,36.86,,5.4
2016-12-16,0.0,8.0,30.92,,5.6
2016-12-17,0.0,8.0,29.84,,5.6
2016-12-18,0.0,20.0,27.5,,5.6
2016-12-19,0.0,20.0,24.26,,5.6
2016-12-20,0.5,19.0,32.54,,5.6
2016-12-21,0.5,19.0,33.26,,6.0
2016-12-22,0.5,22.0,26.6,,6.0
2016-12-23,0.6,32.0,23.36,,6.2
2016-12-24,0.7,36.0,20.12,,6.2
2016-12-25,1.4,37.0,21.2,,6.3
2016-12-26,1.4,39.0,20.12,,7.0
2016-12-27,1.4,36.0,17.42,,7.0
2016-12-28,1.4,38.0,23.36,,7.0
2016-12-29,1.4,42.0,23.72,,7.0
2016-12-30,1.4,41.0,8.06,,7.0
2016-12-31,2.9,41.0,8.6,,7.0
2017-01-01,2.9,40.0,3.56,,8.5
2017-01-02,2.9,39.0,10.22,,8.5
2017-01-03,2.9,44.0,28.76,,8.5
2017-01-04,3.2,42.0,26.78,,8.5
2017-01-05,5.4,42.0,22.1,,8.9
2017-01-06,6.4,46.0,19.4,,10.8
2017-01-07,6.7,51.0,12.56,,11.8
2017-01-08,7.0,50.0,19.58,,12.2
2017-01-09,7.0,47.0,30.2,,12.4
2017-01-10,7.5,53.0,17.06,,12.4
2017-01-11,8.8,51.0,-1.84,,13.0
2017-01-12,8.9,50.0,0.32,,13.9
2017-01-13,8.9,48.0,14.36,,13.9
2017-01-14,8.9,47.0,25.88,,13.9
2017-01-15,9.0,48.0,13.46,,13.9
2017-01-16,9.9,49.0,13.82,,14.0
2017-01-17,9.9,50.0,22.46,,15.1
2017-01-18,9.9,56.0,22.28,,15.1
2017-01-19,10.4,54.0,15.62,,15.1
2017-01-20,10.9,51.0,10.04,,15.6
2017-01-21,10.9,54.0,19.04,,16.2
2017-01-22,10.9,58.0,16.88,,16.2
2017-01-23,11.5,57.0,21.2,,16.2
2017-01-24,11.6,73.0,23.72,,16.9
2017-01-25,11.6,75.0,13.28,,16.9
2017-01-26,11.6,73.0,13.64,,16.9
2017-01-27,11.6,71.0,12.56,,16.9
2017-01-28,11.7,70.0,13.64,,16.9
2017-01-29,11.9,67.0,14.36,,17.0
2017-01-30,12.0,67.0,1.76,,17.0
2017-01-31,12.3,66.0,5.0,,17.2
2017-02-01,12.3,82.0,16.88,,17.4
2017-02-02,12.3,80.0,29.84,,17.4
2017-02-03,13.0,80.0,27.14,,17.5
2017-02-04,14.7,83.0,24.98,,18.3
2017-02-05,15.3,81.0,23.18,,19.7
2017-02-06,17.5,82.0,11.3,,20.2
2017-02-07,18.6,81.0,10.58,,22.1
2017-02-08,18.6,80.0,12.2,,23.1
2017-02-09,18.6,78.0,14.18,,23.1
2017-02-10,18.6,77.0,15.08,,23.1
2017-02-11,18.6,76.0,20.3,,23.1
2017-02-12,18.6,76.0,29.3,,23.1
2017-02-13,18.7,74.0,27.86,,23.1
2017-02-14,20.3,78.0,24.26,,23.2
2017-02-15,21.2,76.0,24.44,,25.3
2017-02-16,21.3,78.0,22.64,,27.1
2017-02-17,21.7,77.0,20.12,,27.5
2017-02-18,22.1,89.0,19.04,,28.3
2017-02-19,22.1,88.0,14.36,,28.8
2017-02-20,22.1,98.0,15.26,,28.8
2017-02-21,22.1,96.0,13.82,,28.8
2017-02-22,22.1,95.0,18.86,,28.8
2017-02-23,22.1,90.0,24.44,,28.8
2017-02-24,22.1,87.0,27.32,,28.8
2017-02-25,22.1,86.0,27.86,,28.8
2017-02-26,22.2,86.0,25.52,,28.8
2017-02-27,22.8,84.0,23.0,,28.8
2017-02-28,23.0,84.0,29.84,,29.2
2017-03-01,23.2,84.0,30.74,,29.4
2017-03-02,23.9,81.0,31.64,,29.5
2017-03-03,25.9,81.0,29.3,,29.9
2017-03-04,26.3,83.0,26.42,,31.4
2017-03-05,27.5,85.0,31.28,,32.2
2017-03-06,28.3,90.0,36.86,,32.9
2017-03-07,29.7,90.0,32.72,,33.4
2017-03-08,29.7,90.0,23.0,,34.9
2017-03-09,29.7,90.0,23.18,,36.7
2017-03-10,29.6,88.0,28.04,,37.4
2017-03-11,29.5,88.0,31.82,,37.4
2017-03-12,29.5,91.0,37.76,,37.4
2017-03-13,29.4,96.0,34.34,,37.4
2017-03-14,29.5,,29.84,,37.4
2017-03-15,29.8,98.0,31.82,,37.4
2017-03-16,29.9,98.0,30.02,,37.4
2017-03-17,30.7,96.0,32.18,,37.7
2017-03-18,31.2,98.0,30.38,,38.4
2017-03-19,32.4,96.0,23.9,,39.2
2017-03-20,32.7,101.0,20.12,,40.4
2017-03-21,32.7,110.0,14.54,,41.0
2017-03-22,32.7,116.0,14.54,,41.0
2017-03-23,32.6,119.0,17.78,,41.0
2017-03-24,32.6,110.0,17.06,,41.0
2017-03-25,32.6,105.0,17.78,,41.0
2017-03-26,32.8,103.0,,,41.0
2017-03-27,,102.0,21.92,,41.3
2017-03-28,33.3,99.0,25.52,,
2017-03-29,33.3,98.0,33.8,,41.8
2017-03-30,33.3,96.0,31.82,,41.8
2017-03-31,33.5,95.0,23.9,,41.9
2017-04-01,34.3,92.0,18.86,,42.1
2017-04-02,34.7,90.0,24.8,,42.9
2017-04-03,35.5,88.0,31.82,,43.3
2017-04-04,36.9,87.0,35.24,,44.1
2017-04-05,38.4,86.0,37.76,,45.5
2017-04-06,40.9,85.0,36.14,,46.2
2017-04-07,39.5,84.0,37.4,,48.1
2017-04-08,39.2,86.0,40.1,,48.6
2017-04-09,39.1,84.0,44.42,,48.7
2017-04-10,39.2,86.0,43.52,,48.7
2017-04-11,39.4,86.0,37.4,,48.7
2017-04-12,40.8,85.0,42.26,,48.7
2017-04-13,39.0,84.0,42.08,,49.5
2017-04-14,38.5,87.0,36.5,,49.9
2017-04-15,38.6,84.0,37.4,,49.9
2017-04-16,38.4,82.0,38.48,,50.3
2017-04-17,37.5,80.0,35.6,,51.1
2017-04-18,37.7,79.0,33.98,,51.2
2017-04-19,36.6,79.0,31.46,,51.7
2017-04-20,36.1,76.0,32.36,,51.7
2017-04-21,36.6,75.0,30.56,,51.7
2017-04-22,36.4,74.0,31.64,,52.1
2017-04-23,36.7,78.0,30.92,,52.2
2017-04-24,36.9,75.0,33.98,,52.5
2017-04-25,36.7,75.0,30.56,,52.9
2017-04-26,37.8,77.0,37.76,,52.9
2017-04-27,37.5,73.0,39.92,,53.9
2017-04-28,37.3,73.0,35.96,,54.3
2017-04-29,36.7,74.0,26.42,,54.5
2017-04-30,35.9,75.0,29.66,,54.5
2017-05-01,34.9,73.0,40.64,,54.5
2017-05-02,34.9,70.0,39.38,,54.5
2017-05-03,34.7,69.0,38.12,,54.5
2017-05-04,33.9,68.0,29.48,,54.5
2017-05-05,33.7,67.0,26.96,,54.6
2017-05-06,33.7,66.0,30.2,,54.8
2017-05-07,33.7,63.0,30.56,,55.1
2017-05-08,33.7,60.0,42.98,,55.2
2017-05-09,34.0,64.0,34.16,,55.3
2017-05-10,33.8,60.0,25.7,,55.6
2017-05-11,33.5,58.0,27.14,,55.7
2017-05-12,33.7,61.0,38.84,,56.0
2017-05-13,33.6,61.0,37.76,,56.3
2017-05-14,33.6,59.0,34.52,,56.4
2017-05-15,32.5,56.0,35.78,,56.7
2017-05-16,32.1,53.0,33.44,,57.1
2017-05-17,31.2,51.0,33.8,,57.4
2017-05-18,30.8,48.0,40.46,,57.5
2017-05-19,29.6,44.0,39.56,,57.7
2017-05-20,28.7,42.0,32.9,,57.7
2017-05-21,27.9,33.0,35.24,,57.7
2017-05-22,28.5,36.0,32.9,,57.9
2017-05-23,28.2,32.0,28.04,,58.5
2017-05-24,28.6,29.0,32.54,,58.7
2017-05-25,28.6,25.0,37.04,,59.2
2017-05-26,28.3,20.0,39.2,,59.2
2017-05-27,27.6,18.0,36.5,,59.2
2017-05-28,26.3,16.0,41.18,,59.3
2017-05-29,25.4,14.0,46.22,,59.3
2017-05-30,23.8,11.0,51.8,,59.4
2017-05-31,22.4,19.0,49.46,,59.4
2017-06-01,20.5,17.0,45.5,,59.4
2017-06-02,19.4,15.0,39.2,,59.5
2017-06-03,17.6,13.0,43.7,,59.6
2017-06-04,16.5,12.0,48.02,,59.7
2017-06-05,14.9,8.0,51.44,,59.7
2017-06-06,13.2,2.0,53.6,,59.7
2017-06-07,11.4,0.0,37.4,,59.7
2017-06-08,9.7,0.0,31.64,,59.8
2017-06-09,9.0,0.0,36.14,,59.8
2017-06-10,8.3,0.0,38.84,,59.8
2017-06-11,7.0,0.0,32.0,,59.8
2017-06-12,5.5,0.0,29.84,,59.8
2017-06-13,7.1,0.0,39.2,,59.8
2017-06-14,7.2,0.0,44.78,,60.9
2017-06-15,6.9,0.0,44.78,,61.1
2017-06-16,6.4,0.0,49.64,,61.2
2017-06-17,5.5,0.0,54.68,,61.3
2017-06-18,3.6,0.0,57.02,,61.4
2017-06-19,1.1,0.0,50.0,,61.4
2017-06-20,0.0,0.0,41.36,,61.4
2017-06-21,0.0,0.0,45.32,,61.4
2017-06-22,0.0,0.0,51.44,,61.4
2017-06-23,0.0,0.0,56.66,,61.4
2017-06-24,0.0,0.0,59.18,,61.4
2017-06-25,0.0,0.0,61.88,,61.4
2017-06-26,0.0,0.0,64.04,,61.4
2017-06-27,0.0,0.0,51.08,,61.4
2017-06-28,0.0,0.0,53.78,,61.4
2017-06-29,0.0,0.0,61.34,,61.4
2017-06-30,0.0,0.0,57.74,,61.4
2017-07-01,0.0,0.0,52.52,,61.5
2017-07-02,0.0,0.0,60.08,,61.5
2017-07-03,0.0,0.0,68.18,,61.5
2017-07-04,0.0,0.0,55.04,,61.5
2017-07-05,0.0,0.0,48.56,,61.5
2017-07-06,0.0,0.0,39.2,,61.5
2017-07-07,0.0,0.0,44.42,,61.5
2017-07-08,0.0,0.0,41.9,,61.5
2017-07-09,0.0,0.0,39.92,,61.6
2017-07-10,0.0,0.0,48.56,,61.7
2017-07-11,0.0,0.0,54.14,,63.0
2017-07-12,0.0,0.0,50.0,,63.2
2017-07-13,0.0,0.0,52.16,,63.3
2017-07-14,0.0,0.0,58.82,,63.3
2017-07-15,0.0,0.0,65.66,,63.4
2017-07-16,0.0,0.0,68.9,,63.4
2017-07-17,0.0,0.0,63.5,,63.4
2017-07-18,0.0,0.0,58.46,,63.4
2017-07-19,0.0,0.0,57.74,,63.4
2017-07-20,0.0,0.0,62.78,,63.4
2017-07-21,0.0,0.0,66.92,,63.4
2017-07-22,0.0,0.0,68.0,,63.4
2017-07-23,0.0,0.0,62.06,,63.4
2017-07-24,0.0,0.0,57.02,,63.5
2017-07-25,0.0,0.0,57.02,,63.5
2017-07-26,0.0,0.0,60.08,,63.5
2017-07-27,0.0,0.0,65.12,,63.5
2017-07-28,0.0,0.0,68.36,,63.6
2017-07-29,0.0,0.0,68.0,,63.6
2017-07-30,0.0,0.0,69.44,,63.6
2017-07-31,0.0,0.0,71.96,,63.6
2017-08-01,0.0,0.0,71.78,,63.6
2017-08-02,0.0,0.0,73.94,,63.6
2017-08-03,0.0,0.0,74.84,,63.6
2017-08-04,0.0,0.0,74.48,,63.6
2017-08-05,0.0,0.0,68.9,,63.6
2017-08-06,0.0,0.0,63.86,,63.6
2017-08-07,0.0,0.0,66.02,,63.6
2017-08-08,0.0,0.0,71.42,,63.6
2017-08-09,0.0,0.0,71.78,,63.6
2017-08-10,0.0,0.0,72.68,,63.6
2017-08-11,0.0,0.0,67.64,,63.6
2017-08-12,0.0,0.0,65.84,,63.6
2017-08-13,0.0,0.0,67.82,,63.6
2017-08-14,0.0,0.0,67.64,,63.6
2017-08-15,0.0,0.0,66.02,,63.6
2017-08-16,0.0,0.0,65.48,,63.6
2017-08-17,0.0,0.0,67.82,,63.6
2017-08-18,0.0,0.0,69.62,,63.6
2017-08-19,0.0,0.0,70.52,,63.6
2017-08-20,0.0,0.0,68.36,,63.6
2017-08-21,0.0,0.0,61.16,,63.6
2017-08-22,0.0,0.0,63.86,,63.6
2017-08-23,0.0,0.0,66.92,,63.6
2017-08-24,0.0,0.0,69.98,,63.9
2017-08-25,0.0,0.0,71.96,,63.9
2017-08-26,0.0,0.0,71.24,,63.9
2017-08-27,0.0,0.0,72.32,,63.9
2017-08-28,0.0,0.0,72.5,,63.9
2017-08-29,0.0,0.0,71.24,,64.0
2017-08-30,0.0,0.0,69.8,,64.0
2017-08-31,0.0,0.0,67.1,,64.0
2017-09-01,0.0,0.0,66.38,,64.0
2017-09-02,0.0,0.0,64.94,,64.0
2017-09-03,0.0,0.0,66.2,,64.0
2017-09-04,0.0,0.0,64.22,,64.0
2017-09-05,0.0,0.0,64.4,,64.0
2017-09-06,0.0,0.0,65.84,,64.0
2017-09-07,0.0,0.0,67.28,,64.1
2017-09-08,0.0,0.0,60.8,,64.1
2017-09-09,0.0,0.0,54.86,,64.1
2017-09-10,0.0,0.0,57.74,,64.1
2017-09-11,0.0,0.0,62.06,,64.2
2017-09-12,0.0,0.0,62.78,,64.2
2017-09-13,0.0,0.0,64.04,,64.2
2017-09-14,0.0,0.0,63.32,,64.2
2017-09-15,0.0,0.0,61.52,,64.2
2017-09-16,0.0,0.0,62.78,,64.2
2017-09-17,0.0,0.0,65.66,,64.2
2017-09-18,0.0,0.0,60.8,,64.2
2017-09-19,0.0,0.0,61.52,,64.2
2017-09-20,0.0,0.0,64.04,,64.2
2017-09-21,0.0,0.0,65.84,,64.4
2017-09-22,0.0,0.0,69.08,,64.4
2017-09-23,0.0,0.0,69.8,,64.4
2017-09-24,0.0,0.0,71.42,,64.4
2017-09-25,0.0,0.0,67.28,,64.4
2017-09-26,0.0,0.0,64.22,,64.4
2017-09-27,0.0,0.0,65.66,,64.4
2017-09-28,0.0,0.0,69.98,,64.4
2017-09-29,0.0,0.0,72.68,,64.4
2017-09-30,0.0,0.0,74.66,,64.4
2017-10-01,0.0,0.0,69.08,,64.4
2017-10-02,0.0,0.0,69.44,,64.4
2017-10-03,0.0,0.0,68.36,,64.4
2017-10-04,0.0,0.0,65.66,,64.4
2017-10-05,0.0,0.0,64.4,,64.4
2017-10-06,0.0,0.0,63.14,,64.4
2017-10-07,0.0,0.0,64.22,,64.4
2017-10-08,0.0,0.0,65.3,,64.4
2017-10-09,0.0,0.0,61.34,,64.4
2017-10-10,0.0,0.0,53.78,,64.4
2017-10-11,0.0,0.0,42.08,,64.4
2017-10-12,0.0,0.0,40.82,,64.4
2017-10-13,0.0,0.0,48.92,,64.4
2017-10-14,0.0,0.0,42.26,,64.4
2017-10-15,0.0,0.0,33.26,,64.4
2017-10-16,0.0,0.0,35.06,,64.4
2017-10-17,0.0,0.0,33.8,,65.2
2017-10-18,0.0,0.0,33.08,,65.7
2017-10-19,0.0,0.0,35.24,,66.2
2017-10-20,0.0,0.0,38.3,,66.4
2017-10-21,0.0,0.0,42.44,,66.4
2017-10-22,0.0,0.0,45.86,,66.4
2017-10-23,0.0,0.0,48.02,,66.4
2017-10-24,0.0,0.0,50.72,,66.5
2017-10-25,0.0,0.0,51.44,,66.5
2017-10-26,0.0,0.0,43.16,,66.6
2017-10-27,0.0,0.0,32.36,,66.6
2017-10-28,0.0,5.0,31.64,,66.6
2017-10-29,0.0,3.0,36.14,,0.0
2017-10-30,0.0,3.0,35.78,,0.0
2017-10-31,0.0,3.0,37.94,,0.0
2017-11-01,0.0,3.0,42.08,,0.1
2017-11-02,0.0,2.0,42.98,,0.1
2017-11-03,0.0,1.0,33.98,,0.1
2017-11-04,0.0,7.0,34.7,,0.1
2017-11-05,0.0,12.0,41.9,,0.1
2017-11-06,0.0,4.0,37.4,,0.1
2017-11-07,0.0,6.0,30.38,,0.1
2017-11-08,0.0,5.0,28.04,,0.2
2017-11-09,0.0,4.0,25.34,,0.2
2017-11-10,0.8,3.0,34.34,,0.2
2017-11-11,0.8,2.0,41.0,,1.1
2017-11-12,0.7,2.0,44.96,,1.1
2017-11-13,0.7,2.0,46.22,,1.2
2017-11-14,0.6,2.0,50.0,,1.3
2017-11-15,0.4,1.0,32.36,,1.3
2017-11-16,0.2,1.0,28.76,,1.4
2017-11-17,1.0,2.0,35.96,,1.4
2017-11-18,1.5,6.0,36.68,,2.1
2017-11-19,1.4,4.0,42.62,,2.7
2017-11-20,1.3,13.0,45.32,,3.1
2017-11-21,1.3,12.0,44.24,,3.1
2017-11-22,1.2,11.0,44.06,,3.2
2017-11-23,1.1,10.0,45.86,,3.2
2017-11-24,1.0,9.0,46.76,,3.2
2017-11-25,0.8,14.0,38.48,,3.2
2017-11-26,0.7,14.0,35.06,,3.2
2017-11-27,0.4,13.0,38.48,,3.2
2017-11-28,0.4,14.0,33.44,,3.2
2017-11-29,0.3,13.0,33.08,,3.2
2017-11-30,0.3,20.0,24.62,,3.2
2017-12-01,0.7,21.0,24.62,,3.4
2017-12-02,0.7,17.0,21.74,,3.9
2017-12-03,1.5,15.0,18.32,,3.9
2017-12-04,1.6,16.0,28.22,,4.8
2017-12-05,1.5,17.0,34.16,,4.8
2017-12-06,1.5,18.0,31.82,,4.9
2017-12-07,1.5,15.0,29.84,,5.1
2017-12-08,2.0,15.0,31.82,,5.1
2017-12-09,2.1,13.0,36.68,,5.6
2017-12-10,2.1,13.0,27.5,,5.6
2017-12-11,2.1,13.0,29.84,,5.7
2017-12-12,2.5,12.0,32.9,,5.8
2017-12-13,3.0,13.0,23.9,,6.0
2017-12-14,3.2,12.0,21.2,,6.6
2017-12-15,3.2,10.0,26.96,,7.3
2017-12-16,3.2,11.0,32.9,,7.3
2017-12-17,3.2,10.0,38.3,,7.3
2017-12-18,3.7,15.0,41.72,,7.4
2017-12-19,3.7,16.0,44.6,,8.3
2017-12-20,3.4,16.0,33.8,,8.8
2017-12-21,3.3,17.0,35.06,,8.9
2017-12-22,3.1,17.0,44.42,,9.2
2017-12-23,3.0,18.0,32.0,,9.2
2017-12-24,3.0,18.0,26.96,,9.4
2017-12-25,3.0,17.0,22.46,,9.4
2017-12-26,3.1,16.0,23.72,,9.4
2017-12-27,3.2,16.0,29.66,,9.5
2017-12-28,3.2,17.0,33.8,,9.5
2017-12-29,3.2,17.0,25.16,,9.8
2017-12-30,3.2,18.0,16.16,,9.8
2017-12-31,3.6,19.0,17.42,,9.9
2018-01-01,3.6,19.0,19.04,,10.2
2018-01-02,3.6,19.0,26.24,,10.2
2018-01-03,3.6,18.0,29.12,,10.2
2018-01-04,3.6,22.0,28.76,,10.2
2018-01-05,3.6,23.0,30.38,,10.2
2018-01-06,3.6,27.0,32.18,,10.2
2018-01-07,3.6,27.0,30.56,,10.2
2018-01-08,3.6,29.0,31.82,,10.2
2018-01-09,3.6,26.0,26.24,,10.2
2018-01-10,3.6,25.0,26.78,,10.2
2018-01-11,3.6,25.0,22.28,,10.2
2018-01-12,3.7,25.0,20.3,,10.2
2018-01-13,3.8,28.0,28.22,,10.3
2018-01-14,3.8,28.0,32.54,,10.3
2018-01-15,3.8,28.0,20.12,,10.3
2018-01-16,3.9,28.0,16.16,,10.3
2018-01-17,4.3,27.0,19.58,,10.5
2018-01-18,4.3,27.0,15.44,,10.7
2018-01-19,4.7,27.0,10.4,,10.7
2018-01-20,4.9,26.0,21.56,,11.2
2018-01-21,5.1,26.0,15.26,,11.4
2018-01-22,5.4,26.0,27.5,,11.6
2018-01-23,5.4,26.0,29.84,,11.8
2018-01-24,5.4,27.0,36.14,,11.9
2018-01-25,5.5,27.0,28.22,,12.1
2018-01-26,5.7,37.0,17.42,,12.1
2018-01-27,5.8,38.0,23.54,,12.3
2018-01-28,5.8,38.0,25.7,,12.3
2018-01-29,5.8,37.0,30.56,,12.3
2018-01-30,5.7,36.0,34.16,,12.3
2018-01-31,5.7,36.0,37.76,,12.3
2018-02-01,5.8,36.0,30.92,,12.3
2018-02-02,5.9,40.0,26.78,,12.4
2018-02-03,6.2,43.0,34.52,,12.5
2018-02-04,6.2,41.0,32.9,,12.8
2018-02-05,6.3,42.0,23.54,,12.8
2018-02-06,6.7,45.0,25.88,,12.9
2018-02-07,7.0,43.0,30.02,,14.1
2018-02-08,8.3,42.0,29.48,,14.1
2018-02-09,8.7,48.0,29.84,,15.6
2018-02-10,8.7,48.0,32.0,,16.0
2018-02-11,8.7,58.0,30.92,,16.0
2018-02-12,8.7,58.0,29.3,,16.0
2018-02-13,8.7,56.0,37.04,,16.1
2018-02-14,8.6,55.0,24.44,,16.1
2018-02-15,9.2,54.0,18.68,,16.1
2018-02-16,9.7,53.0,19.4,,16.5
2018-02-17,9.6,53.0,23.18,,16.8
2018-02-18,9.7,52.0,22.64,,16.8
2018-02-19,10.3,49.0,31.28,,16.9
2018-02-20,10.3,48.0,24.8,,17.5
2018-02-21,10.3,48.0,20.12,,17.8
2018-02-22,10.9,47.0,24.44,,17.8
2018-02-23,11.2,47.0,32.36,,18.4
2018-02-24,12.4,47.0,35.24,,18.6
2018-02-25,12.5,47.0,33.44,,19.7
2018-02-26,12.5,47.0,23.0,,20.0
2018-02-27,12.5,47.0,26.6,,20.0
2018-02-28,12.5,47.0,34.52,,20.0
2018-03-01,12.6,50.0,35.6,,20.0
2018-03-02,13.0,49.0,36.14,,20.2
2018-03-03,13.0,50.0,31.82,,20.7
2018-03-04,13.0,55.0,27.86,,20.7
2018-03-05,13.0,54.0,32.54,,21.0
2018-03-06,13.0,54.0,37.76,,21.0
2018-03-07,13.0,55.0,30.74,,21.0
2018-03-08,13.0,56.0,21.38,,21.0
2018-03-09,13.0,59.0,20.84,,21.0
2018-03-10,13.0,58.0,22.1,,21.0
2018-03-11,13.0,65.0,22.46,,21.0
2018-03-12,13.0,76.0,23.9,,21.0
2018-03-13,12.9,73.0,19.58,,21.0
2018-03-14,13.1,71.0,19.58,,21.0
2018-03-15,13.1,,26.96,,21.4
2018-03-16,13.1,68.0,20.12,,21.4
2018-03-17,13.5,72.0,8.96,,21.6
2018-03-18,13.7,74.0,2.3,,22.1
2018-03-19,13.7,72.0,10.94,,22.1
2018-03-20,13.8,71.0,12.56,,22.1
2018-03-21,13.9,71.0,8.24,,22.1
2018-03-22,14.2,70.0,14.36,,22.4
2018-03-23,14.2,68.0,17.78,,22.5
2018-03-24,14.8,67.0,19.94,,22.7
2018-03-25,15.6,70.0,12.38,,23.2
2018-03-26,16.2,68.0,18.68,,24.1
2018-03-27,16.2,67.0,,,24.6
2018-03-28,,65.0,24.62,,24.6
2018-03-29,16.2,63.0,21.02,,
2018-03-30,17.0,63.0,16.16,,24.8
2018-03-31,17.3,65.0,16.34,,25.5
2018-04-01,17.4,68.0,19.58,,25.6
2018-04-02,17.4,78.0,22.46,,25.7
2018-04-03,17.6,77.0,30.38,,25.8
2018-04-04,17.7,75.0,33.26,,25.9
2018-04-05,17.8,73.0,29.84,,26.0
2018-04-06,17.9,72.0,30.38,,26.1
2018-04-07,18.4,69.0,33.26,,26.2
2018-04-08,18.5,69.0,33.98,,26.6
2018-04-09,18.6,68.0,39.02,,26.6
2018-04-10,18.7,68.0,31.82,,26.6
2018-04-11,19.1,68.0,27.14,,26.6
2018-04-12,20.0,66.0,25.88,,26.8
2018-04-13,20.1,65.0,25.7,,27.7
2018-04-14,20.5,63.0,24.8,,27.7
2018-04-15,21.5,62.0,25.16,,28.1
2018-04-16,21.7,60.0,28.22,,28.9
2018-04-17,21.7,59.0,33.26,,29.3
2018-04-18,21.7,59.0,34.52,,29.3
2018-04-19,21.8,59.0,29.66,,29.5
2018-04-20,22.2,58.0,27.68,,29.6
2018-04-21,22.1,57.0,25.16,,30.4
2018-04-22,22.1,55.0,25.16,,30.4
2018-04-23,22.1,53.0,33.44,,30.4
2018-04-24,22.0,56.0,35.24,,30.4
2018-04-25,21.8,56.0,34.52,,30.4
2018-04-26,21.7,55.0,37.94,,30.4
2018-04-27,21.5,54.0,39.02,,30.4
2018-04-28,21.2,58.0,35.6,,30.4
2018-04-29,21.1,55.0,23.0,,30.4
2018-04-30,20.8,55.0,25.88,,30.4
2018-05-01,20.9,53.0,35.78,,30.4
2018-05-02,20.9,54.0,37.22,,30.4
2018-05-03,20.8,54.0,38.48,,30.7
2018-05-04,20.8,53.0,37.22,,30.8
2018-05-05,20.6,52.0,30.74,,31.1
2018-05-06,20.3,49.0,33.98,,31.2
2018-05-07,20.5,46.0,41.9,,31.7
2018-05-08,20.5,44.0,38.66,,32.3
2018-05-09,20.2,42.0,26.96,,32.4
2018-05-10,20.0,40.0,30.56,,32.5
2018-05-11,20.5,36.0,35.78,,32.6
2018-05-12,20.4,33.0,42.44,,33.2
2018-05-13,20.4,29.0,30.74,,33.3
2018-05-14,20.1,26.0,25.52,,33.4
2018-05-15,20.2,25.0,32.54,,33.7
2018-05-16,20.3,23.0,42.08,,34.0
2018-05-17,20.2,22.0,44.6,,34.1
2018-05-18,19.6,18.0,43.88,,34.3
2018-05-19,18.7,15.0,43.52,,34.4
2018-05-20,17.4,10.0,39.02,,34.4
2018-05-21,16.5,4.0,42.98,,34.4
2018-05-22,15.5,0.0,47.12,,34.4
2018-05-23,14.2,0.0,51.08,,34.4
2018-05-24,12.8,0.0,53.96,,34.4
2018-05-25,11.6,0.0,44.24,,34.4
2018-05-26,10.3,0.0,34.7,,34.4
2018-05-27,8.9,0.0,36.68,,34.4
2018-05-28,8.4,0.0,38.3,,34.4
2018-05-29,7.8,0.0,42.44,,34.4
2018-05-30,7.4,0.0,47.84,,34.5
2018-05-31,5.9,0.0,51.98,,34.5
2018-06-01,4.7,0.0,54.14,,34.5
2018-06-02,3.3,0.0,56.12,,34.5
2018-06-03,2.0,0.0,51.62,,34.5
2018-06-04,0.0,0.0,55.58,,34.5
2018-06-05,0.0,0.0,51.98,,34.5
2018-06-06,0.0,0.0,44.78,,34.5
2018-06-07,0.0,0.0,37.4,,34.5
2018-06-08,0.0,0.0,44.78,,34.5
2018-06-09,0.0,0.0,43.52,,34.5
2018-06-10,0.0,0.0,50.36,,34.6
2018-06-11,0.0,0.0,51.26,,34.7
2018-06-12,0.0,0.0,48.56,,34.7
2018-06-13,0.0,0.0,45.86,,34.8
2018-06-14,0.0,0.0,44.96,,34.8
2018-06-15,0.0,0.0,50.9,,34.9
2018-06-16,0.0,0.0,48.2,,35.2
2018-06-17,0.0,0.0,52.88,,35.4
2018-06-18,0.0,0.0,51.98,,35.5
2018-06-19,0.0,0.0,51.98,,35.8
2018-06-20,0.0,0.0,56.48,,35.8
2018-06-21,0.0,0.0,58.46,,36.0
2018-06-22,0.0,0.0,49.1,,36.1
2018-06-23,0.0,0.0,55.04,,36.1
2018-06-24,0.0,0.0,52.16,,36.2
2018-06-25,0.0,0.0,56.84,,36.5
2018-06-26,0.0,0.0,55.22,,36.7
2018-06-27,0.0,0.0,50.18,,36.8
2018-06-28,0.0,0.0,44.06,,36.8
2018-06-29,0.0,0.0,52.88,,37.0
2018-06-30,0.0,0.0,60.44,,37.0
2018-07-01,0.0,0.0,61.7,,37.0
2018-07-02,0.0,0.0,57.2,,37.1
2018-07-03,0.0,0.0,61.34,,37.1
2018-07-04,0.0,0.0,57.56,,37.1
2018-07-05,0.0,0.0,58.64,,37.1
2018-07-06,0.0,0.0,52.52,,37.1
2018-07-07,0.0,0.0,37.94,,37.4
2018-07-08,0.0,0.0,43.52,,37.5
2018-07-09,0.0,0.0,50.9,,37.6
2018-07-10,0.0,0.0,61.7,,37.8
2018-07-11,0.0,0.0,53.78,,37.8
2018-07-12,0.0,0.0,51.98,,37.9
2018-07-13,0.0,0.0,50.9,,37.9
2018-07-14,0.0,0.0,47.3,,37.9
2018-07-15,0.0,0.0,47.3,,37.9
2018-07-16,0.0,0.0,51.08,,37.9
2018-07-17,0.0,0.0,56.66,,38.2
2018-07-18,0.0,0.0,55.22,,38.3
2018-07-19,0.0,0.0,58.46,,38.3
2018-07-20,0.0,0.0,54.86,,38.4
2018-07-21,0.0,0.0,58.28,,38.5
2018-07-22,0.0,0.0,64.4,,38.5
2018-07-23,0.0,0.0,57.92,,38.5
2018-07-24,0.0,0.0,62.6,,38.5
2018-07-25,0.0,0.0,57.92,,38.5
2018-07-26,0.0,0.0,51.26,,38.5
2018-07-27,0.0,0.0,53.96,,38.5
2018-07-28,0.0,0.0,57.74,,38.5
2018-07-29,0.0,0.0,54.86,,38.5
2018-07-30,0.0,0.0,49.46,,38.5
2018-07-31,0.0,0.0,61.16,,38.5
2018-08-01,0.0,0.0,71.96,,38.5
2018-08-02,0.0,0.0,65.84,,38.5
2018-08-03,0.0,0.0,65.84,,38.5
2018-08-04,0.0,0.0,69.8,,38.5
2018-08-05,0.0,0.0,70.7,,38.5
2018-08-06,0.0,0.0,66.02,,38.5
2018-08-07,0.0,0.0,62.96,,38.5
2018-08-08,0.0,0.0,65.3,,38.5
2018-08-09,0.0,0.0,68.54,,38.5
2018-08-10,0.0,0.0,70.52,,38.5
2018-08-11,0.0,0.0,70.16,,38.5
2018-08-12,0.0,0.0,69.08,,38.5
2018-08-13,0.0,0.0,66.56,,38.5
2018-08-14,0.0,0.0,68.54,,38.5
2018-08-15,0.0,0.0,66.56,,38.5
2018-08-16,0.0,0.0,68.36,,38.5
2018-08-17,0.0,0.0,67.64,,38.5
2018-08-18,0.0,0.0,65.48,,38.5
2018-08-19,0.0,0.0,68.9,,38.5
2018-08-20,0.0,0.0,72.32,,38.5
2018-08-21,0.0,0.0,71.6,,38.5
2018-08-22,0.0,0.0,69.98,,38.5
2018-08-23,0.0,0.0,69.44,,38.5
2018-08-24,0.0,0.0,68.54,,38.5
2018-08-25,0.0,0.0,68.18,,38.5
2018-08-26,0.0,0.0,70.34,,38.5
2018-08-27,0.0,0.0,71.78,,38.5
2018-08-28,0.0,0.0,72.5,,38.5
2018-08-29,0.0,0.0,68.18,,38.5
2018-08-30,0.0,0.0,62.78,,38.5
2018-08-31,0.0,0.0,59.72,,38.5
2018-09-01,0.0,0.0,62.6,,38.5
2018-09-02,0.0,0.0,64.4,,38.5
2018-09-03,0.0,0.0,68.18,,38.5
2018-09-04,0.0,0.0,71.96,,38.5
2018-09-05,0.0,0.0,76.46,,38.5
2018-09-06,0.0,0.0,76.64,,38.5
2018-09-07,0.0,0.0,74.3,,38.5
2018-09-08,0.0,0.0,68.0,,38.5
2018-09-09,0.0,0.0,65.84,,38.5
2018-09-10,0.0,0.0,65.3,,38.5
2018-09-11,0.0,0.0,69.08,,38.5
2018-09-12,0.0,0.0,70.52,,38.5
2018-09-13,0.0,0.0,66.92,,38.5
2018-09-14,0.0,0.0,63.14,,38.5
2018-09-15,0.0,0.0,65.3,,38.5
2018-09-16,0.0,0.0,61.52,,38.5
2018-09-17,0.0,0.0,57.92,,38.5
2018-09-18,0.0,0.0,59.0,,38.5
2018-09-19,0.0,0.0,60.8,,38.5
2018-09-20,0.0,0.0,59.72,,38.5
2018-09-21,0.0,0.0,59.36,,38.5
2018-09-22,0.0,0.0,51.8,,38.5
2018-09-23,0.0,0.0,44.42,,38.5
2018-09-24,0.0,0.0,49.28,,38.5
2018-09-25,0.0,0.0,56.12,,38.5
2018-09-26,0.0,0.0,60.08,,38.5
2018-09-27,0.0,0.0,56.12,,38.7
2018-09-28,0.0,0.0,55.22,,38.7
2018-09-29,0.0,0.0,57.2,,38.7
2018-09-30,0.0,0.0,59.72,,38.7
2018-10-01,0.0,0.0,61.52,,38.7
2018-10-02,0.0,0.0,65.48,,38.7
2018-10-03,0.0,0.0,65.66,,38.7
2018-10-04,0.0,0.0,65.84,,38.7
2018-10-05,0.0,0.0,60.8,,38.7
2018-10-06,0.0,0.0,57.38,,38.7
2018-10-07,0.0,0.0,56.48,,38.7
2018-10-08,0.0,0.0,53.24,,38.7
2018-10-09,0.0,0.0,49.28,,38.7
2018-10-10,0.0,0.0,48.38,,38.7
2018-10-11,0.0,0.0,51.98,,38.7
2018-10-12,0.0,0.0,52.88,,38.7
2018-10-13,0.0,0.0,50.36,,38.7
2018-10-14,0.0,0.0,52.7,,38.7
2018-10-15,0.0,0.0,54.32,,38.7
2018-10-16,0.0,0.0,51.26,,38.7
2018-10-17,0.0,0.0,46.76,,38.7
2018-10-18,0.0,0.0,52.52,,38.7
2018-10-19,0.0,0.0,57.2,,38.7
2018-10-20,0.0,0.0,48.02,,38.7
2018-10-21,0.0,0.0,44.06,,38.7
2018-10-22,0.0,0.0,45.86,,38.7
2018-10-23,0.0,0.0,50.0,,38.7
2018-10-24,0.0,0.0,55.22,,38.7
2018-10-25,0.0,0.0,55.94,,38.7
2018-10-26,0.0,0.0,56.12,,38.7
2018-10-27,0.0,0.0,48.02,,38.7
2018-10-28,0.0,0.0,49.82,,38.7
2018-10-29,0.0,0.0,53.78,,38.7
2018-10-30,0.0,0.0,48.92,,0.0
2018-10-31,0.0,0.0,39.38,,0.1
2018-11-01,0.0,0.0,36.14,,0.1
2018-11-02,0.0,0.0,37.22,,0.1
2018-11-03,0.0,0.0,40.82,,0.8
2018-11-04,0.0,0.0,39.02,,0.9
2018-11-05,0.0,0.0,31.82,,1.0
2018-11-06,0.0,0.0,31.28,,1.0
2018-11-07,0.0,0.0,34.16,,1.2
2018-11-08,0.0,0.0,38.48,,1.8
2018-11-09,0.0,0.0,36.5,,1.8
2018-11-10,0.0,0.0,30.2,,1.8
2018-11-11,0.0,0.0,35.6,,1.8
2018-11-12,0.0,0.0,39.92,,1.8
2018-11-13,0.0,0.0,44.42,,1.8
2018-11-14,0.0,0.0,45.5,,1.9
2018-11-15,0.0,0.0,47.66,,1.9
2018-11-16,0.0,0.0,49.64,,2.0
2018-11-17,0.0,0.0,49.28,,2.0
2018-11-18,0.0,0.0,47.48,,2.0
2018-11-19,0.0,0.0,42.44,,2.0
2018-11-20,0.0,0.0,43.7,,2.0
2018-11-21,0.0,0.0,42.8,,2.0
2018-11-22,0.0,1.0,46.4,,2.4
2018-11-23,0.0,1.0,46.76,,2.4
2018-11-24,0.0,1.0,46.76,,2.4
2018-11-25,0.0,1.0,32.18,,2.4
2018-11-26,0.0,1.0,29.48,,2.4
2018-11-27,0.0,1.0,29.3,,2.4
2018-11-28,0.0,1.0,38.84,,2.4
2018-11-29,0.0,1.0,36.86,,2.4
2018-11-30,0.0,1.0,33.08,,2.4
2018-12-01,0.0,1.0,33.26,,2.8
2018-12-02,0.0,1.0,30.38,,3.4
2018-12-03,0.0,1.0,27.14,,3.4
2018-12-04,0.0,1.0,24.8,,3.6
2018-12-05,0.3,1.0,22.46,,3.6
2018-12-06,0.3,1.0,26.42,,3.6
2018-12-07,0.3,1.0,25.52,,3.6
2018-12-08,0.3,2.0,22.1,,3.6
2018-12-09,0.3,12.0,22.64,,3.7
2018-12-10,0.2,11.0,30.02,,3.7
2018-12-11,0.2,9.0,34.7,,3.7
2018-12-12,0.2,8.0,34.88,,3.7
2018-12-13,0.3,11.0,35.06,,3.7
2018-12-14,0.3,13.0,27.86,,3.7
2018-12-15,0.3,12.0,25.34,,3.7
2018-12-16,0.4,14.0,27.5,,3.7
2018-12-17,0.4,24.0,32.18,,3.8
2018-12-18,0.3,25.0,36.5,,3.8
2018-12-19,0.3,23.0,32.18,,3.8
2018-12-20,0.3,20.0,28.22,,3.8
2018-12-21,0.8,19.0,22.64,,3.9
2018-12-22,1.9,19.0,19.04,,4.2
2018-12-23,2.0,18.0,24.8,,5.2
2018-12-24,2.0,17.0,30.92,,5.3
2018-12-25,2.0,18.0,29.3,,5.3
2018-12-26,2.7,16.0,27.68,,5.5
2018-12-27,2.8,20.0,25.52,,6.1
2018-12-28,2.9,22.0,23.54,,6.3
2018-12-29,3.1,22.0,22.1,,6.3
2018-12-30,3.7,21.0,17.6,,6.4
2018-12-31,4.0,22.0,10.04,,7.0
2019-01-01,4.0,23.0,9.32,,7.3
2019-01-02,4.0,21.0,8.42,,7.3
2019-01-03,4.0,31.0,20.84,,7.3
2019-01-04,4.0,29.0,23.54,,7.3
2019-01-05,4.0,30.0,21.38,,7.3
2019-01-06,4.0,28.0,24.62,,7.3
2019-01-07,4.0,29.0,23.36,,7.3
2019-01-08,4.0,31.0,21.92,,7.3
2019-01-09,4.2,36.0,17.96,,7.3
2019-01-10,4.8,35.0,29.48,,7.7
2019-01-11,4.8,36.0,27.14,,8.1
2019-01-12,4.9,36.0,35.78,,8.1
2019-01-13,5.0,35.0,32.0,,8.4
2019-01-14,5.0,35.0,30.56,,8.4
2019-01-15,5.6,39.0,29.66,,8.5
2019-01-16,6.8,40.0,29.84,,9.0
2019-01-17,6.9,38.0,22.46,,9.9
2019-01-18,6.9,38.0,15.26,,10.1
2019-01-19,6.9,37.0,24.8,,10.2
2019-01-20,6.9,36.0,27.14,,10.2
2019-01-21,7.3,35.0,23.54,,10.2
2019-01-22,8.0,43.0,15.62,,10.6
2019-01-23,8.0,43.0,16.7,,11.4
2019-01-24,8.1,42.0,14.18,,11.4
2019-01-25,8.1,42.0,20.48,,11.4
2019-01-26,8.0,41.0,23.0,,11.4
2019-01-27,8.2,40.0,12.74,,11.4
2019-01-28,9.0,40.0,7.34,,11.7
2019-01-29,9.0,39.0,16.34,,12.5
2019-01-30,9.0,38.0,22.46,,12.5
2019-01-31,9.0,37.0,30.2,,12.5
2019-02-01,9.0,37.0,31.28,,12.5
2019-02-02,9.0,44.0,25.88,,12.5
2019-02-03,9.1,44.0,18.32,,12.5
2019-02-04,10.0,52.0,24.62,,12.7
2019-02-05,10.3,52.0,35.06,,13.3
2019-02-06,10.3,51.0,30.38,,13.6
2019-02-07,10.4,50.0,22.64,,13.8
2019-02-08,10.6,51.0,23.72,,13.9
2019-02-09,10.6,50.0,25.34,,14.1
2019-02-10,10.6,50.0,27.14,,14.1
2019-02-11,10.5,49.0,26.6,,14.1
2019-02-12,10.5,50.0,26.96,,14.1
2019-02-13,10.6,48.0,30.56,,14.1
2019-02-14,10.7,48.0,25.52,,14.1
2019-02-15,11.5,48.0,29.12,,14.1
2019-02-16,11.8,48.0,32.18,,14.8
2019-02-17,13.7,48.0,22.1,,15.1
2019-02-18,14.2,49.0,16.34,,16.5
2019-02-19,14.2,62.0,24.08,,17.5
2019-02-20,14.2,66.0,22.28,,17.5
2019-02-21,14.5,66.0,23.9,,17.5
2019-02-22,14.5,64.0,29.66,,18.0
2019-02-23,14.5,63.0,33.08,,18.0
2019-02-24,14.5,64.0,24.44,,18.0
2019-02-25,14.5,66.0,21.74,,18.0
2019-02-26,14.2,70.0,23.0,,18.0
2019-02-27,14.2,83.0,28.22,,18.0
2019-02-28,14.2,81.0,34.16,,18.0
2019-03-01,14.2,96.0,33.08,,18.0
2019-03-02,14.1,94.0,29.48,,18.0
2019-03-03,14.7,97.0,26.6,,18.0
2019-03-04,16.7,102.0,20.48,,18.5
2019-03-05,17.4,101.0,12.74,,19.8
2019-03-06,17.6,95.0,5.0,,20.5
2019-03-07,17.5,100.0,11.66,,20.7
2019-03-08,17.5,98.0,18.68,,20.7
2019-03-09,17.5,92.0,15.8,,20.7
2019-03-10,17.9,92.0,16.16,,20.7
2019-03-11,18.3,99.0,20.48,,20.8
2019-03-12,19.5,116.0,25.88,,21.4
2019-03-13,19.7,123.0,30.2,,22.1
2019-03-14,21.7,122.0,23.72,,22.4
2019-03-15,22.7,123.0,20.84,,23.8
2019-03-16,23.5,,19.58,,24.8
2019-03-17,24.1,123.0,12.56,,25.6
2019-03-18,24.4,120.0,10.58,,26.2
2019-03-19,24.4,117.0,16.7,,26.2
2019-03-20,24.6,114.0,14.72,,26.2
2019-03-21,24.8,112.0,11.66,,26.4
2019-03-22,24.9,112.0,19.58,,26.6
2019-03-23,24.8,110.0,25.34,,26.7
2019-03-24,25.8,111.0,28.76,,26.7
2019-03-25,28.5,110.0,29.66,,27.7
2019-03-26,30.7,107.0,32.0,,30.4
2019-03-27,31.7,108.0,25.88,,32.6
2019-03-28,32.9,107.0,,,33.6
2019-03-29,,108.0,16.88,,34.8
2019-03-30,33.5,106.0,17.42,,
2019-03-31,33.4,106.0,17.24,,35.9
2019-04-01,33.4,104.0,22.1,,35.9
2019-04-02,33.4,103.0,26.96,,35.9
2019-04-03,33.4,102.0,33.08,,35.9
2019-04-04,33.6,100.0,28.4,,35.9
2019-04-05,34.0,99.0,19.94,,36.1
2019-04-06,34.7,97.0,16.7,,36.5
2019-04-07,34.7,96.0,21.02,,37.2
2019-04-08,34.7,94.0,24.08,,37.2
2019-04-09,34.7,93.0,24.44,,37.2
2019-04-10,34.7,92.0,21.92,,37.2
2019-04-11,34.9,92.0,21.38,,37.2
2019-04-12,34.9,91.0,27.5,,37.4
2019-04-13,34.9,91.0,31.64,,37.4
2019-04-14,35.0,90.0,33.8,,37.4
2019-04-15,35.1,90.0,35.06,,37.5
2019-04-16,35.1,89.0,35.78,,37.5
2019-04-17,35.1,88.0,38.3,,37.5
2019-04-18,35.0,87.0,39.38,,37.5
2019-04-19,34.9,86.0,37.22,,37.5
2019-04-20,34.9,84.0,36.68,,37.5
2019-04-21,34.9,82.0,30.38,,37.5
2019-04-22,35.2,81.0,33.44,,37.6
2019-04-23,35.7,82.0,36.14,,37.6
2019-04-24,35.8,80.0,34.88,,37.8
2019-04-25,36.2,78.0,31.46,,38.0
2019-04-26,36.4,75.0,31.28,,38.2
2019-04-27,36.2,75.0,32.36,,38.8
2019-04-28,36.4,76.0,34.52,,39.2
2019-04-29,36.4,75.0,35.6,,39.2
2019-04-30,36.5,74.0,35.6,,39.2
2019-05-01,36.2,75.0,36.32,,39.2
2019-05-02,36.4,76.0,39.56,,39.2
2019-05-03,35.9,76.0,35.78,,39.3
2019-05-04,35.5,76.0,32.72,,39.4
2019-05-05,35.5,74.0,37.22,,39.5
2019-05-06,35.5,71.0,39.2,,40.0
2019-05-07,35.9,68.0,33.26,,40.4
2019-05-08,36.1,66.0,31.28,,41.4
2019-05-09,34.9,64.0,30.38,,43.1
2019-05-10,34.5,61.0,29.84,,43.5
2019-05-11,34.7,59.0,33.98,,43.5
2019-05-12,34.6,57.0,32.36,,43.7
2019-05-13,34.6,54.0,32.36,,43.7
2019-05-14,34.9,53.0,33.98,,44.0
2019-05-15,34.9,52.0,37.04,,44.6
2019-05-16,35.2,51.0,43.7,,44.7
2019-05-17,34.9,49.0,48.02,,45.0
2019-05-18,34.3,48.0,43.52,,45.0
2019-05-19,33.4,46.0,42.44,,45.0
2019-05-20,32.5,44.0,44.78,,45.0
2019-05-21,31.4,41.0,46.04,,45.2
2019-05-22,30.1,39.0,44.24,,45.2
2019-05-23,29.0,37.0,44.6,,45.2
2019-05-24,28.0,34.0,43.16,,45.2
2019-05-25,26.7,32.0,39.92,,45.2
2019-05-26,25.9,30.0,30.2,,45.2
2019-05-27,25.1,27.0,31.28,,45.2
2019-05-28,24.5,24.0,30.92,,45.2
2019-05-29,23.7,20.0,33.08,,45.2
2019-05-30,23.1,16.0,37.4,,45.2
2019-05-31,22.9,12.0,42.62,,45.2
2019-06-01,22.3,10.0,46.4,,45.2
2019-06-02,21.1,6.0,48.38,,45.2
2019-06-03,19.9,6.0,48.92,,45.2
2019-06-04,18.6,3.0,46.58,,45.2
2019-06-05,17.4,2.0,45.86,,45.2
2019-06-06,16.1,0.0,43.52,,45.2
2019-06-07,14.5,0.0,45.68,,45.2
2019-06-08,13.3,0.0,51.62,,45.2
2019-06-09,12.0,0.0,53.78,,45.2
2019-06-10,10.7,0.0,55.4,,45.2
2019-06-11,9.1,0.0,55.04,,45.2
2019-06-12,7.6,0.0,47.12,,45.2
2019-06-13,6.0,0.0,44.06,,45.2
2019-06-14,4.7,0.0,35.06,,45.2
2019-06-15,3.7,0.0,40.64,,45.2
2019-06-16,3.1,0.0,40.64,,45.5
2019-06-17,1.8,0.0,39.2,,46.0
2019-06-18,1.0,0.0,37.4,,46.0
2019-06-19,0.0,0.0,40.64,,46.2
2019-06-20,0.0,0.0,45.5,,46.7
2019-06-21,0.0,0.0,41.9,,47.4
2019-06-22,0.0,0.0,39.56,,47.4
2019-06-23,0.0,0.0,42.62,,47.4
2019-06-24,0.0,0.0,49.82,,47.5
2019-06-25,0.0,0.0,50.36,,48.0
2019-06-26,0.0,0.0,49.28,,48.1
2019-06-27,0.0,0.0,49.1,,48.1
2019-06-28,0.0,0.0,54.68,,48.1
2019-06-29,0.0,0.0,51.98,,48.1
2019-06-30,0.0,0.0,54.86,,48.4
2019-07-01,0.0,0.0,57.74,,48.4
2019-07-02,0.0,0.0,58.82,,48.6
2019-07-03,0.0,0.0,59.54,,48.6
2019-07-04,0.0,0.0,55.94,,48.6
2019-07-05,0.0,0.0,35.24,,48.6
2019-07-06,0.0,0.0,37.04,,48.6
2019-07-07,0.0,0.0,46.4,,48.6
2019-07-08,0.0,0.0,53.78,,48.6
2019-07-09,0.0,0.0,59.9,,48.6
2019-07-10,0.0,0.0,63.5,,48.7
2019-07-11,0.0,0.0,61.88,,48.7
2019-07-12,0.0,0.0,59.54,,48.7
2019-07-13,0.0,0.0,59.9,,48.7
2019-07-14,0.0,0.0,61.88,,48.7
2019-07-15,0.0,0.0,62.06,,48.7
2019-07-16,0.0,0.0,59.54,,48.7
2019-07-17,0.0,0.0,53.42,,48.7
2019-07-18,0.0,0.0,38.3,,48.7
2019-07-19,0.0,0.0,38.84,,48.7
2019-07-20,0.0,0.0,48.2,,48.7
2019-07-21,0.0,0.0,51.8,,48.7
2019-07-22,0.0,0.0,50.18,,48.8
2019-07-23,0.0,0.0,55.04,,48.8
2019-07-24,0.0,0.0,57.56,,48.8
2019-07-25,0.0,0.0,55.4,,48.8
2019-07-26,0.0,0.0,51.98,,48.8
2019-07-27,0.0,0.0,57.2,,48.8
2019-07-28,0.0,0.0,61.88,,48.8
2019-07-29,0.0,0.0,61.7,,48.8
2019-07-30,0.0,0.0,59.0,,48.8
2019-07-31,0.0,0.0,56.12,,48.8
2019-08-01,0.0,0.0,53.24,,48.8
2019-08-02,0.0,0.0,59.36,,48.8
2019-08-03,0.0,0.0,63.86,,48.8
2019-08-04,0.0,0.0,59.0,,48.8
2019-08-05,0.0,0.0,53.06,,48.8
2019-08-06,0.0,0.0,57.92,,48.9
2019-08-07,0.0,0.0,65.3,,48.9
2019-08-08,0.0,0.0,67.82,,49.1
2019-08-09,0.0,0.0,70.34,,49.1
2019-08-10,0.0,0.0,69.08,,49.1
2019-08-11,0.0,0.0,66.56,,49.1
2019-08-12,0.0,0.0,63.32,,49.1
2019-08-13,0.0,0.0,59.36,,49.1
2019-08-14,0.0,0.0,60.8,,49.1
2019-08-15,0.0,0.0,59.54,,49.1
2019-08-16,0.0,0.0,57.56,,49.1
2019-08-17,0.0,0.0,59.0,,49.1
2019-08-18,0.0,0.0,66.02,,49.1
2019-08-19,0.0,0.0,72.5,,49.1
2019-08-20,0.0,0.0,66.02,,49.1
2019-08-21,0.0,0.0,61.7,,49.2
2019-08-22,0.0,0.0,63.68,,49.2
2019-08-23,0.0,0.0,62.96,,49.3
2019-08-24,0.0,0.0,64.76,,49.3
2019-08-25,0.0,0.0,66.02,,49.3
2019-08-26,0.0,0.0,66.2,,49.3
2019-08-27,0.0,0.0,66.2,,49.3
2019-08-28,0.0,0.0,68.9,,49.3
2019-08-29,0.0,0.0,69.08,,49.4
2019-08-30,0.0,0.0,69.62,,49.4
2019-08-31,0.0,0.0,68.72,,49.4
2019-09-01,0.0,0.0,71.06,,49.4
2019-09-02,0.0,0.0,71.06,,49.4
2019-09-03,0.0,0.0,71.24,,49.4
2019-09-04,0.0,0.0,68.9,,49.4
2019-09-05,0.0,0.0,60.98,,49.4
2019-09-06,0.0,0.0,61.7,,49.4
2019-09-07,0.0,0.0,57.02,,49.4
2019-09-08,0.0,0.0,51.62,,49.4
2019-09-09,0.0,0.0,55.22,,49.5
2019-09-10,0.0,0.0,60.08,,49.5
2019-09-11,0.0,0.0,64.4,,49.6
2019-09-12,0.0,0.0,62.24,,49.6
2019-09-13,0.0,0.0,59.18,,49.6
2019-09-14,0.0,0.0,58.46,,49.6
2019-09-15,0.0,0.0,62.6,,49.6
2019-09-16,0.0,0.0,67.1,,49.6
2019-09-17,0.0,0.0,70.52,,49.6
2019-09-18,0.0,0.0,70.7,,49.6
2019-09-19,0.0,0.0,60.44,,49.6
2019-09-20,0.0,0.0,59.72,,49.6
2019-09-21,0.0,0.0,64.04,,49.6
2019-09-22,0.0,0.0,59.36,,49.6
2019-09-23,0.0,0.0,57.02,,49.6
2019-09-24,0.0,0.0,61.34,,49.6
2019-09-25,0.0,0.0,65.84,,49.6
2019-09-26,0.0,0.0,68.54,,49.6
2019-09-27,0.0,0.0,64.94,,49.6
2019-09-28,0.0,0.0,66.2,,49.6
2019-09-29,0.0,0.0,67.82,,49.6
2019-09-30,0.0,0.0,66.56,,49.6
2019-10-01,0.0,0.0,68.9,,49.6
2019-10-02,0.0,0.0,69.08,,49.6
2019-10-03,0.0,0.0,68.72,,49.6
2019-10-04,0.0,0.0,56.84,,49.6
2019-10-05,0.0,0.0,58.46,,49.6
2019-10-06,0.0,0.0,48.92,,49.6
2019-10-07,0.0,0.0,45.68,,50.0
2019-10-08,0.0,0.0,47.3,,50.0
2019-10-09,0.0,0.0,46.4,,50.4
2019-10-10,0.0,0.0,50.0,,50.4
2019-10-11,0.0,0.0,54.32,,50.4
2019-10-12,0.0,0.0,59.72,,50.4
2019-10-13,0.0,0.0,62.96,,50.5
2019-10-14,0.0,0.0,54.68,,50.5
2019-10-15,0.0,0.0,42.62,,50.6
2019-10-16,0.0,0.0,44.42,,50.6
2019-10-17,0.0,0.0,40.82,,50.6
2019-10-18,0.0,0.0,43.52,,50.7
2019-10-19,0.0,0.0,44.78,,50.7
2019-10-20,0.0,0.0,49.46,,50.9
2019-10-21,0.0,0.0,50.36,,51.0
2019-10-22,0.0,0.0,50.18,,51.0
2019-10-23,0.0,0.0,49.82,,51.1
2019-10-24,0.0,0.0,52.52,,51.1
2019-10-25,0.0,0.0,45.68,,51.1
2019-10-26,0.0,0.0,34.88,,51.1
2019-10-27,0.0,0.0,29.84,,51.1
2019-10-28,0.0,0.0,30.56,,51.1
2019-10-29,0.0,0.0,31.28,,51.1
2019-10-30,0.0,0.0,32.0,,51.1
2019-10-31,0.0,0.0,39.56,,0.0
2019-11-01,0.0,0.0,32.72,,0.1
2019-11-02,0.0,0.0,33.26,,0.1
2019-11-03,0.0,0.0,37.4,,0.2
2019-11-04,0.0,0.0,43.88,,0.2
2019-11-05,0.0,6.0,43.7,,0.2
2019-11-06,0.0,6.0,25.16,,0.2
2019-11-07,0.0,5.0,24.44,,0.3
2019-11-08,0.0,3.0,31.64,,0.3
2019-11-09,0.0,2.0,38.84,,0.3
2019-11-10,0.0,2.0,43.7,,0.3
2019-11-11,0.0,2.0,40.64,,0.3
2019-11-12,0.0,2.0,45.32,,0.4
2019-11-13,0.0,2.0,51.8,,0.4
2019-11-14,0.0,2.0,36.86,,0.4
2019-11-15,0.0,2.0,30.74,,0.5
2019-11-16,0.0,2.0,28.76,,0.5
2019-11-17,0.0,3.0,28.4,,0.5
2019-11-18,0.7,3.0,32.9,,0.5
2019-11-19,0.8,3.0,36.68,,1.7
2019-11-20,0.8,2.0,33.98,,1.8
2019-11-21,0.8,2.0,34.16,,1.9
2019-11-22,0.8,2.0,43.7,,1.9
2019-11-23,0.8,2.0,30.74,,1.9
2019-11-24,0.8,2.0,21.56,,1.9
2019-11-25,0.8,2.0,20.3,,1.9
2019-11-26,0.8,2.0,13.1,,1.9
2019-11-27,0.8,2.0,17.78,,1.9
2019-11-28,0.8,2.0,26.6,,1.9
2019-11-29,0.8,2.0,28.76,,1.9
2019-11-30,0.9,2.0,32.72,,1.9
2019-12-01,0.9,2.0,37.22,,2.1
2019-12-02,0.9,2.0,37.94,,2.1
2019-12-03,0.9,2.0,39.02,,2.1
2019-12-04,0.9,1.0,39.2,,2.1
2019-12-05,0.9,1.0,37.04,,2.1
2019-12-06,0.9,1.0,41.36,,2.1
2019-12-07,0.9,1.0,42.26,,2.1
2019-12-08,0.9,1.0,41.18,,2.1
2019-12-09,0.9,1.0,32.36,,2.1
2019-12-10,0.9,1.0,36.32,,2.1
2019-12-11,0.9,1.0,35.78,,2.1
2019-12-12,0.9,1.0,37.4,,2.1
2019-12-13,0.8,1.0,40.82,,2.1
2019-12-14,0.7,5.0,35.24,,2.1
2019-12-15,0.6,3.0,38.48,,2.1
2019-12-16,0.5,3.0,41.9,,2.1
2019-12-17,0.4,4.0,35.78,,2.1
2019-12-18,0.4,9.0,33.26,,2.2
2019-12-19,0.4,8.0,29.66,,2.2
2019-12-20,0.4,8.0,30.2,,2.2
2019-12-21,0.4,7.0,30.56,,2.2
2019-12-22,0.4,7.0,30.02,,2.2
2019-12-23,0.4,7.0,23.72,,2.2
2019-12-24,0.4,11.0,18.32,,2.2
2019-12-25,0.4,12.0,20.3,,2.2
2019-12-26,0.4,11.0,19.58,,2.2
2019-12-27,0.7,11.0,19.58,,2.2
2019-12-28,0.7,19.0,14.36,,2.4
2019-12-29,0.8,26.0,23.18,,2.4
2019-12-30,0.8,26.0,27.68,,2.4
2019-12-31,1.3,26.0,28.76,,2.4
2020-01-01,1.5,26.0,27.5,,3.1
2020-01-02,1.5,25.0,25.52,,3.3
2020-01-03,1.5,24.0,27.68,,3.3
2020-01-04,1.5,24.0,32.0,,3.3
2020-01-05,1.5,29.0,29.48,,3.3
2020-01-06,2.2,28.0,20.48,,3.3
2020-01-07,2.7,28.0,22.1,,4.0
2020-01-08,2.7,27.0,28.4,,4.3
2020-01-09,2.7,26.0,30.38,,4.3
2020-01-10,3.7,28.0,24.8,,4.3
2020-01-11,5.3,26.0,20.48,,5.4
2020-01-12,5.3,26.0,17.42,,6.8
2020-01-13,5.3,25.0,10.58,,6.8
2020-01-14,5.3,27.0,15.44,,6.8
2020-01-15,5.3,26.0,24.08,,6.8
2020-01-16,5.3,26.0,26.6,,6.8
2020-01-17,5.4,28.0,32.36,,6.8
2020-01-18,6.0,34.0,35.6,,7.0
2020-01-19,6.0,33.0,36.5,,7.7
2020-01-20,6.0,32.0,31.28,,7.7
2020-01-21,6.0,33.0,24.44,,7.7
2020-01-22,6.0,35.0,19.04,,7.7
2020-01-23,6.3,37.0,17.78,,7.7
2020-01-24,6.3,37.0,16.34,,7.8
2020-01-25,6.3,38.0,18.32,,7.8
2020-01-26,6.3,41.0,21.92,,7.8
2020-01-27,6.3,44.0,21.74,,7.8
2020-01-28,6.3,53.0,23.54,,7.8
2020-01-29,6.3,68.0,28.4,,7.8
2020-01-30,6.9,73.0,24.8,,7.8
2020-01-31,7.8,69.0,26.24,,8.5
2020-02-01,7.9,67.0,25.52,,9.4
2020-02-02,7.9,67.0,20.48,,9.5
2020-02-03,8.0,66.0,23.54,,9.5
2020-02-04,8.4,64.0,29.84,,9.7
2020-02-05,8.8,62.0,25.16,,9.9
2020-02-06,8.8,60.0,19.04,,10.4
2020-02-07,9.2,62.0,14.0,,10.5
2020-02-08,9.6,61.0,22.46,,10.6
2020-02-09,9.9,60.0,20.3,,11.1
2020-02-10,11.6,63.0,17.06,,11.3
2020-02-11,13.4,59.0,18.32,,12.7
2020-02-12,14.0,64.0,13.82,,13.9
2020-02-13,14.6,66.0,27.14,,14.5
2020-02-14,14.6,71.0,19.4,,15.1
2020-02-15,14.8,70.0,21.02,,15.1
2020-02-16,15.0,68.0,24.44,,15.4
2020-02-17,15.0,68.0,33.8,,15.4
2020-02-18,15.1,66.0,30.56,,16.0
2020-02-19,15.1,66.0,23.9,,16.0
2020-02-20,15.5,66.0,29.3,,16.5
2020-02-21,15.5,64.0,30.38,,16.7
2020-02-22,15.7,68.0,28.76,,16.8
2020-02-23,16.4,73.0,29.84,,17.0
2020-02-24,16.6,73.0,26.96,,17.7
2020-02-25,17.6,71.0,27.5,,17.8
2020-02-26,17.8,70.0,24.26,,18.5
2020-02-27,18.7,70.0,24.62,,19.8
2020-02-28,18.9,70.0,27.86,,19.8
2020-02-29,18.9,69.0,33.98,,19.9
2020-03-01,19.0,69.0,23.72,,19.9
2020-03-02,19.1,68.0,14.9,,20.1
2020-03-03,19.1,69.0,11.48,,20.1
2020-03-04,19.1,77.0,17.78,,20.2
2020-03-05,19.1,78.0,30.38,,20.2
2020-03-06,19.3,76.0,32.0,,20.2
2020-03-07,20.6,75.0,24.08,,20.4
2020-03-08,21.3,75.0,20.3,,21.6
2020-03-09,21.5,74.0,21.2,,22.3
2020-03-10,21.5,73.0,21.56,,22.4
2020-03-11,21.5,73.0,25.52,,22.4
2020-03-12,21.5,72.0,25.88,,22.4
2020-03-13,21.5,71.0,25.52,,22.4
2020-03-14,21.5,70.0,23.54,,22.4
2020-03-15,21.5,70.0,24.8,,22.4
2020-03-16,21.7,69.0,15.44,,22.4
2020-03-17,22.7,68.0,11.48,,22.7
2020-03-18,22.8,67.0,13.28,,23.5
2020-03-19,22.8,67.0,18.32,,23.5
2020-03-20,22.8,67.0,25.7,,23.5
2020-03-21,22.8,66.0,29.84,,23.5
2020-03-22,22.8,65.0,28.4,,23.5
2020-03-23,22.8,64.0,19.4,,23.5
2020-03-24,22.8,62.0,19.94,,23.6
2020-03-25,22.8,63.0,28.04,,23.9
2020-03-26,22.8,64.0,29.66,,23.9
2020-03-27,22.8,65.0,35.24,,23.9
2020-03-28,22.8,63.0,29.66,,23.9
2020-03-29,22.9,64.0,23.72,,23.9
2020-03-30,22.9,63.0,25.52,,23.9
2020-03-31,22.9,65.0,32.72,,23.9
2020-04-01,22.9,64.0,33.08,,23.9
2020-04-02,23.0,64.0,37.4,,23.9
2020-04-03,23.0,63.0,42.8,,24.1
2020-04-04,23.0,63.0,34.7,,24.1
2020-04-05,23.1,62.0,29.84,,24.1
2020-04-06,23.5,62.0,30.02,,24.1
2020-04-07,23.6,61.0,29.84,,24.3
2020-04-08,23.9,60.0,34.16,,24.3
2020-04-09,23.9,60.0,28.76,,24.7
2020-04-10,24.0,61.0,29.66,,24.7
2020-04-11,24.1,62.0,32.36,,24.7
2020-04-12,24.1,63.0,31.28,,24.7
2020-04-13,24.1,62.0,35.78,,24.7
2020-04-14,24.2,61.0,35.6,,24.9
2020-04-15,24.3,61.0,28.76,,25.1
2020-04-16,24.3,69.0,32.36,,25.2
2020-04-17,24.4,81.0,34.16,,25.2
2020-04-18,24.4,79.0,33.8,,25.3
2020-04-19,24.3,77.0,33.08,,25.3
2020-04-20,24.3,76.0,33.44,,25.4
2020-04-21,24.2,73.0,29.12,,25.4
2020-04-22,24.2,73.0,23.18,,25.4
2020-04-23,24.8,71.0,20.48,,25.4
2020-04-24,24.8,69.0,25.16,,25.8
2020-04-25,24.8,67.0,30.38,,26.0
2020-04-26,24.8,64.0,31.46,,26.0
2020-04-27,24.8,62.0,31.64,,26.1
2020-04-28,25.1,62.0,27.68,,26.1
2020-04-29,26.3,61.0,18.86,,26.4
2020-04-30,28.0,60.0,19.22,,27.4
2020-05-01,27.9,59.0,23.18,,28.9
2020-05-02,27.9,58.0,29.48,,28.9
2020-05-03,27.9,59.0,35.06,,29.1
2020-05-04,27.9,57.0,37.04,,29.1
2020-05-05,27.5,54.0,39.2,,29.3
2020-05-06,27.2,52.0,42.44,,29.4
2020-05-07,27.0,50.0,45.86,,29.4
2020-05-08,26.8,47.0,45.32,,29.5
2020-05-09,26.6,45.0,36.86,,29.5
2020-05-10,26.1,44.0,27.14,,29.5
2020-05-11,25.9,42.0,25.34,,29.5
2020-05-12,25.8,41.0,32.54,,29.5
2020-05-13,25.8,38.0,32.9,,29.5
2020-05-14,25.5,36.0,30.02,,29.5
2020-05-15,25.4,33.0,35.06,,29.5
2020-05-16,25.0,30.0,39.38,,29.5
2020-05-17,24.5,29.0,41.0,,29.7
2020-05-18,24.2,26.0,43.16,,29.7
2020-05-19,23.4,24.0,44.6,,29.7
2020-05-20,22.6,21.0,40.82,,29.7
2020-05-21,21.8,19.0,36.86,,29.7
2020-05-22,21.1,17.0,37.76,,29.8
2020-05-23,20.6,15.0,42.44,,29.8
2020-05-24,19.9,13.0,44.78,,30.4
2020-05-25,19.2,10.0,42.26,,30.4
2020-05-26,17.9,8.0,46.04,,30.5
2020-05-27,17.2,4.0,52.16,,30.6
2020-05-28,16.2,2.0,44.96,,30.7
2020-05-29,15.2,0.0,42.08,,30.7
2020-05-30,14.0,0.0,46.4,,30.8
2020-05-31,13.1,0.0,38.3,,30.9
2020-06-01,12.3,0.0,39.56,,31.1
2020-06-02,10.8,0.0,48.2,,31.1
2020-06-03,9.8,0.0,41.0,,31.1
2020-06-04,8.8,0.0,39.56,,31.2
2020-06-05,7.5,0.0,47.12,,31.3
2020-06-06,6.6,0.0,51.44,,31.3
2020-06-07,5.3,0.0,55.76,,31.3
2020-06-08,3.9,0.0,55.4,,31.3
2020-06-09,2.2,0.0,42.44,,31.3
2020-06-10,0.8,0.0,37.76,,31.3
2020-06-11,0.0,0.0,36.86,,31.3
2020-06-12,0.0,0.0,37.94,,31.3
2020-06-13,0.0,0.0,44.42,,31.3
2020-06-14,0.0,0.0,51.44,,31.4
2020-06-15,0.0,0.0,41.9,,31.7
2020-06-16,0.0,0.0,37.4,,31.7
2020-06-17,0.0,0.0,34.34,,31.7
2020-06-18,0.0,0.0,35.24,,32.2
2020-06-19,0.0,0.0,35.06,,32.2
2020-06-20,0.0,0.0,40.28,,33.1
2020-06-21,0.0,0.0,45.5,,33.4
2020-06-22,0.0,0.0,51.8,,33.5
2020-06-23,0.0,0.0,52.7,,33.7
2020-06-24,0.0,0.0,56.12,,33.7
2020-06-25,0.0,0.0,62.6,,33.7
2020-06-26,0.0,0.0,67.82,,33.7
2020-06-27,0.0,0.0,67.46,,33.7
2020-06-28,0.0,0.0,54.68,,33.7
2020-06-29,0.0,0.0,53.6,,33.7
2020-06-30,0.0,0.0,56.48,,33.7
2020-07-01,0.0,0.0,59.54,,33.7
2020-07-02,0.0,0.0,57.02,,33.7
2020-07-03,0.0,0.0,65.12,,33.7
2020-07-04,0.0,0.0,46.04,,33.8
2020-07-05,0.0,0.0,33.26,,33.8
2020-07-06,0.0,0.0,36.68,,33.8
2020-07-07,0.0,0.0,42.98,,34.2
2020-07-08,0.0,0.0,53.24,,34.7
2020-07-09,0.0,0.0,61.7,,35.1
2020-07-10,0.0,0.0,64.76,,35.2
2020-07-11,0.0,0.0,44.06,,35.2
2020-07-12,0.0,0.0,39.56,,35.2
2020-07-13,0.0,0.0,43.52,,35.2
2020-07-14,0.0,0.0,41.18,,35.8
2020-07-15,0.0,0.0,39.92,,36.0
2020-07-16,0.0,0.0,48.2,,36.3
2020-07-17,0.0,0.0,53.42,,36.6
2020-07-18,0.0,0.0,57.2,,37.3
2020-07-19,0.0,0.0,58.64,,37.3
2020-07-20,0.0,0.0,60.62,,37.3
2020-07-21,0.0,0.0,65.48,,37.3
2020-07-22,0.0,0.0,67.28,,37.3
2020-07-23,0.0,0.0,64.04,,37.3
2020-07-24,0.0,0.0,64.22,,37.3
2020-07-25,0.0,0.0,60.08,,37.3
2020-07-26,0.0,0.0,46.4,,37.3
2020-07-27,0.0,0.0,38.48,,37.3
2020-07-28,0.0,0.0,44.24,,37.4
2020-07-29,0.0,0.0,49.1,,37.4
2020-07-30,0.0,0.0,53.24,,37.8
2020-07-31,0.0,0.0,60.08,,37.8
2020-08-01,0.0,0.0,61.16,,37.8
2020-08-02,0.0,0.0,59.72,,37.8
2020-08-03,0.0,0.0,62.24,,37.8
2020-08-04,0.0,0.0,56.66,,37.8
2020-08-05,0.0,0.0,54.68,,37.8
2020-08-06,0.0,0.0,60.08,,37.8
2020-08-07,0.0,0.0,60.44,,37.8
2020-08-08,0.0,0.0,66.56,,37.8
2020-08-09,0.0,0.0,63.5,,37.8
2020-08-10,0.0,0.0,57.38,,37.8
2020-08-11,0.0,0.0,57.56,,37.8
2020-08-12,0.0,0.0,61.52,,37.8
2020-08-13,0.0,0.0,64.94,,37.8
2020-08-14,0.0,0.0,65.84,,37.8
2020-08-15,0.0,0.0,62.06,,37.8
2020-08-16,0.0,0.0,63.68,,37.8
2020-08-17,0.0,0.0,65.66,,37.8
2020-08-18,0.0,0.0,67.46,,37.8
2020-08-19,0.0,0.0,65.12,,37.8
2020-08-20,0.0,0.0,61.34,,37.8
2020-08-21,0.0,0.0,59.18,,37.8
2020-08-22,0.0,0.0,62.24,,37.8
2020-08-23,0.0,0.0,64.22,,38.0
2020-08-24,0.0,0.0,68.54,,38.0
2020-08-25,0.0,0.0,64.04,,38.0
2020-08-26,0.0,0.0,65.66,,38.0
2020-08-27,0.0,0.0,71.24,,38.0
2020-08-28,0.0,0.0,75.2,,38.0
2020-08-29,0.0,0.0,71.96,,38.0
2020-08-30,0.0,0.0,72.32,,38.0
2020-08-31,0.0,0.0,67.82,,38.0
2020-09-01,0.0,0.0,65.3,,38.0
2020-09-02,0.0,0.0,68.72,,38.0
2020-09-03,0.0,0.0,65.48,,38.0
2020-09-04,0.0,0.0,58.82,,38.0
2020-09-05,0.0,0.0,59.9,,38.0
2020-09-06,0.0,0.0,62.78,,38.0
2020-09-07,0.0,0.0,62.24,,38.0
2020-09-08,0.0,0.0,65.84,,38.0
2020-09-09,0.0,0.0,62.6,,38.0
2020-09-10,0.0,0.0,59.54,,38.0
2020-09-11,0.0,0.0,60.62,,38.0
2020-09-12,0.0,0.0,66.38,,38.0
2020-09-13,0.0,0.0,70.52,,38.0
2020-09-14,0.0,0.0,73.04,,38.0
2020-09-15,0.0,0.0,72.68,,38.0
2020-09-16,0.0,0.0,70.34,,38.0
2020-09-17,0.0,0.0,66.02,,38.0
2020-09-18,0.0,0.0,66.02,,38.0
2020-09-19,0.0,0.0,65.66,,38.0
2020-09-20,0.0,0.0,67.82,,38.0
2020-09-21,0.0,0.0,64.94,,38.0
2020-09-22,0.0,0.0,63.86,,38.0
2020-09-23,0.0,0.0,64.94,,38.0
2020-09-24,0.0,0.0,62.78,,38.0
2020-09-25,0.0,0.0,62.78,,38.0
2020-09-26,0.0,0.0,63.32,,38.0
2020-09-27,0.0,0.0,55.04,,38.0
2020-09-28,0.0,0.0,48.56,,38.1
2020-09-29,0.0,0.0,55.94,,38.1
2020-09-30,0.0,0.0,63.5,,38.1
2020-10-01,0.0,0.0,66.56,,38.1
2020-10-02,0.0,0.0,69.98,,38.1
2020-10-03,0.0,0.0,71.24,,38.1
2020-10-04,0.0,0.0,67.28,,38.1
2020-10-05,0.0,0.0,56.48,,38.1
2020-10-06,0.0,0.0,44.06,,38.1
2020-10-07,0.0,0.0,51.98,,38.1
2020-10-08,0.0,0.0,56.66,,38.1
2020-10-09,0.0,0.0,60.8,,38.1
2020-10-10,0.0,0.0,60.8,,38.1
2020-10-11,0.0,0.0,63.14,,38.1
2020-10-12,0.0,0.0,64.94,,38.1
2020-10-13,0.0,0.0,62.6,,38.1
2020-10-14,0.0,0.0,63.14,,38.1
2020-10-15,0.0,0.0,66.56,,38.1
2020-10-16,0.0,0.0,56.66,,38.1
2020-10-17,0.0,0.0,48.56,,38.1
2020-10-18,0.0,0.0,48.38,,38.1
2020-10-19,0.0,0.0,56.12,,38.2
2020-10-20,0.0,0.0,57.56,,38.2
2020-10-21,0.0,0.0,59.0,,38.2
2020-10-22,0.0,0.0,52.88,,38.2
2020-10-23,0.0,0.0,47.3,,38.2
2020-10-24,0.0,0.0,42.98,,38.2
2020-10-25,0.0,0.0,43.7,,38.2
2020-10-26,0.0,0.0,49.28,,38.4
2020-10-27,0.0,0.0,55.04,,38.6
2020-10-28,0.0,0.0,58.82,,38.6
2020-10-29,0.0,0.0,58.82,,38.6
2020-10-30,0.0,0.0,58.28,,38.6
2020-10-31,0.0,0.0,56.66,,0.0
2020-11-01,0.0,0.0,57.02,,0.0
2020-11-02,0.0,0.0,54.86,,0.0
2020-11-03,0.0,0.0,56.66,,0.0
2020-11-04,0.0,0.0,55.76,,0.0
2020-11-05,0.0,0.0,55.58,,0.0
2020-11-06,0.0,0.0,52.88,,0.0
2020-11-07,0.0,0.0,44.96,,0.0
2020-11-08,0.0,0.0,35.06,,0.0
2020-11-09,0.0,0.0,42.62,,0.0
2020-11-10,0.0,0.0,43.88,,1.1
2020-11-11,0.0,0.0,36.5,,1.1
2020-11-12,0.0,0.0,35.24,,1.2
2020-11-13,0.0,0.0,42.8,,1.4
2020-11-14,0.0,0.0,46.76,,1.4
2020-11-15,0.0,0.0,44.24,,1.4
2020-11-16,0.0,0.0,45.86,,1.4
2020-11-17,0.0,0.0,42.62,,1.4
2020-11-18,0.0,0.0,37.94,,1.4
2020-11-19,0.0,0.0,28.4,,1.4
2020-11-20,0.0,0.0,32.0,,1.4
2020-11-21,0.0,0.0,32.36,,1.4
2020-11-22,0.0,0.0,21.38,,1.4
2020-11-23,0.0,0.0,25.7,,1.4
2020-11-24,0.0,0.0,37.76,,1.7
2020-11-25,0.0,2.0,42.26,,1.7
2020-11-26,0.0,2.0,43.88,,1.7
2020-11-27,0.0,12.0,44.78,,1.7
2020-11-28,0.0,12.0,37.4,,1.7
2020-11-29,0.0,10.0,43.52,,1.7
2020-11-30,0.0,20.0,48.38,,1.7
2020-12-01,0.0,22.0,48.92,,1.7
2020-12-02,0.0,29.0,46.04,,1.7
2020-12-03,0.0,26.0,48.38,,1.7
2020-12-04,0.0,27.0,48.02,,1.7
2020-12-05,0.0,31.0,36.32,,1.7
2020-12-06,0.0,30.0,21.56,,1.7
2020-12-07,0.0,28.0,18.32,,1.7
2020-12-08,0.3,27.0,20.3,,1.8
2020-12-09,0.3,26.0,19.76,,2.0
2020-12-10,1.2,25.0,16.52,,2.0
2020-12-11,1.3,26.0,25.34,,2.9
2020-12-12,1.4,29.0,22.46,,3.1
2020-12-13,3.2,28.0,29.84,,3.2
2020-12-14,3.5,27.0,35.24,,4.9
2020-12-15,4.6,27.0,40.28,,5.1
2020-12-16,4.8,27.0,31.82,,6.3
2020-12-17,5.3,27.0,25.16,,6.5
2020-12-18,6.3,27.0,16.88,,6.9
2020-12-19,6.7,27.0,16.34,,8.0
2020-12-20,6.7,27.0,21.74,,8.6
2020-12-21,6.7,27.0,23.54,,8.6
2020-12-22,6.7,27.0,21.92,,8.6
2020-12-23,6.7,27.0,23.54,,8.6
2020-12-24,6.7,26.0,17.96,,8.6
2020-12-25,6.9,26.0,20.3,,8.6
2020-12-26,6.9,26.0,23.18,,8.8
2020-12-27,6.9,26.0,24.44,,8.8
2020-12-28,6.9,25.0,27.5,,8.8
2020-12-29,6.9,25.0,21.02,,8.8
2020-12-30,6.9,28.0,22.46,,8.8
2020-12-31,6.9,28.0,25.16,,8.8
2021-01-01,6.9,30.0,23.18,,8.8
2021-01-02,6.9,32.0,30.56,,8.8
2021-01-03,6.9,34.0,29.84,,8.8
2021-01-04,6.9,33.0,29.84,,8.8
2021-01-05,6.9,34.0,34.88,,8.8
2021-01-06,6.9,36.0,32.54,,8.8
2021-01-07,6.9,35.0,21.74,,8.8
2021-01-08,6.9,37.0,17.78,,8.8
2021-01-09,6.9,37.0,13.28,,8.8
2021-01-10,6.9,37.0,17.6,,8.8
2021-01-11,6.9,36.0,20.48,,8.8
2021-01-12,7.1,40.0,22.1,,8.8
2021-01-13,7.2,40.0,27.5,,8.9
2021-01-14,7.4,40.0,27.68,,8.9
2021-01-15,7.7,40.0,24.26,,9.1
2021-01-16,8.4,45.0,26.96,,9.3
2021-01-17,8.4,46.0,31.28,,9.9
2021-01-18,8.5,44.0,37.76,,9.9
2021-01-19,9.6,45.0,20.84,,10.0
2021-01-20,9.6,54.0,11.84,,11.2
2021-01-21,9.7,58.0,21.92,,11.9
2021-01-22,9.7,57.0,29.12,,12.0
2021-01-23,9.7,55.0,26.96,,12.0
2021-01-24,9.7,58.0,16.88,,12.0
2021-01-25,10.9,55.0,15.62,,12.4
2021-01-26,10.9,53.0,19.22,,13.2
2021-01-27,10.9,52.0,21.56,,13.2
2021-01-28,10.9,51.0,24.98,,13.2
2021-01-29,11.3,59.0,25.16,,13.3
2021-01-30,11.4,61.0,26.42,,13.5
2021-01-31,11.5,60.0,26.6,,13.7
2021-02-01,11.7,57.0,28.4,,13.8
2021-02-02,13.2,57.0,22.64,,14.1
2021-02-03,14.1,57.0,24.08,,15.4
2021-02-04,14.1,56.0,25.7,,16.1
2021-02-05,14.2,56.0,21.92,,16.1
2021-02-06,14.5,55.0,19.04,,16.4
2021-02-07,14.5,56.0,18.86,,16.6
2021-02-08,14.5,56.0,22.46,,16.6
2021-02-09,14.5,56.0,30.92,,16.6
2021-02-10,14.6,56.0,28.22,,16.6
2021-02-11,16.3,55.0,21.74,,16.7
2021-02-12,16.5,54.0,28.22,,17.7
2021-02-13,16.5,60.0,25.52,,18.5
2021-02-14,16.6,64.0,27.86,,18.5
2021-02-15,16.6,69.0,23.36,,18.7
2021-02-16,16.6,68.0,20.12,,18.7
2021-02-17,16.6,66.0,23.18,,18.7
2021-02-18,16.6,65.0,26.42,,18.7
2021-02-19,16.6,69.0,26.24,,18.7
2021-02-20,16.7,67.0,22.46,,18.7
2021-02-21,16.7,67.0,15.98,,18.9
2021-02-22,16.7,68.0,15.98,,18.9
2021-02-23,16.7,67.0,15.98,,18.9
2021-02-24,16.7,66.0,22.1,,18.9
2021-02-25,16.7,65.0,26.96,,18.9
2021-02-26,17.3,64.0,28.76,,18.9
2021-02-27,17.8,64.0,24.44,,19.7
2021-02-28,18.3,66.0,24.26,,20.1
2021-03-01,18.3,69.0,33.98,,20.5
2021-03-02,18.3,73.0,34.52,,20.5
2021-03-03,18.4,76.0,21.38,,20.5
2021-03-04,18.9,80.0,20.48,,20.6
2021-03-05,19.0,83.0,25.52,,20.9
2021-03-06,19.1,82.0,27.14,,21.0
2021-03-07,19.6,83.0,23.36,,21.1
2021-03-08,19.6,88.0,19.58,,21.6
2021-03-09,19.6,86.0,21.02,,21.6
2021-03-10,19.6,85.0,20.84,,21.6
2021-03-11,19.6,84.0,24.08,,21.6
2021-03-12,19.6,84.0,24.26,,21.6
2021-03-13,20.0,83.0,23.0,,21.6
2021-03-14,20.5,84.0,18.32,,22.0
2021-03-15,21.2,92.0,25.34,,22.5
2021-03-16,21.4,92.0,23.72,,23.2
2021-03-17,22.6,,19.58,,23.4
2021-03-18,23.1,89.0,15.62,,24.6
2021-03-19,23.1,87.0,24.8,,25.1
2021-03-20,23.4,85.0,22.1,,25.1
2021-03-21,24.3,83.0,21.56,,25.4
2021-03-22,24.4,82.0,28.76,,26.3
2021-03-23,24.5,79.0,21.2,,26.4
2021-03-24,24.8,79.0,17.78,,26.5
2021-03-25,24.9,79.0,15.62,,26.8
2021-03-26,24.9,78.0,19.22,,26.9
2021-03-27,25.1,78.0,15.98,,26.9
2021-03-28,26.3,77.0,15.26,,27.1
2021-03-29,26.4,76.0,,,27.5
2021-03-30,,76.0,24.8,,27.5
2021-03-31,26.4,75.0,31.28,,
2021-04-01,26.4,74.0,33.44,,27.5
2021-04-02,26.4,73.0,35.6,,27.5
2021-04-03,26.4,71.0,39.2,,27.5
2021-04-04,26.4,70.0,32.72,,27.5
2021-04-05,26.4,69.0,28.4,,27.5
2021-04-06,26.9,69.0,30.38,,27.5
2021-04-07,26.9,69.0,23.9,,27.8
2021-04-08,26.9,69.0,23.36,,27.8
2021-04-09,26.9,71.0,26.78,,27.8
2021-04-10,26.9,70.0,27.68,,27.8
2021-04-11,26.9,71.0,32.9,,27.8
2021-04-12,26.9,72.0,36.68,,27.8
2021-04-13,26.9,71.0,37.4,,27.8
2021-04-14,26.9,70.0,36.68,,27.8
2021-04-15,26.9,68.0,36.14,,27.8
2021-04-16,26.9,68.0,41.36,,27.8
2021-04-17,26.9,68.0,34.52,,27.8
2021-04-18,27.0,66.0,29.12,,27.8
2021-04-19,27.7,64.0,26.42,,27.8
2021-04-20,27.7,62.0,26.6,,28.5
2021-04-21,27.7,60.0,27.32,,28.5
2021-04-22,28.0,58.0,24.98,,28.5
2021-04-23,28.0,56.0,28.22,,28.8
2021-04-24,28.6,55.0,29.66,,28.8
2021-04-25,28.8,53.0,34.52,,29.1
2021-04-26,28.8,52.0,43.7,,29.4
2021-04-27,28.8,51.0,21.02,,29.4
2021-04-28,28.8,49.0,23.54,,29.4
2021-04-29,28.8,48.0,30.74,,29.4
2021-04-30,28.8,48.0,41.36,,29.4
2021-05-01,28.6,47.0,45.5,,29.5
2021-05-02,28.1,46.0,46.76,,29.5
2021-05-03,27.5,44.0,45.86,,29.5
2021-05-04,26.8,42.0,34.16,,29.5
2021-05-05,26.0,41.0,35.6,,29.5
2021-05-06,25.3,39.0,40.28,,29.5
2021-05-07,25.0,36.0,30.56,,29.5
2021-05-08,24.3,34.0,32.18,,29.5
2021-05-09,23.8,32.0,33.98,,29.5
2021-05-10,23.6,31.0,26.78,,29.5
2021-05-11,23.2,29.0,29.12,,29.5
2021-05-12,23.1,28.0,33.44,,29.5
2021-05-13,22.8,31.0,32.36,,29.5
2021-05-14,22.4,30.0,35.6,,29.5
2021-05-15,21.8,29.0,37.22,,29.5
2021-05-16,21.2,27.0,40.82,,29.5
2021-05-17,20.3,25.0,44.06,,29.5
2021-05-18,19.4,21.0,40.82,,29.5
2021-05-19,18.0,19.0,36.68,,29.5
2021-05-20,16.6,15.0,39.02,,29.5
2021-05-21,15.8,13.0,39.2,,29.5
2021-05-22,14.9,12.0,39.38,,29.5
2021-05-23,13.9,9.0,36.5,,29.5
2021-05-24,13.4,4.0,32.54,,29.5
2021-05-25,13.4,2.0,32.54,,29.5
2021-05-26,13.7,0.0,38.12,,30.2
2021-05-27,13.7,0.0,44.78,,30.6
2021-05-28,13.2,0.0,51.08,,30.7
2021-05-29,12.1,0.0,53.96,,30.9
2021-05-30,10.6,0.0,46.58,,30.9
2021-05-31,9.2,0.0,42.26,,30.9
2021-06-01,7.8,0.0,41.72,,30.9
2021-06-02,6.7,0.0,42.62,,30.9
2021-06-03,6.1,0.0,46.4,,30.9
2021-06-04,5.1,0.0,55.76,,30.9
2021-06-05,3.9,0.0,43.52,,30.9
2021-06-06,2.4,0.0,33.26,,30.9
2021-06-07,0.9,0.0,36.32,,30.9
2021-06-08,0.0,0.0,37.4,,30.9
2021-06-09,0.0,0.0,42.62,,30.9
2021-06-10,0.0,0.0,49.28,,30.9
2021-06-11,0.0,0.0,54.14,,30.9
2021-06-12,0.0,0.0,51.08,,30.9
2021-06-13,0.0,0.0,52.52,,30.9
2021-06-14,0.0,0.0,56.84,,30.9
2021-06-15,0.0,0.0,57.38,,30.9
2021-06-16,0.0,0.0,51.62,,30.9
2021-06-17,0.0,0.0,42.44,,30.9
2021-06-18,0.0,0.0,37.94,,30.9
2021-06-19,0.0,0.0,39.92,,30.9
2021-06-20,0.0,0.0,38.3,,31.0
2021-06-21,0.0,0.0,38.3,,31.1
2021-06-22,0.0,0.0,41.0,,31.1
2021-06-23,0.0,0.0,41.0,,31.4
2021-06-24,0.0,0.0,42.98,,31.5
2021-06-25,0.0,0.0,51.98,,31.6
2021-06-26,0.0,0.0,48.02,,32.1
2021-06-27,0.0,0.0,50.72,,32.1
2021-06-28,0.0,0.0,56.48,,32.1
2021-06-29,0.0,0.0,60.44,,32.1
2021-06-30,0.0,0.0,62.96,,32.1
2021-07-01,0.0,0.0,68.0,,32.1
2021-07-02,0.0,0.0,71.06,,32.1
2021-07-03,0.0,0.0,67.64,,32.1
2021-07-04,0.0,0.0,59.72,,32.1
2021-07-05,0.0,0.0,49.64,,32.1
2021-07-06,0.0,0.0,53.06,,32.1
2021-07-07,0.0,0.0,57.38,,32.1
2021-07-08,0.0,0.0,56.84,,32.1
2021-07-09,0.0,0.0,37.22,,32.1
2021-07-10,0.0,0.0,46.58,,32.1
2021-07-11,0.0,0.0,57.02,,32.1
2021-07-12,0.0,0.0,68.54,,32.6
2021-07-13,0.0,0.0,68.54,,32.6
2021-07-14,0.0,0.0,62.06,,32.6
2021-07-15,0.0,0.0,57.2,,32.6
2021-07-16,0.0,0.0,60.8,,32.6
2021-07-17,0.0,0.0,64.94,,32.6
2021-07-18,0.0,0.0,65.66,,32.6
2021-07-19,0.0,0.0,62.96,,32.6
2021-07-20,0.0,0.0,65.66,,32.6
2021-07-21,0.0,0.0,68.18,,32.6
2021-07-22,0.0,0.0,63.14,,32.6
2021-07-23,0.0,0.0,65.12,,32.6
2021-07-24,0.0,0.0,64.94,,32.6
2021-07-25,0.0,0.0,68.54,,32.6
2021-07-26,0.0,0.0,71.06,,32.6
2021-07-27,0.0,0.0,72.5,,32.6
2021-07-28,0.0,0.0,73.58,,32.6
2021-07-29,0.0,0.0,71.06,,32.6
2021-07-30,0.0,0.0,65.84,,32.6
2021-07-31,0.0,0.0,69.8,,32.6
2021-08-01,0.0,0.0,69.62,,32.6
2021-08-02,0.0,0.0,69.98,,32.6
2021-08-03,0.0,0.0,69.44,,32.6
2021-08-04,0.0,0.0,73.22,,32.8
2021-08-05,0.0,0.0,70.7,,32.8
2021-08-06,0.0,0.0,68.54,,32.8
2021-08-07,0.0,0.0,68.36,,32.8
2021-08-08,0.0,0.0,71.6,,32.8
2021-08-09,0.0,0.0,71.96,,32.8
2021-08-10,0.0,0.0,71.96,,32.8
2021-08-11,0.0,0.0,69.98,,32.8
2021-08-12,0.0,0.0,69.44,,32.8
2021-08-13,0.0,0.0,70.16,,32.8
2021-08-14,0.0,0.0,68.54,,32.8
2021-08-15,0.0,0.0,69.44,,32.8
2021-08-16,0.0,0.0,73.4,,32.8
2021-08-17,0.0,0.0,67.64,,32.8
2021-08-18,0.0,0.0,64.94,,32.8
2021-08-19,0.0,0.0,67.82,,32.8
2021-08-20,0.0,0.0,67.1,,32.8
2021-08-21,0.0,0.0,66.2,,32.8
2021-08-22,0.0,0.0,69.98,,32.8
2021-08-23,0.0,0.0,71.24,,32.8
2021-08-24,0.0,0.0,75.2,,32.8
2021-08-25,0.0,0.0,70.7,,32.8
2021-08-26,0.0,0.0,68.54,,32.8
2021-08-27,0.0,0.0,72.5,,32.8
2021-08-28,0.0,0.0,72.32,,32.8
2021-08-29,0.0,0.0,65.66,,32.8
2021-08-30,0.0,0.0,60.44,,32.8
2021-08-31,0.0,0.0,64.04,,32.8
2021-09-01,0.0,0.0,68.18,,33.4
2021-09-02,0.0,0.0,70.7,,33.6
2021-09-03,0.0,0.0,69.98,,33.6
2021-09-04,0.0,0.0,59.54,,33.6
2021-09-05,0.0,0.0,62.96,,33.6
2021-09-06,0.0,0.0,60.44,,33.6
2021-09-07,0.0,0.0,56.66,,33.6
2021-09-08,0.0,0.0,63.32,,33.6
2021-09-09,0.0,0.0,71.42,,33.6
2021-09-10,0.0,0.0,74.48,,33.6
2021-09-11,0.0,0.0,73.04,,33.6
2021-09-12,0.0,0.0,71.06,,33.6
2021-09-13,0.0,0.0,71.6,,33.6
2021-09-14,0.0,0.0,71.6,,33.6
2021-09-15,0.0,0.0,60.44,,33.6
2021-09-16,0.0,0.0,51.44,,33.6
2021-09-17,0.0,0.0,53.24,,33.6
2021-09-18,0.0,0.0,57.74,,33.6
2021-09-19,0.0,0.0,52.88,,33.6
2021-09-20,0.0,0.0,52.7,,33.6
2021-09-21,0.0,0.0,56.66,,33.6
2021-09-22,0.0,0.0,57.74,,33.6
2021-09-23,0.0,0.0,59.54,,33.6
2021-09-24,0.0,0.0,57.38,,33.6
2021-09-25,0.0,0.0,55.22,,33.6
2021-09-26,0.0,0.0,57.2,,33.6
2021-09-27,0.0,0.0,60.8,,33.6
2021-09-28,0.0,0.0,62.6,,33.6
2021-09-29,0.0,0.0,57.38,,33.6
2021-09-30,0.0,0.0,53.78,,33.6
2021-10-01,0.0,0.0,54.86,,33.6
2021-10-02,0.0,0.0,54.32,,33.6
2021-10-03,0.0,0.0,59.0,,33.6
2021-10-04,0.0,0.0,63.86,,33.6
2021-10-05,0.0,0.0,65.3,,33.6
2021-10-06,0.0,0.0,67.1,,33.6
2021-10-07,0.0,0.0,69.08,,33.6
2021-10-08,0.0,0.0,69.44,,33.6
2021-10-09,0.0,0.0,58.64,,33.6
2021-10-10,0.0,0.0,52.88,,33.6
2021-10-11,0.0,0.0,54.68,,33.6
2021-10-12,0.0,0.0,55.4,,33.7
2021-10-13,0.0,0.0,54.86,,33.7
2021-10-14,0.0,0.0,57.38,,33.7
2021-10-15,0.0,0.0,51.08,,33.7
2021-10-16,0.0,0.0,55.76,,33.7
2021-10-17,0.0,0.0,54.68,,33.7
2021-10-18,0.0,0.0,39.02,,33.7
2021-10-19,0.0,0.0,39.38,,33.7
2021-10-20,0.0,0.0,48.56,,33.8
2021-10-21,0.0,0.0,55.04,,34.1
2021-10-22,0.0,0.0,52.88,,34.1
2021-10-23,0.0,0.0,55.94,,34.1
2021-10-24,0.0,0.0,59.72,,34.1
2021-10-25,0.0,0.0,59.18,,34.1
2021-10-26,0.0,0.0,59.0,,34.1
2021-10-27,0.0,0.0,37.04,,34.1
2021-10-28,0.0,0.0,39.2,,34.1
2021-10-29,0.0,0.0,45.68,,34.1
2021-10-30,0.0,0.0,49.1,,34.4
2021-10-31,0.0,0.0,51.08,,34.4
2021-11-01,0.0,0.0,53.24,,0.0
2021-11-02,0.0,0.0,56.66,,0.0
2021-11-03,0.0,0.0,57.56,,0.0
2021-11-04,0.0,0.0,51.44,,0.0
2021-11-05,0.0,0.0,45.86,,0.0
2021-11-06,0.0,0.0,42.8,,0.0
2021-11-07,0.0,0.0,40.64,,0.0
2021-11-08,0.0,0.0,39.02,,0.0
2021-11-09,0.0,0.0,30.92,,0.2
2021-11-10,0.0,0.0,29.12,,0.4
2021-11-11,0.0,0.0,28.04,,0.5
2021-11-12,0.0,0.0,30.02,,0.5
2021-11-13,0.0,0.0,38.12,,0.5
2021-11-14,0.0,0.0,44.78,,0.5
2021-11-15,0.0,0.0,49.28,,0.5
2021-11-16,0.0,0.0,45.86,,0.6
2021-11-17,0.0,0.0,44.06,,0.6
2021-11-18,0.0,0.0,45.5,,0.6
2021-11-19,0.0,0.0,48.2,,0.6
2021-11-20,0.0,0.0,44.78,,0.6
2021-11-21,0.0,0.0,34.34,,0.6
2021-11-22,0.0,0.0,35.24,,0.6
2021-11-23,0.0,0.0,33.26,,1.2
2021-11-24,0.0,0.0,31.64,,1.3
2021-11-25,0.0,0.0,36.5,,2.9
2021-11-26,0.0,0.0,40.82,,4.5
2021-11-27,0.0,6.0,45.86,,4.8
2021-11-28,0.0,5.0,42.98,,4.9
2021-11-29,0.0,7.0,41.18,,4.9
2021-11-30,0.0,5.0,38.12,,4.9
2021-12-01,0.0,4.0,37.94,,4.9
2021-12-02,0.0,4.0,40.28,,5.1
2021-12-03,0.0,4.0,42.08,,5.6
2021-12-04,0.0,4.0,38.84,,5.7
2021-12-05,0.0,3.0,33.8,,5.7
2021-12-06,0.0,4.0,25.52,,5.9
2021-12-07,0.0,7.0,24.08,,6.0
2021-12-08,0.0,7.0,31.64,,6.3
2021-12-09,0.0,6.0,24.8,,6.3
2021-12-10,1.3,6.0,30.38,,6.4
2021-12-11,1.3,12.0,39.38,,7.5
2021-12-12,1.7,12.0,39.2,,7.5
2021-12-13,1.6,11.0,42.08,,7.9
2021-12-14,1.4,11.0,43.16,,8.0
2021-12-15,1.3,10.0,26.6,,8.1
2021-12-16,1.2,10.0,21.92,,8.1
2021-12-17,1.2,10.0,30.38,,8.1
2021-12-18,1.1,10.0,31.82,,8.1
2021-12-19,1.5,10.0,27.5,,8.1
2021-12-20,1.9,10.0,26.24,,8.3
2021-12-21,1.9,10.0,32.36,,8.8
2021-12-22,1.9,10.0,27.5,,8.8
2021-12-23,1.9,10.0,19.76,,8.8
2021-12-24,2.7,11.0,28.22,,8.8
2021-12-25,2.8,11.0,33.8,,9.4
2021-12-26,2.8,11.0,35.6,,9.6
2021-12-27,2.8,12.0,40.82,,9.6
2021-12-28,2.8,15.0,36.86,,9.6
2021-12-29,2.8,24.0,34.34,,9.6
2021-12-30,2.8,30.0,41.0,,9.6
2021-12-31,2.8,31.0,41.18,,9.6
2022-01-01,2.8,34.0,36.5,,9.6
2022-01-02,2.8,34.0,40.28,,9.6
2022-01-03,2.8,39.0,30.38,,9.6
2022-01-04,2.8,36.0,25.7,,9.6
2022-01-05,2.8,34.0,29.3,,9.6
2022-01-06,3.1,39.0,28.22,,9.6
2022-01-07,3.2,37.0,17.24,,9.8
2022-01-08,3.2,36.0,17.06,,9.9
2022-01-09,3.3,36.0,21.38,,9.9
2022-01-10,3.6,46.0,28.04,,10.0
2022-01-11,4.3,48.0,31.46,,10.2
2022-01-12,5.0,52.0,25.16,,10.9
2022-01-13,5.3,58.0,12.56,,11.7
2022-01-14,6.0,58.0,20.48,,12.1
2022-01-15,6.0,60.0,18.68,,12.5
2022-01-16,6.7,61.0,21.2,,12.5
2022-01-17,6.8,67.0,28.22,,13.2
2022-01-18,6.8,68.0,29.3,,13.3
2022-01-19,7.3,62.0,27.5,,13.5
2022-01-20,7.5,61.0,28.76,,13.8
2022-01-21,7.5,62.0,29.3,,14.2
2022-01-22,7.9,69.0,20.84,,14.3
2022-01-23,9.3,78.0,20.66,,14.7
2022-01-24,9.7,75.0,15.62,,15.4
2022-01-25,10.3,76.0,10.94,,15.7
2022-01-26,11.0,72.0,7.88,,16.0
2022-01-27,11.2,70.0,12.74,,16.4
2022-01-28,11.4,68.0,14.72,,16.7
2022-01-29,11.9,66.0,10.94,,16.7
2022-01-30,12.8,66.0,3.38,,17.2
2022-01-31,13.3,64.0,16.34,,18.0
2022-02-01,13.3,63.0,24.44,,18.7
2022-02-02,13.3,62.0,21.92,,18.7
2022-02-03,13.9,61.0,24.26,,18.7
2022-02-04,14.7,61.0,29.84,,19.6
2022-02-05,16.2,59.0,28.76,,20.6
2022-02-06,17.3,58.0,18.32,,21.8
2022-02-07,18.3,64.0,16.34,,23.2
2022-02-08,18.3,62.0,22.46,,24.1
2022-02-09,18.3,61.0,26.42,,24.1
2022-02-10,18.3,60.0,30.74,,24.1
2022-02-11,18.3,58.0,33.98,,24.1
2022-02-12,18.3,58.0,29.3,,24.1
2022-02-13,18.3,58.0,26.24,,24.1
2022-02-14,18.3,58.0,25.88,,24.1
2022-02-15,18.3,58.0,27.32,,24.1
2022-02-16,18.3,58.0,25.16,,24.1
2022-02-17,18.3,57.0,23.54,,24.1
2022-02-18,18.3,57.0,24.8,,24.1
2022-02-19,18.3,57.0,24.26,,24.1
2022-02-20,18.9,57.0,22.46,,24.1
2022-02-21,18.9,57.0,25.88,,24.8
2022-02-22,18.9,57.0,23.72,,24.8
2022-02-23,18.9,57.0,21.2,,24.8
2022-02-24,18.9,57.0,20.12,,24.8
2022-02-25,18.9,57.0,17.78,,24.8
2022-02-26,18.9,56.0,21.74,,24.8
2022-02-27,18.9,56.0,24.8,,24.8
2022-02-28,18.9,55.0,25.7,,24.8
2022-03-01,18.9,55.0,19.4,,24.8
2022-03-02,18.9,54.0,13.46,,24.8
2022-03-03,18.9,54.0,11.12,,24.8
2022-03-04,18.9,55.0,15.62,,24.8
2022-03-05,18.9,56.0,22.1,,24.8
2022-03-06,18.9,55.0,25.52,,24.8
2022-03-07,18.9,55.0,27.14,,24.8
2022-03-08,18.9,55.0,30.02,,24.9
2022-03-09,18.8,54.0,29.66,,24.9
2022-03-10,18.8,53.0,35.24,,24.9
2022-03-11,18.8,53.0,35.24,,24.9
2022-03-12,18.8,52.0,34.34,,24.9
2022-03-13,18.8,52.0,30.38,,24.9
2022-03-14,18.8,55.0,32.54,,24.9
2022-03-15,18.8,55.0,33.8,,24.9
2022-03-16,18.8,55.0,25.88,,24.9
2022-03-17,18.9,54.0,23.72,,24.9
2022-03-18,19.0,,23.54,,25.0
2022-03-19,19.0,53.0,29.3,,25.1
2022-03-20,19.0,52.0,33.44,,25.1
2022-03-21,19.1,51.0,26.42,,25.1
2022-03-22,19.2,49.0,15.44,,25.1
2022-03-23,19.2,49.0,12.92,,25.1
2022-03-24,19.2,49.0,10.22,,25.1
2022-03-25,19.2,49.0,9.32,,25.1
2022-03-26,19.2,49.0,8.06,,25.1
2022-03-27,19.2,50.0,15.62,,25.1
2022-03-28,19.3,49.0,26.6,,25.1
2022-03-29,19.3,49.0,36.5,,25.2
2022-03-30,19.3,49.0,,,25.3
2022-03-31,,49.0,37.94,,25.3
2022-04-01,19.3,51.0,42.98,,
2022-04-02,20.1,50.0,41.9,,25.4
2022-04-03,20.1,54.0,31.46,,25.6
2022-04-04,20.1,53.0,28.4,,25.6
2022-04-05,20.1,52.0,23.0,,25.6
2022-04-06,20.1,51.0,23.0,,25.6
2022-04-07,20.1,51.0,25.16,,25.6
2022-04-08,20.1,51.0,17.24,,25.6
2022-04-09,20.2,50.0,14.0,,25.6
2022-04-10,20.2,49.0,25.52,,25.7
2022-04-11,20.2,48.0,37.4,,25.7
2022-04-12,20.3,46.0,28.76,,25.7
2022-04-13,20.3,45.0,32.36,,25.8
2022-04-14,20.9,43.0,33.08,,25.8
2022-04-15,20.9,42.0,28.76,,26.1
2022-04-16,21.7,40.0,28.76,,26.2
2022-04-17,21.7,39.0,35.06,,26.8
2022-04-18,21.7,38.0,37.22,,26.8
2022-04-19,21.5,38.0,26.24,,26.9
2022-04-20,21.4,37.0,28.22,,26.9
2022-04-21,21.0,35.0,36.68,,27.0
2022-04-22,21.0,33.0,42.26,,27.0
2022-04-23,20.8,40.0,43.88,,27.0
2022-04-24,20.1,40.0,44.06,,27.0
2022-04-25,19.4,39.0,45.5,,27.1
2022-04-26,19.0,35.0,45.68,,27.1
2022-04-27,18.5,33.0,41.72,,27.1
2022-04-28,18.1,32.0,40.1,,27.1
2022-04-29,17.7,35.0,35.24,,27.1
2022-04-30,17.1,42.0,30.02,,27.1
2022-05-01,16.7,47.0,32.36,,27.1
2022-05-02,16.4,49.0,33.44,,27.1
2022-05-03,16.2,50.0,35.06,,27.1
2022-05-04,16.0,48.0,32.0,,27.1
2022-05-05,15.8,48.0,23.36,,27.1
2022-05-06,17.1,46.0,27.86,,27.1
2022-05-07,17.1,42.0,40.82,,28.3
2022-05-08,17.1,41.0,44.78,,28.5
2022-05-09,16.6,40.0,26.78,,28.5
2022-05-10,15.7,39.0,20.84,,28.5
2022-05-11,15.2,38.0,21.2,,28.5
2022-05-12,15.4,37.0,19.4,,28.5
2022-05-13,16.5,36.0,20.3,,28.7
2022-05-14,17.2,35.0,23.72,,29.4
2022-05-15,17.7,34.0,23.54,,30.0
2022-05-16,18.2,33.0,27.32,,30.3
2022-05-17,18.3,33.0,29.48,,30.6
2022-05-18,18.8,32.0,41.18,,30.8
2022-05-19,18.8,32.0,31.64,,31.1
2022-05-20,18.7,29.0,36.32,,31.2
2022-05-21,18.7,33.0,33.8,,31.2
2022-05-22,18.7,30.0,34.88,,31.4
2022-05-23,18.6,27.0,34.16,,31.5
2022-05-24,18.4,25.0,37.76,,32.0
2022-05-25,18.0,23.0,41.72,,32.0
2022-05-26,17.7,23.0,37.94,,32.0
2022-05-27,17.1,23.0,37.76,,32.0
2022-05-28,16.7,38.0,32.36,,32.1
2022-05-29,16.2,31.0,32.72,,32.3
2022-05-30,16.2,29.0,32.72,,32.3
2022-05-31,15.9,27.0,41.18,,32.5
2022-06-01,16.1,27.0,36.14,,32.6
2022-06-02,14.9,26.0,38.3,,32.9
2022-06-03,14.7,21.0,45.5,,33.0
2022-06-04,14.4,18.0,45.32,,33.4
2022-06-05,13.4,14.0,43.88,,33.9
2022-06-06,12.5,12.0,32.18,,33.9
2022-06-07,11.3,9.0,29.66,,34.1
2022-06-08,11.3,8.0,25.16,,34.3
2022-06-09,11.3,7.0,28.76,,34.7
2022-06-10,12.9,5.0,33.44,,34.9
2022-06-11,12.9,2.0,36.86,,36.1
2022-06-12,12.8,0.0,37.76,,36.1
2022-06-13,12.8,0.0,40.64,,36.1
2022-06-14,12.5,0.0,50.36,,36.5
2022-06-15,12.0,0.0,51.08,,36.7
2022-06-16,10.6,0.0,48.02,,37.1
2022-06-17,8.8,0.0,48.02,,37.1
2022-06-18,7.2,0.0,33.8,,37.1
2022-06-19,6.0,0.0,37.4,,37.1
2022-06-20,5.1,0.0,37.22,,37.1
2022-06-21,4.3,0.0,40.1,,37.1
2022-06-22,3.8,0.0,42.62,,37.1
2022-06-23,2.2,0.0,46.58,,37.1
2022-06-24,0.9,0.0,53.78,,37.1
2022-06-25,0.0,0.0,58.82,,37.1
2022-06-26,0.0,0.0,49.64,,37.1
2022-06-27,0.0,0.0,42.8,,37.1
2022-06-28,0.0,0.0,35.6,,37.3
2022-06-29,0.0,0.0,36.5,,37.6
2022-06-30,0.0,0.0,41.18,,37.9
2022-07-01,0.0,0.0,48.56,,38.4
2022-07-02,0.0,0.0,53.42,,39.0
2022-07-03,0.0,0.0,57.2,,39.0
2022-07-04,0.0,0.0,47.12,,39.1
2022-07-05,0.0,0.0,45.86,,39.1
2022-07-06,0.0,0.0,40.82,,39.2
2022-07-07,0.0,0.0,55.22,,39.4
2022-07-08,0.0,0.0,55.22,,40.3
2022-07-09,0.0,0.0,50.72,,40.3
2022-07-10,0.0,0.0,57.38,,40.3
2022-07-11,0.0,0.0,61.88,,40.3
2022-07-12,0.0,0.0,59.72,,40.3
2022-07-13,0.0,0.0,46.22,,40.3
2022-07-14,0.0,0.0,35.96,,40.3
2022-07-15,0.0,0.0,36.5,,41.8
2022-07-16,0.0,0.0,46.76,,41.8
2022-07-17,0.0,0.0,63.32,,41.8
2022-07-18,0.0,0.0,55.94,,41.9
2022-07-19,0.0,0.0,51.62,,41.9
2022-07-20,0.0,0.0,43.16,,41.9
2022-07-21,0.0,0.0,45.68,,41.9
2022-07-22,0.0,0.0,53.6,,42.1
2022-07-23,0.0,0.0,59.0,,42.1
2022-07-24,0.0,0.0,61.16,,42.1
2022-07-25,0.0,0.0,55.94,,42.1
2022-07-26,0.0,0.0,57.02,,42.1
2022-07-27,0.0,0.0,62.24,,42.1
2022-07-28,0.0,0.0,67.82,,42.1
2022-07-29,0.0,0.0,68.9,,42.1
2022-07-30,0.0,0.0,59.18,,42.1
2022-07-31,0.0,0.0,60.98,,42.1
2022-08-01,0.0,0.0,63.86,,42.2
2022-08-02,0.0,0.0,65.48,,42.2
2022-08-03,0.0,0.0,62.24,,42.2
2022-08-04,0.0,0.0,55.76,,42.2
2022-08-05,0.0,0.0,59.72,,42.2
2022-08-06,0.0,0.0,64.94,,42.2
2022-08-07,0.0,0.0,66.38,,42.2
2022-08-08,0.0,0.0,66.38,,42.2
2022-08-09,0.0,0.0,65.48,,42.2
2022-08-10,0.0,0.0,62.24,,42.2
2022-08-11,0.0,0.0,63.68,,42.2
2022-08-12,0.0,0.0,67.46,,42.2
2022-08-13,0.0,0.0,68.0,,42.2
2022-08-14,0.0,0.0,70.34,,42.2
2022-08-15,0.0,0.0,70.16,,42.2
2022-08-16,0.0,0.0,69.98,,42.2
2022-08-17,0.0,0.0,70.16,,42.2
2022-08-18,0.0,0.0,64.04,,42.2
2022-08-19,0.0,0.0,64.04,,42.2
2022-08-20,0.0,0.0,68.18,,42.2
2022-08-21,0.0,0.0,68.72,,42.2
2022-08-22,0.0,0.0,66.92,,42.2
2022-08-23,0.0,0.0,65.3,,42.2
2022-08-24,0.0,0.0,65.3,,42.2
2022-08-25,0.0,0.0,67.64,,42.2
2022-08-26,0.0,0.0,71.06,,42.2
2022-08-27,0.0,0.0,72.32,,42.2
2022-08-28,0.0,0.0,73.94,,42.2
2022-08-29,0.0,0.0,71.6,,42.2
2022-08-30,0.0,0.0,72.32,,42.2
2022-08-31,0.0,0.0,73.94,,42.2
2022-09-01,0.0,0.0,73.94,,42.2
2022-09-02,0.0,0.0,63.32,,42.2
2022-09-03,0.0,0.0,65.12,,42.2
2022-09-04,0.0,0.0,69.62,,42.2
2022-09-05,0.0,0.0,67.82,,42.2
2022-09-06,0.0,0.0,63.32,,42.2
2022-09-07,0.0,0.0,62.6,,42.2
2022-09-08,0.0,0.0,68.36,,42.2
2022-09-09,0.0,0.0,70.16,,42.2
2022-09-10,0.0,0.0,64.4,,42.2
2022-09-11,0.0,0.0,67.64,,42.2
2022-09-12,0.0,0.0,66.38,,42.2
2022-09-13,0.0,0.0,67.82,,42.2
2022-09-14,0.0,0.0,66.2,,42.2
2022-09-15,0.0,0.0,68.0,,42.2
2022-09-16,0.0,0.0,70.16,,42.2
2022-09-17,0.0,0.0,73.04,,42.2
2022-09-18,0.0,0.0,72.5,,42.2
2022-09-19,0.0,0.0,65.12,,42.2
2022-09-20,0.0,0.0,63.5,,42.2
2022-09-21,0.0,0.0,67.64,,42.2
2022-09-22,0.0,0.0,68.36,,42.2
2022-09-23,0.0,0.0,67.1,,42.2
2022-09-24,0.0,0.0,69.44,,42.2
2022-09-25,0.0,0.0,67.64,,42.2
2022-09-26,0.0,0.0,65.84,,42.2
2022-09-27,0.0,0.0,60.8,,42.2
2022-09-28,0.0,0.0,58.46,,42.2
2022-09-29,0.0,0.0,64.04,,42.2
2022-09-30,0.0,0.0,68.9,,42.2
2022-10-01,0.0,0.0,73.22,,42.2
2022-10-02,0.0,0.0,69.98,,42.2
2022-10-03,0.0,0.0,68.36,,42.2
2022-10-04,0.0,0.0,72.68,,42.2
2022-10-05,0.0,0.0,68.9,,42.2
2022-10-06,0.0,0.0,68.36,,42.2
2022-10-07,0.0,0.0,73.22,,42.2
2022-10-08,0.0,0.0,73.4,,42.2
2022-10-09,0.0,0.0,60.98,,42.2
2022-10-10,0.0,0.0,52.88,,42.2
2022-10-11,0.0,0.0,57.02,,42.2
2022-10-12,0.0,0.0,61.52,,42.2
2022-10-13,0.0,0.0,63.68,,42.2
2022-10-14,0.0,0.0,53.96,,42.2
2022-10-15,0.0,0.0,56.12,,42.2
2022-10-16,0.0,0.0,51.8,,42.3
2022-10-17,0.0,0.0,48.38,,42.3
2022-10-18,0.0,0.0,50.36,,43.1
2022-10-19,0.0,0.0,53.06,,43.1
2022-10-20,0.0,0.0,55.22,,43.3
2022-10-21,0.0,0.0,57.92,,43.3
2022-10-22,0.0,0.0,54.14,,43.3
2022-10-23,0.0,0.0,44.06,,43.3
2022-10-24,0.0,0.0,48.02,,43.3
2022-10-25,0.0,0.0,53.24,,43.3
2022-10-26,0.0,0.0,64.04,,43.3
2022-10-27,0.0,0.0,62.06,,43.3
2022-10-28,0.0,0.0,62.96,,43.3
2022-10-29,0.0,0.0,50.9,,43.3
2022-10-30,0.0,0.0,44.06,,43.3
2022-10-31,0.0,0.0,47.84,,43.3
2022-11-01,0.0,0.0,47.3,,43.3
2022-11-02,0.0,0.0,51.08,,0.0
2022-11-03,0.0,0.0,53.06,,0.0
2022-11-04,0.0,0.0,54.68,,0.0
2022-11-05,0.0,0.0,55.94,,0.0
2022-11-06,0.0,0.0,55.94,,0.0
2022-11-07,0.0,0.0,53.96,,0.0
2022-11-08,0.0,0.0,51.98,,0.0
2022-11-09,0.0,0.0,50.72,,0.0
2022-11-10,0.0,0.0,50.9,,0.0
2022-11-11,0.0,0.0,51.98,,0.0
2022-11-12,0.0,2.0,53.42,,0.0
2022-11-13,0.0,2.0,53.6,,0.0
2022-11-14,0.0,4.0,52.52,,0.0
2022-11-15,0.0,4.0,50.72,,0.0
2022-11-16,0.0,3.0,52.88,,0.0
2022-11-17,0.0,4.0,53.78,,0.0
2022-11-18,0.0,3.0,53.42,,0.0
2022-11-19,0.0,3.0,51.26,,0.0
2022-11-20,0.0,7.0,46.58,,0.0
2022-11-21,0.0,6.0,31.46,,0.0
2022-11-22,0.0,5.0,26.24,,0.0
2022-11-23,0.0,16.0,26.6,,0.5
2022-11-24,0.0,18.0,29.48,,1.8
2022-11-25,0.5,16.0,26.42,,1.8
2022-11-26,0.5,20.0,24.08,,2.4
2022-11-27,0.8,21.0,31.64,,2.4
2022-11-28,0.8,27.0,35.24,,2.7
2022-11-29,0.8,25.0,36.5,,2.7
2022-11-30,0.9,24.0,41.72,,2.9
2022-12-01,0.9,23.0,40.64,,2.9
2022-12-02,0.9,22.0,22.46,,2.9
2022-12-03,1.1,22.0,19.58,,2.9
2022-12-04,1.1,22.0,26.42,,3.1
2022-12-05,1.1,22.0,28.76,,3.2
2022-12-06,3.1,22.0,25.34,,3.4
2022-12-07,4.3,22.0,25.7,,5.0
2022-12-08,4.5,22.0,24.44,,6.5
2022-12-09,4.9,22.0,22.64,,6.7
2022-12-10,5.0,22.0,13.1,,6.9
2022-12-11,5.8,21.0,13.82,,7.2
2022-12-12,5.7,22.0,21.2,,7.7
2022-12-13,5.7,22.0,21.38,,7.7
2022-12-14,5.7,22.0,18.68,,7.7
2022-12-15,5.6,23.0,20.3,,7.7
2022-12-16,5.6,27.0,22.1,,7.7
2022-12-17,5.6,26.0,21.02,,7.7
2022-12-18,5.6,27.0,16.16,,7.7
2022-12-19,5.6,35.0,17.78,,7.7
2022-12-20,5.6,44.0,22.46,,7.7
2022-12-21,5.6,40.0,23.9,,7.7
2022-12-22,5.6,39.0,27.14,,7.7
2022-12-23,5.6,42.0,26.42,,7.7
2022-12-24,5.6,41.0,27.32,,7.7
2022-12-25,5.7,40.0,34.7,,7.9
2022-12-26,5.7,38.0,27.5,,7.9
2022-12-27,5.7,36.0,23.9,,7.9
2022-12-28,5.9,43.0,17.96,,7.9
2022-12-29,6.3,53.0,12.2,,7.9
2022-12-30,6.6,53.0,22.1,,8.4
2022-12-31,6.6,50.0,22.64,,8.5
2023-01-01,7.4,50.0,12.74,,8.5
2023-01-02,8.6,49.0,14.54,,9.3
2023-01-03,8.6,47.0,26.6,,10.1
2023-01-04,8.7,46.0,25.16,,10.2
2023-01-05,9.3,44.0,23.9,,10.4
2023-01-06,9.3,46.0,17.24,,11.2
2023-01-07,9.3,44.0,19.76,,11.2
2023-01-08,9.3,48.0,19.04,,11.2
2023-01-09,9.3,49.0,26.42,,11.2
2023-01-10,9.7,48.0,28.76,,11.2
2023-01-11,10.5,51.0,24.8,,11.6
2023-01-12,11.1,50.0,23.0,,12.4
2023-01-13,11.3,48.0,19.58,,12.9
2023-01-14,11.3,47.0,12.74,,13.0
2023-01-15,11.3,48.0,8.24,,13.0
2023-01-16,11.3,51.0,6.98,,13.0
2023-01-17,11.3,50.0,13.1,,13.0
2023-01-18,11.3,57.0,15.98,,13.0
2023-01-19,11.3,55.0,22.64,,13.0
2023-01-20,11.5,55.0,16.88,,13.0
2023-01-21,12.1,53.0,2.48,,13.2
2023-01-22,12.3,52.0,19.4,,13.8
2023-01-23,12.3,51.0,30.56,,13.9
2023-01-24,13.0,53.0,33.8,,14.0
2023-01-25,13.2,54.0,38.48,,14.7
2023-01-26,13.4,52.0,32.9,,14.9
2023-01-27,13.4,57.0,22.46,,15.0
2023-01-28,14.3,63.0,19.22,,15.0
2023-01-29,14.5,61.0,26.96,,16.2
2023-01-30,14.5,62.0,24.98,,16.5
2023-01-31,15.4,61.0,19.4,,16.6
2023-02-01,15.6,63.0,14.54,,17.4
2023-02-02,15.6,65.0,16.34,,17.7
2023-02-03,15.6,65.0,24.26,,17.7
2023-02-04,15.6,64.0,30.56,,17.7
2023-02-05,15.6,61.0,27.86,,17.7
2023-02-06,15.6,61.0,23.18,,17.8
2023-02-07,15.7,63.0,27.14,,18.1
2023-02-08,15.7,61.0,26.6,,18.1
2023-02-09,16.0,60.0,26.24,,18.2
2023-02-10,16.7,62.0,27.14,,18.4
2023-02-11,16.9,60.0,30.56,,19.0
2023-02-12,17.1,60.0,36.14,,19.2
2023-02-13,17.1,60.0,31.82,,19.5
2023-02-14,17.7,59.0,27.86,,19.5
2023-02-15,18.3,60.0,21.38,,19.9
2023-02-16,18.4,63.0,19.58,,20.5
2023-02-17,18.4,62.0,19.04,,20.6
2023-02-18,18.4,62.0,22.1,,20.6
2023-02-19,18.4,61.0,16.88,,20.6
2023-02-20,18.4,61.0,16.88,,20.7
2023-02-21,18.4,60.0,17.96,,20.7
2023-02-22,18.5,60.0,15.62,,20.7
2023-02-23,18.5,59.0,20.48,,20.8
2023-02-24,18.5,66.0,25.52,,20.8
2023-02-25,18.5,66.0,27.68,,20.8
2023-02-26,18.5,67.0,26.6,,20.8
2023-02-27,18.5,65.0,19.94,,20.8
2023-02-28,18.6,65.0,5.0,,20.8
2023-03-01,18.7,65.0,-0.58,,20.9
2023-03-02,18.7,64.0,10.04,,21.1
2023-03-03,18.7,63.0,19.4,,21.1
2023-03-04,18.7,69.0,26.42,,21.1
2023-03-05,18.7,66.0,32.0,,21.1
2023-03-06,18.7,66.0,29.3,,21.2
2023-03-07,18.7,65.0,28.04,,21.2
2023-03-08,18.7,64.0,25.88,,21.2
2023-03-09,19.6,62.0,24.98,,21.2
2023-03-10,19.6,64.0,21.38,,22.1
2023-03-11,19.7,64.0,17.78,,22.1
2023-03-12,19.8,66.0,28.22,,22.3
2023-03-13,19.9,68.0,27.68,,22.3
2023-03-14,19.9,69.0,26.96,,22.3
2023-03-15,20.0,69.0,24.26,,22.3
2023-03-16,20.0,68.0,17.78,,22.3
2023-03-17,20.3,73.0,18.32,,22.3
2023-03-18,20.3,75.0,17.96,,22.6
2023-03-19,20.3,,19.4,,22.6
2023-03-20,20.3,79.0,19.4,,22.6
2023-03-21,20.3,78.0,22.64,,22.6
2023-03-22,20.4,82.0,30.56,,22.6
2023-03-23,20.5,80.0,23.9,,22.7
2023-03-24,20.6,84.0,14.54,,22.8
2023-03-25,21.0,85.0,12.56,,22.9
2023-03-26,21.5,83.0,15.08,,23.2
2023-03-27,21.6,82.0,24.26,,23.5
2023-03-28,21.7,83.0,25.52,,23.7
2023-03-29,21.8,86.0,19.58,,23.7
2023-03-30,22.6,91.0,18.68,,23.8
2023-03-31,22.9,88.0,,,24.5
2023-04-01,,88.0,18.32,,24.7
2023-04-02,23.3,93.0,17.6,,
2023-04-03,23.6,94.0,17.06,,25.0
2023-04-04,24.0,92.0,17.96,,25.2
2023-04-05,24.0,91.0,19.76,,25.6
2023-04-06,24.4,89.0,17.78,,25.6
2023-04-07,25.1,88.0,15.08,,25.8
2023-04-08,25.2,87.0,19.22,,26.4
2023-04-09,25.3,92.0,19.76,,26.4
2023-04-10,25.6,90.0,24.98,,26.4
2023-04-11,26.0,89.0,21.2,,26.6
2023-04-12,27.3,90.0,27.68,,26.9
2023-04-13,27.3,92.0,32.36,,27.8
2023-04-14,27.7,92.0,32.54,,27.9
2023-04-15,29.0,90.0,24.8,,28.1
2023-04-16,30.3,91.0,21.92,,29.6
2023-04-17,30.5,93.0,23.9,,30.8
2023-04-18,30.5,94.0,25.88,,31.0
2023-04-19,30.7,102.0,30.38,,31.0
2023-04-20,30.7,100.0,27.5,,31.0
2023-04-21,30.8,110.0,28.4,,31.0
2023-04-22,31.6,110.0,28.76,,31.0
2023-04-23,31.7,109.0,28.04,,31.9
2023-04-24,31.7,107.0,19.22,,32.0
2023-04-25,32.0,105.0,16.34,,32.0
2023-04-26,32.5,103.0,16.88,,32.2
2023-04-27,32.7,101.0,20.12,,32.7
2023-04-28,32.7,100.0,25.7,,32.9
2023-04-29,32.8,96.0,28.76,,32.9
2023-04-30,33.0,91.0,27.68,,33.0
2023-05-01,33.6,89.0,27.5,,33.2
2023-05-02,34.5,89.0,25.88,,33.8
2023-05-03,34.8,89.0,23.9,,34.7
2023-05-04,36.4,88.0,21.56,,35.0
2023-05-05,36.8,86.0,21.74,,36.0
2023-05-06,36.9,84.0,21.56,,36.4
2023-05-07,37.0,83.0,27.5,,36.4
2023-05-08,37.1,89.0,31.82,,36.4
2023-05-09,37.1,87.0,36.32,,36.4
2023-05-10,37.3,85.0,42.08,,36.4
2023-05-11,37.4,87.0,50.36,,36.5
2023-05-12,37.2,84.0,42.44,,36.6
2023-05-13,36.6,83.0,30.74,,36.6
2023-05-14,36.2,82.0,25.52,,36.6
2023-05-15,36.0,80.0,26.6,,36.6
2023-05-16,36.0,77.0,33.26,,36.6
2023-05-17,36.0,75.0,43.52,,36.6
2023-05-18,36.0,72.0,34.7,,36.6
2023-05-19,36.0,69.0,23.18,,36.6
2023-05-20,35.9,65.0,20.66,,36.6
2023-05-21,36.4,61.0,27.68,,36.9
2023-05-22,36.5,59.0,29.84,,37.3
2023-05-23,36.6,56.0,33.8,,37.3
2023-05-24,37.1,54.0,35.78,,37.3
2023-05-25,37.2,53.0,35.6,,37.8
2023-05-26,37.1,50.0,39.56,,37.8
2023-05-27,36.7,52.0,43.7,,37.9
2023-05-28,36.3,52.0,46.22,,38.0
2023-05-29,35.5,52.0,46.22,,38.0
2023-05-30,34.6,50.0,50.0,,38.0
2023-05-31,33.5,47.0,53.06,,38.0
2023-06-01,32.2,44.0,54.86,,38.0
2023-06-02,30.8,42.0,52.88,,38.0
2023-06-03,29.2,39.0,51.44,,38.0
2023-06-04,27.7,34.0,43.88,,38.0
2023-06-05,26.4,32.0,38.12,,38.0
2023-06-06,25.5,30.0,37.76,,38.0
2023-06-07,25.0,26.0,33.98,,38.0
2023-06-08,24.2,20.0,37.04,,38.3
2023-06-09,24.3,15.0,36.14,,38.4
2023-06-10,24.3,11.0,41.72,,38.9
2023-06-11,24.7,8.0,45.5,,39.1
2023-06-12,24.2,4.0,49.82,,39.9
2023-06-13,23.0,2.0,51.62,,40.0
2023-06-14,21.3,0.0,48.38,,40.0
2023-06-15,19.5,0.0,49.46,,40.0
2023-06-16,18.1,0.0,50.18,,40.0
2023-06-17,16.6,0.0,48.56,,40.1
2023-06-18,14.9,0.0,51.98,,40.1
2023-06-19,13.4,0.0,54.14,,40.3
2023-06-20,11.8,0.0,57.02,,40.3
2023-06-21,10.0,0.0,58.28,,40.3
2023-06-22,8.0,0.0,50.72,,40.3
2023-06-23,5.5,0.0,49.46,,40.3
2023-06-24,3.7,0.0,49.46,,40.3
2023-06-25,2.5,0.0,50.18,,40.3
2023-06-26,1.0,0.0,47.84,,40.3
2023-06-27,0.0,0.0,47.3,,40.3
2023-06-28,0.0,0.0,49.1,,40.3
2023-06-29,0.0,0.0,54.32,,40.5
2023-06-30,0.0,0.0,51.08,,40.5
2023-07-01,0.0,0.0,51.62,,40.5
2023-07-02,0.0,0.0,52.7,,40.5
2023-07-03,0.0,0.0,51.26,,40.8
2023-07-04,0.0,0.0,52.52,,41.0
2023-07-05,0.0,0.0,53.42,,41.0
2023-07-06,0.0,0.0,54.32,,41.0
2023-07-07,0.0,0.0,59.0,,41.4
2023-07-08,0.0,0.0,57.2,,41.7
2023-07-09,0.0,0.0,54.32,,41.7
2023-07-10,0.0,0.0,49.28,,41.7
2023-07-11,0.0,0.0,53.06,,41.8
2023-07-12,0.0,0.0,55.04,,41.8
2023-07-13,0.0,0.0,52.88,,42.5
2023-07-14,0.0,0.0,54.86,,42.5
2023-07-15,0.0,0.0,50.36,,42.5
2023-07-16,0.0,0.0,50.18,,42.6
2023-07-17,0.0,0.0,52.7,,43.0
2023-07-18,0.0,0.0,52.88,,43.0
2023-07-19,0.0,0.0,45.86,,43.1
2023-07-20,0.0,0.0,39.92,,43.1
2023-07-21,0.0,0.0,38.48,,43.2
2023-07-22,0.0,0.0,42.26,,43.9
2023-07-23,0.0,0.0,51.44,,43.9
2023-07-24,0.0,0.0,53.6,,43.9
2023-07-25,0.0,0.0,55.04,,43.9
2023-07-26,0.0,0.0,56.48,,43.9
2023-07-27,0.0,0.0,54.68,,43.9
2023-07-28,0.0,0.0,51.08,,43.9
2023-07-29,0.0,0.0,52.7,,44.2
2023-07-30,0.0,0.0,59.18,,44.2
2023-07-31,0.0,0.0,63.86,,44.3
2023-08-01,0.0,0.0,65.84,,44.3
2023-08-02,0.0,0.0,64.4,,44.3
2023-08-03,0.0,0.0,63.5,,44.3
2023-08-04,0.0,0.0,59.9,,44.3
2023-08-05,0.0,0.0,59.18,,44.3
2023-08-06,0.0,0.0,62.6,,44.3
2023-08-07,0.0,0.0,63.86,,44.3
2023-08-08,0.0,0.0,65.12,,44.3
2023-08-09,0.0,0.0,68.18,,44.3
2023-08-10,0.0,0.0,66.92,,44.3
2023-08-11,0.0,0.0,62.06,,44.3
2023-08-12,0.0,0.0,64.22,,44.3
2023-08-13,0.0,0.0,63.5,,44.3
2023-08-14,0.0,0.0,63.14,,44.3
2023-08-15,0.0,0.0,66.38,,44.3
2023-08-16,0.0,0.0,71.24,,44.3
2023-08-17,0.0,0.0,66.92,,44.3
2023-08-18,0.0,0.0,64.76,,44.3
2023-08-19,0.0,0.0,66.56,,44.3
2023-08-20,0.0,0.0,69.44,,44.3
2023-08-21,0.0,0.0,69.98,,44.4
2023-08-22,0.0,0.0,72.5,,44.4
2023-08-23,0.0,0.0,72.5,,44.4
2023-08-24,0.0,0.0,66.56,,44.4
2023-08-25,0.0,0.0,65.3,,44.4
2023-08-26,0.0,0.0,65.12,,44.4
2023-08-27,0.0,0.0,65.48,,44.4
2023-08-28,0.0,0.0,66.02,,44.4
2023-08-29,0.0,0.0,66.56,,44.4
2023-08-30,0.0,0.0,67.28,,44.4
2023-08-31,0.0,0.0,65.48,,44.4
2023-09-01,0.0,0.0,68.36,,44.4
2023-09-02,0.0,0.0,63.5,,44.4
2023-09-03,0.0,0.0,60.98,,44.4
2023-09-04,0.0,0.0,56.12,,44.4
2023-09-05,0.0,0.0,59.0,,45.1
2023-09-06,0.0,0.0,56.12,,45.3
2023-09-07,0.0,0.0,53.24,,45.3
2023-09-08,0.0,0.0,52.88,,45.3
2023-09-09,0.0,0.0,60.08,,45.4
2023-09-10,0.0,0.0,60.8,,45.6
2023-09-11,0.0,0.0,62.06,,45.6
2023-09-12,0.0,0.0,64.22,,45.6
2023-09-13,0.0,0.0,66.2,,45.6
2023-09-14,0.0,0.0,68.36,,45.6
2023-09-15,0.0,0.0,71.06,,45.6
2023-09-16,0.0,0.0,72.86,,45.6
2023-09-17,0.0,0.0,73.04,,45.6
2023-09-18,0.0,0.0,66.38,,45.6
2023-09-19,0.0,0.0,64.76,,45.6
2023-09-20,0.0,0.0,56.12,,45.6
2023-09-21,0.0,0.0,58.46,,45.6
2023-09-22,0.0,0.0,58.46,,45.6
2023-09-23,0.0,0.0,56.84,,45.9
2023-09-24,0.0,0.0,61.7,,46.4
2023-09-25,0.0,0.0,64.4,,46.7
2023-09-26,0.0,0.0,63.5,,46.7
2023-09-27,0.0,0.0,63.14,,46.7
2023-09-28,0.0,0.0,65.3,,46.7
2023-09-29,0.0,0.0,,,46.9
2023-09-30,0.0,0.0,,,46.9
2023-10-01,0.0,0.0,,,46.9
2023-10-02,0.0,0.0,,2300.0,46.9
2023-10-03,0.0,0.0,,13.0,46.9
2023-10-04,0.0,,,13.0,46.9
2023-10-05,0.0,,,4.0,47.0
2023-10-06,0.0,,,6.0,47.1
2023-10-07,0.0,,,6.0,47.7
2023-10-08,0.0,,,8.0,47.8
2023-10-09,0.0,,,8.0,47.8
2023-10-10,0.0,,,95.0,47.8
2023-10-11,0.0,,,94.0,47.8
2023-10-12,0.0,,,74.0,47.8
2023-10-13,0.0,,,63.0,47.8
2023-10-14,0.0,,,63.0,47.8
2023-10-15,0.0,,,48.0,47.8
2023-10-16,0.0,,,41.0,47.8
2023-10-17,,,,57.0,47.8
2023-10-18,,0.0,,60.0,
2023-10-19,,0.0,,54.0,
2023-10-20,,0.0,,49.0,
2023-10-21,,0.0,,45.0,
2023-10-22,,0.0,,51.0,
2023-10-23,,0.0,,68.0,
2023-10-24,,0.0,,50.0,
2023-10-25,,0.0,,96.0,
2023-10-26,,0.0,,90.0,
2023-10-27,,0.0,,84.0,
2023-10-28,,0.0,,65.0,
2023-10-29,,0.0,,67.0,
2023-10-30,,0.0,,64.0,
2023-10-31,0.0,0.0,,55.0,
2023-11-01,0.0,0.0,,47.0,47.8
2023-11-02,0.0,0.0,,89.0,48.1
2023-11-03,0.0,0.0,,95.0,0.0
2023-11-04,0.0,0.0,,92.0,0.3
2023-11-05,0.0,0.0,,94.0,0.3
2023-11-06,0.0,0.0,,92.0,0.4
2023-11-07,0.0,0.0,,90.0,0.5
2023-11-08,0.0,0.0,,73.0,0.5
2023-11-09,0.0,0.0,,59.0,0.5
2023-11-10,0.0,0.0,39.38,54.0,0.5
2023-11-11,0.0,0.0,34.88,66.0,0.5
2023-11-12,0.0,0.0,38.66,53.0,0.5
2023-11-13,0.0,0.0,42.98,39.0,0.8
2023-11-14,0.0,1.0,46.4,44.0,1.4
2023-11-15,0.0,0.0,51.8,38.0,1.4
2023-11-16,0.0,0.0,55.58,69.0,1.4
2023-11-17,0.0,0.0,48.2,70.0,1.4
2023-11-18,0.0,1.0,50.9,70.0,1.4
2023-11-19,0.0,1.0,54.5,91.0,1.4
2023-11-20,0.0,1.0,53.96,77.0,1.4
2023-11-21,0.0,0.0,53.24,72.0,1.4
2023-11-22,0.0,0.0,52.16,77.0,1.4
2023-11-23,0.0,0.0,45.14,85.0,1.4
2023-11-24,0.0,0.0,41.36,64.0,1.4
2023-11-25,0.0,0.0,32.18,74.0,1.4
2023-11-26,0.0,0.0,25.52,80.0,1.4
2023-11-27,0.2,0.0,24.62,69.0,1.5
2023-11-28,0.0,0.0,21.74,50.0,1.9
2023-11-29,0.0,1.0,22.82,56.0,1.9
2023-11-30,0.0,1.0,27.86,72.0,1.9
2023-12-01,0.2,1.0,34.34,93.0,1.9
2023-12-02,0.2,1.0,39.56,92.0,2.1
2023-12-03,0.2,0.0,39.38,97.0,2.1
2023-12-04,0.0,0.0,39.56,97.0,2.1
2023-12-05,0.0,0.0,40.64,80.0,2.3
2023-12-06,0.0,0.0,39.92,70.0,3.2
2023-12-07,0.0,0.0,36.32,95.0,3.3
2023-12-08,0.0,1.0,31.1,84.0,3.8
2023-12-09,0.0,2.0,28.58,78.0,4.0
2023-12-10,0.0,2.0,29.12,92.0,4.5
2023-12-11,0.0,2.0,33.08,97.0,4.5
2023-12-12,0.2,2.0,36.14,90.0,4.5
2023-12-13,0.2,2.0,38.3,71.0,4.6
2023-12-14,0.1,2.0,41.54,70.0,4.6
2023-12-15,0.1,2.0,39.38,61.0,4.6
2023-12-16,0.0,2.0,42.62,55.0,4.6
2023-12-17,0.0,2.0,36.86,48.0,4.6
2023-12-18,0.0,2.0,35.96,57.0,4.6
2023-12-19,0.0,2.0,38.66,88.0,4.6
2023-12-20,0.0,2.0,29.3,85.0,4.6
2023-12-21,0.1,11.0,25.34,80.0,4.6
2023-12-22,0.4,21.0,30.02,86.0,4.7
2023-12-23,0.4,23.0,31.1,69.0,5.0
2023-12-24,0.4,17.0,30.38,63.0,5.0
2023-12-25,0.4,15.0,25.34,56.0,5.0
2023-12-26,0.4,14.0,19.58,86.0,5.0
2023-12-27,0.4,22.0,19.58,87.0,5.0
2023-12-28,0.4,20.0,23.18,70.0,5.0
2023-12-29,0.4,20.0,27.68,60.0,5.0
2023-12-30,0.6,21.0,25.52,60.0,5.0
2023-12-31,0.6,20.0,24.26,74.0,5.1
2024-01-01,0.6,20.0,23.18,74.0,5.1
2024-01-02,0.6,19.0,26.24,66.0,5.1
2024-01-03,1.5,19.0,29.66,77.0,5.1
2024-01-04,3.0,19.0,36.14,92.0,6.1
2024-01-05,4.1,18.0,39.56,80.0,7.7
2024-01-06,4.1,18.0,39.2,87.0,9.0
2024-01-07,4.1,19.0,28.58,76.0,9.0
2024-01-08,4.4,18.0,19.76,81.0,9.0
2024-01-09,5.2,17.0,16.34,92.0,9.5
2024-01-10,5.2,17.0,25.16,90.0,10.3
2024-01-11,5.2,18.0,28.4,91.0,10.3
2024-01-12,5.5,17.0,25.52,89.0,10.3
2024-01-13,5.5,17.0,21.92,85.0,10.6
2024-01-14,5.5,17.0,25.52,90.0,10.6
2024-01-15,5.5,19.0,28.58,87.0,10.6
2024-01-16,5.5,19.0,28.94,87.0,10.6
2024-01-17,5.5,19.0,29.48,96.0,10.6
2024-01-18,5.5,18.0,35.6,97.0,10.6
2024-01-19,5.5,18.0,35.6,96.0,10.6
2024-01-20,5.6,18.0,35.96,86.0,10.6
2024-01-21,5.8,18.0,33.62,97.0,10.8
2024-01-22,5.8,18.0,33.08,95.0,10.8
2024-01-23,5.8,20.0,19.94,96.0,10.8
2024-01-24,5.9,20.0,13.28,95.0,10.8
2024-01-25,5.9,20.0,17.06,92.0,10.9
2024-01-26,5.9,24.0,23.72,84.0,10.9
2024-01-27,5.9,24.0,27.68,98.0,10.9
2024-01-28,6.2,25.0,33.26,96.0,10.9
2024-01-29,6.2,34.0,37.76,83.0,11.1
2024-01-30,6.2,42.0,36.14,59.0,11.1
2024-01-31,6.2,52.0,28.94,54.0,11.1
2024-02-01,6.2,48.0,26.96,81.0,11.1
2024-02-02,6.2,50.0,27.5,96.0,11.1
2024-02-03,6.2,46.0,29.48,96.0,11.1
2024-02-04,6.2,44.0,25.16,80.0,11.1
2024-02-05,6.4,44.0,23.18,85.0,11.1
2024-02-06,6.4,58.0,19.58,90.0,11.2
2024-02-07,6.5,54.0,15.08,92.0,11.2
2024-02-08,6.7,52.0,12.56,88.0,11.3
2024-02-09,6.7,52.0,21.92,83.0,11.5
2024-02-10,6.9,52.0,15.98,68.0,11.5
2024-02-11,8.3,50.0,16.16,57.0,11.6
2024-02-12,9.0,50.0,12.56,68.0,12.9
2024-02-13,10.0,51.0,3.92,81.0,13.4
2024-02-14,10.0,52.0,14.72,84.0,14.1
2024-02-15,10.6,51.0,8.78,96.0,14.1
2024-02-16,10.6,50.0,14.9,79.0,14.8
2024-02-17,10.6,47.0,26.42,61.0,14.8
2024-02-18,10.9,46.0,30.38,91.0,14.8
2024-02-19,13.0,45.0,33.26,83.0,15.3
2024-02-20,13.4,45.0,34.16,80.0,17.0
2024-02-21,13.4,44.0,32.72,76.0,17.8
2024-02-22,13.6,47.0,32.9,80.0,17.8
2024-02-23,13.9,49.0,32.36,72.0,18.0
2024-02-24,14.1,48.0,28.94,62.0,18.2
2024-02-25,14.1,48.0,28.04,69.0,18.4
2024-02-26,14.4,51.0,25.88,82.0,18.4
2024-02-27,14.5,53.0,32.9,81.0,18.7
2024-02-28,14.7,54.0,37.22,80.0,18.8
2024-02-29,14.8,53.0,36.86,89.0,18.9
2024-03-01,14.9,52.0,39.2,96.0,19.2
2024-03-02,14.9,51.0,41.0,93.0,19.3
2024-03-03,14.9,51.0,36.68,88.0,19.3
2024-03-04,14.9,49.0,30.38,89.0,19.3
2024-03-05,15.0,56.0,27.86,94.0,19.3
2024-03-06,15.3,64.0,26.96,87.0,19.4
2024-03-07,15.6,64.0,31.28,73.0,19.6
2024-03-08,15.7,64.0,30.74,67.0,19.9
2024-03-09,15.9,65.0,27.68,48.0,20.0
2024-03-10,16.1,64.0,23.9,58.0,20.1
2024-03-11,16.6,64.0,21.92,85.0,20.3
2024-03-12,16.7,63.0,17.78,94.0,20.7
2024-03-13,16.7,62.0,23.9,62.0,20.8
2024-03-14,16.7,61.0,26.96,44.0,20.8
2024-03-15,16.7,61.0,25.52,43.0,20.8
2024-03-16,16.7,60.0,24.98,46.0,20.8
2024-03-17,16.7,69.0,29.12,51.0,20.8
2024-03-18,17.3,70.0,23.72,53.0,20.8
2024-03-19,18.5,67.0,21.74,53.0,21.6
2024-03-20,18.7,74.0,26.42,57.0,22.8
2024-03-21,18.9,74.0,29.48,63.0,23.1
2024-03-22,19.1,76.0,32.36,57.0,23.2
2024-03-23,19.1,74.0,30.74,85.0,23.5
2024-03-24,19.2,78.0,29.84,90.0,23.5
2024-03-25,19.2,86.0,28.58,69.0,23.6
2024-03-26,19.2,83.0,32.0,83.0,23.6
2024-03-27,19.2,81.0,35.06,81.0,23.6
2024-03-28,19.2,79.0,25.34,92.0,23.6
2024-03-29,19.2,78.0,16.52,72.0,23.6
2024-03-30,20.2,76.0,25.7,59.0,23.6
2024-03-31,20.4,77.0,31.28,54.0,24.5
2024-04-01,20.4,78.0,26.78,51.0,24.8
2024-04-02,21.4,78.0,21.74,54.0,24.8
2024-04-03,21.8,77.0,14.36,76.0,25.5
2024-04-04,22.3,76.0,17.24,97.0,26.1
2024-04-05,22.4,74.0,23.0,96.0,26.3
2024-04-06,22.7,72.0,18.68,90.0,26.4
2024-04-07,23.9,71.0,17.24,81.0,26.7
2024-04-08,23.9,69.0,21.02,64.0,27.8
2024-04-09,23.9,67.0,30.2,67.0,27.8
2024-04-10,24.0,66.0,34.16,57.0,27.8
2024-04-11,24.0,64.0,32.36,51.0,27.9
2024-04-12,24.0,67.0,30.02,50.0,27.9
2024-04-13,24.4,68.0,25.34,48.0,27.9
2024-04-14,25.1,67.0,29.66,47.0,28.3
2024-04-15,25.1,68.0,32.36,70.0,28.9
2024-04-16,25.1,68.0,37.22,55.0,28.9
2024-04-17,25.1,73.0,40.64,47.0,28.9
2024-04-18,25.1,70.0,41.9,49.0,28.9
2024-04-19,25.1,69.0,41.54,44.0,28.9
2024-04-20,25.1,67.0,42.62,43.0,28.9
2024-04-21,25.1,66.0,38.3,51.0,28.9
2024-04-22,24.8,64.0,39.38,42.0,28.9
2024-04-23,24.8,62.0,32.72,38.0,28.9
2024-04-24,24.6,67.0,29.48,49.0,28.9
2024-04-25,25.0,72.0,27.14,60.0,28.9
2024-04-26,25.1,71.0,26.6,71.0,29.3
2024-04-27,25.2,69.0,29.84,64.0,29.4
2024-04-28,25.4,68.0,29.3,62.0,29.5
2024-04-29,25.6,66.0,29.12,63.0,29.6
2024-04-30,26.4,64.0,34.16,63.0,29.9
2024-05-01,26.4,63.0,34.34,78.0,30.7
2024-05-02,26.4,60.0,37.4,79.0,30.7
2024-05-03,26.4,58.0,42.98,63.0,30.7
2024-05-04,26.3,57.0,42.08,52.0,30.7
2024-05-05,25.9,55.0,33.08,90.0,30.7
2024-05-06,26.0,54.0,28.94,92.0,30.7
2024-05-07,26.6,54.0,26.42,79.0,31.2
2024-05-08,27.4,52.0,28.04,62.0,32.2
2024-05-09,27.6,50.0,29.3,48.0,32.9
2024-05-10,27.7,49.0,36.86,48.0,33.3
2024-05-11,27.7,47.0,38.48,48.0,33.4
2024-05-12,27.7,45.0,43.34,47.0,33.4
2024-05-13,27.4,43.0,48.02,49.0,33.4
2024-05-14,26.9,41.0,48.92,48.0,33.5
2024-05-15,26.0,39.0,46.04,46.0,33.5
2024-05-16,25.0,37.0,41.18,47.0,33.5
2024-05-17,24.2,35.0,36.68,42.0,33.5
2024-05-18,23.7,33.0,29.3,33.0,33.5
2024-05-19,23.3,33.0,30.38,49.0,33.5
2024-05-20,23.0,32.0,35.06,48.0,33.5
2024-05-21,22.7,34.0,42.08,49.0,33.5
2024-05-22,22.2,35.0,41.18,88.0,33.5
2024-05-23,21.5,32.0,39.02,75.0,33.5
2024-05-24,21.3,30.0,44.42,57.0,33.5
2024-05-25,20.1,32.0,46.76,71.0,33.5
2024-05-26,19.2,35.0,43.16,54.0,33.5
2024-05-27,18.4,35.0,40.64,47.0,33.6
2024-05-28,17.4,32.0,41.18,53.0,33.6
2024-05-29,16.6,30.0,38.3,66.0,33.7
2024-05-30,15.6,27.0,33.98,46.0,33.7
2024-05-31,14.8,23.0,27.86,47.0,33.7
2024-06-01,14.3,20.0,26.6,44.0,33.7
2024-06-02,13.9,18.0,30.38,57.0,33.7
2024-06-03,14.1,15.0,37.22,84.0,33.7
2024-06-04,14.5,12.0,44.06,65.0,33.8
2024-06-05,14.5,7.0,32.54,48.0,34.3
2024-06-06,14.3,2.0,32.36,52.0,34.3
2024-06-07,14.4,0.0,29.84,47.0,34.5
2024-06-08,15.0,0.0,37.58,41.0,34.8
2024-06-09,15.2,0.0,47.48,55.0,35.4
2024-06-10,14.9,0.0,49.46,56.0,35.6
2024-06-11,13.9,0.0,52.88,47.0,35.8
2024-06-12,12.4,0.0,53.78,36.0,35.8
2024-06-13,10.9,0.0,50.72,33.0,35.8
2024-06-14,9.3,0.0,50.54,38.0,35.8
2024-06-15,8.2,0.0,51.8,48.0,35.8
2024-06-16,6.6,0.0,53.96,39.0,35.8
2024-06-17,5.0,0.0,45.14,85.0,35.8
2024-06-18,3.0,0.0,45.14,60.0,35.8
2024-06-19,1.5,0.0,38.84,40.0,35.8
2024-06-20,0.0,0.0,39.2,34.0,35.8
2024-06-21,0.0,0.0,41.9,35.0,35.8
2024-06-22,0.0,0.0,34.52,35.0,35.8
2024-06-23,0.0,0.0,36.68,38.0,35.8
2024-06-24,0.0,0.0,45.14,40.0,35.9
2024-06-25,0.0,0.0,42.8,41.0,36.6
2024-06-26,0.0,0.0,45.68,67.0,36.6
2024-06-27,0.0,0.0,53.42,58.0,36.6
2024-06-28,0.0,0.0,56.66,54.0,36.6
2024-06-29,0.0,0.0,44.78,46.0,36.6
2024-06-30,0.0,0.0,43.52,62.0,36.7
2024-07-01,0.0,0.0,49.1,53.0,36.7
2024-07-02,0.0,0.0,54.86,51.0,36.7
2024-07-03,0.0,0.0,53.24,45.0,36.7
2024-07-04,0.0,0.0,48.02,41.0,36.8
2024-07-05,0.0,0.0,51.44,38.0,36.8
2024-07-06,0.0,0.0,58.28,33.0,36.9
2024-07-07,0.0,0.0,59.54,33.0,38.3
2024-07-08,0.0,0.0,64.4,36.0,38.3
2024-07-09,0.0,0.0,64.94,32.0,38.3
2024-07-10,0.0,0.0,62.06,28.0,38.3
2024-07-11,0.0,0.0,56.84,32.0,38.3
2024-07-12,0.0,0.0,61.16,33.0,38.3
2024-07-13,0.0,0.0,59.72,30.0,38.3
2024-07-14,0.0,0.0,62.96,36.0,38.3
2024-07-15,0.0,0.0,62.6,39.0,38.3
2024-07-16,0.0,0.0,48.56,32.0,38.3
2024-07-17,0.0,0.0,44.96,35.0,38.4
2024-07-18,0.0,0.0,34.88,36.0,38.4
2024-07-19,0.0,0.0,41.36,31.0,38.4
2024-07-20,0.0,0.0,49.64,31.0,38.4
2024-07-21,0.0,0.0,58.1,31.0,38.4
2024-07-22,0.0,0.0,61.7,38.0,38.4
2024-07-23,0.0,0.0,66.02,35.0,38.5
2024-07-24,0.0,0.0,67.82,47.0,38.5
2024-07-25,0.0,0.0,64.58,51.0,38.6
2024-07-26,0.0,0.0,66.2,42.0,38.6
2024-07-27,0.0,0.0,62.06,44.0,38.6
2024-07-28,0.0,0.0,53.96,43.0,38.6
2024-07-29,0.0,0.0,53.6,39.0,38.6
2024-07-30,0.0,0.0,62.6,71.0,38.9
2024-07-31,0.0,0.0,58.28,57.0,38.9
2024-08-01,0.0,0.0,55.94,42.0,38.9
2024-08-02,0.0,0.0,55.04,33.0,38.9
2024-08-03,0.0,0.0,55.58,34.0,38.9
2024-08-04,0.0,0.0,58.28,53.0,38.9
2024-08-05,0.0,0.0,62.24,47.0,38.9
2024-08-06,0.0,0.0,64.04,37.0,38.9
2024-08-07,0.0,0.0,64.4,32.0,38.9
2024-08-08,0.0,0.0,68.18,33.0,38.9
2024-08-09,0.0,0.0,71.06,32.0,39.0
2024-08-10,0.0,0.0,73.94,40.0,39.0
2024-08-11,0.0,0.0,71.78,38.0,39.0
2024-08-12,0.0,0.0,71.24,32.0,39.0
2024-08-13,0.0,0.0,72.5,43.0,39.0
2024-08-14,0.0,0.0,69.98,45.0,39.0
2024-08-15,0.0,0.0,68.54,44.0,39.0
2024-08-16,0.0,0.0,67.64,45.0,39.0
2024-08-17,0.0,0.0,69.44,34.0,39.0
2024-08-18,0.0,0.0,71.06,35.0,39.0
2024-08-19,0.0,0.0,72.32,37.0,39.0
2024-08-20,0.0,0.0,73.04,29.0,39.0
2024-08-21,0.0,0.0,74.3,38.0,39.0
2024-08-22,0.0,0.0,73.58,30.0,39.0
2024-08-23,0.0,0.0,73.4,37.0,39.0
2024-08-24,0.0,0.0,71.6,66.0,39.0
2024-08-25,0.0,0.0,68.36,63.0,39.0
2024-08-26,0.0,0.0,62.96,50.0,39.0
2024-08-27,0.0,0.0,61.88,37.0,39.0
2024-08-28,0.0,0.0,62.24,34.0,39.0
2024-08-29,0.0,0.0,64.4,33.0,39.0
2024-08-30,0.0,0.0,57.56,31.0,39.0
2024-08-31,0.0,0.0,61.34,24.0,39.0
2024-09-01,0.0,0.0,68.36,22.0,39.0
2024-09-02,0.0,0.0,73.76,39.0,39.2
2024-09-03,0.0,0.0,75.2,55.0,39.2
2024-09-04,0.0,0.0,67.46,48.0,39.2
2024-09-05,0.0,0.0,68.72,42.0,39.2
2024-09-06,0.0,0.0,68.72,34.0,39.2
2024-09-07,0.0,0.0,65.66,29.0,39.2
2024-09-08,0.0,0.0,66.2,29.0,39.2
2024-09-09,0.0,0.0,68.72,32.0,39.2
2024-09-10,0.0,0.0,65.12,32.0,39.2
2024-09-11,0.0,0.0,63.68,61.0,39.2
2024-09-12,0.0,0.0,65.84,95.0,39.2
2024-09-13,0.0,0.0,61.88,74.0,39.2
2024-09-14,0.0,0.0,59.72,50.0,39.2
2024-09-15,0.0,0.0,59.72,44.0,39.2
2024-09-16,0.0,0.0,60.08,81.0,39.2
2024-09-17,0.0,0.0,68.0,94.0,39.2
2024-09-18,0.0,0.0,68.18,81.0,39.2
2024-09-19,0.0,0.0,67.64,71.0,39.2
2024-09-20,0.0,0.0,63.5,55.0,39.2
2024-09-21,0.0,0.0,58.82,50.0,39.2
2024-09-22,0.0,0.0,63.68,45.0,39.2
2024-09-23,0.0,0.0,59.54,48.0,39.2
2024-09-24,0.0,0.0,47.12,47.0,39.2
2024-09-25,0.0,0.0,50.18,34.0,39.2
2024-09-26,0.0,0.0,54.86,43.0,39.2
2024-09-27,0.0,0.0,60.8,43.0,39.2
2024-09-28,0.0,0.0,50.36,31.0,39.2
2024-09-29,0.0,0.0,53.78,30.0,39.2
2024-09-30,0.0,0.0,60.44,22.0,39.2
2024-10-01,0.0,0.0,65.12,22.0,39.2
2024-10-02,0.0,0.0,68.0,25.0,39.2
2024-10-03,0.0,0.0,65.3,19.0,39.2
2024-10-04,0.0,0.0,57.56,29.0,39.2
2024-10-05,0.0,0.0,60.62,32.0,39.3
2024-10-06,0.0,0.0,63.68,31.0,39.3
2024-10-07,0.0,0.0,65.66,34.0,39.3
2024-10-08,0.0,0.0,66.92,31.0,39.3
2024-10-09,0.0,0.0,66.02,31.0,39.3
2024-10-10,0.0,0.0,63.5,38.0,39.3
2024-10-11,0.0,0.0,62.42,39.0,39.3
2024-10-12,0.0,0.0,52.34,33.0,39.3
2024-10-13,0.0,0.0,41.36,35.0,39.3
2024-10-14,0.0,0.0,44.24,35.0,39.3
2024-10-15,0.0,0.0,53.6,30.0,39.4
2024-10-16,0.0,0.0,58.64,61.0,39.5
2024-10-17,0.0,0.0,50.9,80.0,39.6
2024-10-18,0.0,0.0,45.32,47.0,39.7
2024-10-19,0.0,0.0,47.84,52.0,39.7
2024-10-20,0.0,0.0,50.72,61.0,40.1
2024-10-21,0.0,0.0,51.98,52.0,40.3
2024-10-22,0.0,0.0,50.9,50.0,40.3
2024-10-23,0.0,0.0,53.78,63.0,40.3
2024-10-24,0.0,0.0,55.58,80.0,40.3
2024-10-25,0.0,0.0,60.44,55.0,40.3
2024-10-26,0.0,0.0,64.4,38.0,40.3
2024-10-27,0.0,0.0,58.46,48.0,40.3
2024-10-28,0.0,0.0,58.64,96.0,40.3
2024-10-29,0.0,0.0,63.32,66.0,40.3
2024-10-30,0.0,0.0,57.02,58.0,40.3
2024-10-31,0.0,0.0,46.22,90.0,40.3
2024-11-01,0.0,0.0,51.44,79.0,40.3
2024-11-02,0.0,0.0,52.16,95.0,40.3
2024-11-03,0.0,0.0,56.3,84.0,0.0
2024-11-04,0.0,0.0,58.82,88.0,0.0
2024-11-05,0.0,1.0,48.92,71.0,0.0
2024-11-06,0.0,0.0,53.42,61.0,0.0
2024-11-07,0.0,0.0,55.04,63.0,0.0
2024-11-08,0.0,0.0,57.92,71.0,0.0
2024-11-09,0.0,0.0,58.46,63.0,0.0
2024-11-10,0.0,0.0,55.4,66.0,0.1
2024-11-11,0.0,0.0,54.32,65.0,0.1
2024-11-12,0.0,0.0,56.3,82.0,0.1
2024-11-13,0.0,0.0,55.94,80.0,0.1
2024-11-14,0.0,1.0,55.76,83.0,0.1
2024-11-15,0.0,1.0,56.48,68.0,0.1
2024-11-16,0.0,1.0,47.66,66.0,0.1
2024-11-17,0.0,1.0,34.88,89.0,0.1
2024-11-18,0.1,1.0,34.88,91.0,0.1
2024-11-19,0.0,2.0,42.62,80.0,0.2
2024-11-20,0.0,4.0,48.92,85.0,0.2
2024-11-21,0.0,4.0,48.2,96.0,0.2
2024-11-22,0.0,6.0,42.44,92.0,0.2
2024-11-23,0.0,6.0,41.18,96.0,0.2
2024-11-24,0.0,8.0,33.8,86.0,0.2
2024-11-25,0.0,8.0,41.18,74.0,0.2
2024-11-26,0.0,7.0,48.38,91.0,0.2
2024-11-27,0.1,7.0,47.3,89.0,0.2
2024-11-28,0.1,7.0,31.1,79.0,0.3
2024-11-29,0.1,6.0,28.94,65.0,0.3
2024-11-30,0.2,6.0,28.58,56.0,0.3
2024-12-01,0.2,7.0,28.76,46.0,0.4
2024-12-02,0.3,7.0,32.54,58.0,0.4
2024-12-03,0.6,8.0,29.66,65.0,0.6
2024-12-04,0.7,8.0,26.24,60.0,0.9
2024-12-05,1.2,8.0,27.5,53.0,1.1
2024-12-06,1.2,8.0,24.98,60.0,1.5
2024-12-07,1.5,17.0,24.08,63.0,1.5
2024-12-08,1.5,23.0,29.66,81.0,1.8
2024-12-09,1.5,21.0,34.16,77.0,1.8
2024-12-10,1.6,22.0,37.76,68.0,1.8
2024-12-11,1.6,25.0,37.76,42.0,1.9
2024-12-12,1.7,22.0,37.4,54.0,1.9
2024-12-13,1.7,26.0,28.4,88.0,2.0
2024-12-14,1.8,24.0,30.38,96.0,2.0
2024-12-15,1.8,23.0,30.74,90.0,2.1
2024-12-16,2.0,24.0,28.58,93.0,2.1
2024-12-17,2.0,23.0,25.7,95.0,2.3
2024-12-18,2.0,22.0,26.96,90.0,2.3
2024-12-19,2.0,22.0,22.46,77.0,2.3
2024-12-20,3.3,22.0,19.22,61.0,2.3
2024-12-21,3.8,21.0,28.4,62.0,3.4
2024-12-22,3.8,21.0,32.54,90.0,3.9
2024-12-23,4.2,21.0,35.78,94.0,3.9
2024-12-24,5.5,21.0,31.46,74.0,4.5
2024-12-25,5.3,21.0,23.0,86.0,6.0
2024-12-26,5.6,21.0,25.52,95.0,6.9
2024-12-27,5.6,21.0,25.7,96.0,7.4
2024-12-28,5.7,21.0,20.3,97.0,7.4
2024-12-29,5.8,21.0,18.32,95.0,7.5
2024-12-30,5.8,21.0,20.48,86.0,7.7
2024-12-31,5.8,21.0,24.44,83.0,7.7
2025-01-01,5.8,21.0,29.48,91.0,7.7
2025-01-02,5.8,21.0,34.52,93.0,7.7
2025-01-03,5.8,34.0,35.42,93.0,7.7
2025-01-04,5.8,34.0,33.98,95.0,7.7
2025-01-05,5.8,43.0,33.8,96.0,7.7
2025-01-06,5.8,47.0,32.72,88.0,7.7
2025-01-07,5.8,44.0,35.24,74.0,7.7
2025-01-08,5.8,43.0,24.8,77.0,7.7
2025-01-09,5.9,41.0,19.22,72.0,7.7
2025-01-10,5.9,40.0,19.22,74.0,7.9
2025-01-11,5.9,42.0,27.5,77.0,7.9
2025-01-12,5.9,41.0,31.1,66.0,7.9
2025-01-13,5.9,41.0,27.5,70.0,7.9
2025-01-14,5.9,40.0,30.74,67.0,7.9
2025-01-15,6.0,51.0,22.64,71.0,7.9
2025-01-16,7.8,57.0,24.8,75.0,8.0
2025-01-17,7.8,61.0,30.02,68.0,9.4
2025-01-18,9.0,65.0,31.46,66.0,9.4
2025-01-19,9.7,62.0,29.12,63.0,10.5
2025-01-20,9.7,61.0,36.14,61.0,11.4
2025-01-21,9.8,66.0,36.86,49.0,11.4
2025-01-22,9.8,64.0,30.56,51.0,11.5
2025-01-23,9.8,64.0,31.82,41.0,11.5
2025-01-24,10.2,65.0,33.8,54.0,11.5
2025-01-25,10.5,66.0,26.06,44.0,11.8
2025-01-26,10.6,63.0,27.68,40.0,12.1
2025-01-27,10.7,62.0,27.68,45.0,12.2
2025-01-28,12.2,61.0,29.66,57.0,12.3
2025-01-29,13.1,60.0,29.12,51.0,13.5
2025-01-30,14.0,62.0,19.94,42.0,14.5
2025-01-31,15.0,61.0,12.74,75.0,15.3
2025-02-01,15.0,60.0,20.66,96.0,16.1
2025-02-02,15.0,59.0,31.82,96.0,16.1
2025-02-03,15.8,59.0,34.52,95.0,16.1
2025-02-04,17.2,58.0,26.78,91.0,16.9
2025-02-05,17.4,58.0,28.4,81.0,18.0
2025-02-06,17.7,58.0,25.7,75.0,18.7
2025-02-07,17.8,57.0,20.66,93.0,19.2
2025-02-08,17.8,57.0,22.28,86.0,19.6
2025-02-09,17.8,56.0,21.56,87.0,19.6
2025-02-10,17.8,56.0,23.9,73.0,19.6
2025-02-11,17.8,56.0,24.44,67.0,19.6
2025-02-12,17.9,56.0,22.28,68.0,19.6
2025-02-13,17.9,56.0,17.24,74.0,19.7
2025-02-14,17.9,56.0,23.36,94.0,19.7
2025-02-15,17.9,55.0,26.06,84.0,19.7
2025-02-16,17.9,55.0,27.5,95.0,19.7
2025-02-17,17.9,54.0,20.3,94.0,19.7
2025-02-18,17.9,55.0,11.48,85.0,19.7
2025-02-19,17.9,55.0,12.2,92.0,19.7
2025-02-20,17.9,65.0,7.52,79.0,19.7
2025-02-21,17.9,74.0,15.62,73.0,19.7
2025-02-22,17.9,86.0,16.52,66.0,19.7
2025-02-23,17.9,88.0,19.4,94.0,19.7
2025-02-24,17.9,87.0,21.38,82.0,19.7
2025-02-25,17.9,84.0,15.26,81.0,19.7
2025-02-26,17.9,86.0,12.38,63.0,19.7
2025-02-27,17.9,89.0,18.32,48.0,19.7
2025-02-28,17.9,91.0,21.56,44.0,19.7
2025-03-01,17.9,90.0,26.6,,19.7
2025-03-02,17.9,87.0,29.12,41.0,19.7
2025-03-03,17.9,86.0,30.2,42.0,19.7
2025-03-04,17.9,84.0,29.12,59.0,19.7
2025-03-05,18.9,87.0,28.22,70.0,19.7
2025-03-06,20.4,89.0,28.94,67.0,20.8
2025-03-07,21.7,88.0,33.98,60.0,21.9
2025-03-08,22.4,95.0,23.18,52.0,23.3
2025-03-09,23.7,99.0,22.28,50.0,23.9
2025-03-10,23.7,96.0,22.28,45.0,25.2
2025-03-11,24.0,99.0,12.74,47.0,25.2
2025-03-12,24.8,97.0,14.72,45.0,25.4
2025-03-13,24.9,95.0,9.32,68.0,25.8
2025-03-14,24.9,93.0,2.3,88.0,25.9
2025-03-15,24.9,97.0,0.68,88.0,25.9
2025-03-16,24.9,94.0,14.54,94.0,25.9
2025-03-17,24.9,94.0,28.4,96.0,25.9
2025-03-18,25.2,92.0,21.92,91.0,25.9
2025-03-19,26.0,91.0,26.24,75.0,26.3
2025-03-20,26.1,,28.22,67.0,27.0
2025-03-21,27.2,90.0,26.96,84.0,27.1
2025-03-22,28.1,90.0,25.16,88.0,28.1
2025-03-23,28.1,89.0,26.42,74.0,28.9
2025-03-24,28.8,88.0,23.54,91.0,28.9
2025-03-25,28.9,87.0,31.28,76.0,29.5
2025-03-26,28.9,87.0,34.16,59.0,29.5
2025-03-27,29.0,86.0,36.86,46.0,29.6
2025-03-28,31.5,86.0,26.96,44.0,29.7
2025-03-29,31.5,86.0,27.68,74.0,32.4
2025-03-30,31.6,84.0,32.9,90.0,32.4
2025-03-31,31.7,84.0,35.6,73.0,32.5
2025-04-01,31.7,83.0,,85.0,32.6
2025-04-02,,82.0,35.78,82.0,32.6
2025-04-03,31.7,86.0,35.6,66.0,
2025-04-04,31.7,88.0,33.08,66.0,32.6
2025-04-05,31.7,95.0,30.38,45.0,32.6
2025-04-06,31.7,101.0,29.3,45.0,32.6
2025-04-07,31.7,102.0,30.92,47.0,32.6
2025-04-08,31.7,100.0,29.3,76.0,32.6
2025-04-09,31.7,99.0,31.46,81.0,32.6
2025-04-10,31.7,103.0,35.78,56.0,32.6
2025-04-11,31.7,105.0,36.68,41.0,32.6
2025-04-12,31.7,104.0,36.68,52.0,32.6
2025-04-13,31.7,103.0,35.24,60.0,32.6
2025-04-14,31.7,99.0,27.5,41.0,32.6
2025-04-15,31.8,97.0,23.9,38.0,32.6
2025-04-16,32.3,93.0,25.52,37.0,32.7
2025-04-17,32.6,92.0,31.1,45.0,33.1
2025-04-18,34.0,91.0,28.22,49.0,33.4
2025-04-19,35.6,91.0,20.66,38.0,34.6
2025-04-20,36.2,90.0,22.82,48.0,36.1
2025-04-21,36.3,91.0,27.14,55.0,36.6
2025-04-22,36.3,94.0,29.66,60.0,36.7
2025-04-23,36.9,92.0,30.02,52.0,36.7
2025-04-24,37.5,92.0,31.82,47.0,37.2
2025-04-25,38.1,90.0,41.54,51.0,37.6
2025-04-26,38.4,88.0,43.88,60.0,38.3
2025-04-27,38.4,87.0,47.84,72.0,38.5
2025-04-28,38.1,86.0,46.4,78.0,38.5
2025-04-29,37.8,84.0,35.06,67.0,38.5
2025-04-30,37.3,82.0,29.3,76.0,38.5
2025-05-01,37.0,80.0,30.56,61.0,38.5
2025-05-02,37.1,78.0,29.48,48.0,38.5
2025-05-03,37.2,76.0,24.98,45.0,38.7
2025-05-04,37.5,74.0,26.42,57.0,38.8
2025-05-05,38.1,72.0,28.4,85.0,39.0
2025-05-06,38.2,71.0,31.82,51.0,39.3
2025-05-07,38.2,69.0,34.88,52.0,39.5
2025-05-08,38.2,68.0,41.0,56.0,39.5
2025-05-09,38.2,66.0,39.02,48.0,39.5
2025-05-10,38.2,64.0,35.96,39.0,39.5
2025-05-11,38.5,62.0,40.82,36.0,39.5
2025-05-12,38.1,60.0,46.94,39.0,39.8
2025-05-13,37.6,59.0,46.76,55.0,39.9
2025-05-14,36.7,57.0,37.58,74.0,39.9
2025-05-15,35.9,55.0,33.26,80.0,39.9
2025-05-16,35.2,54.0,39.74,60.0,39.9
2025-05-17,34.6,53.0,46.22,74.0,39.9
2025-05-18,34.2,53.0,43.88,86.0,39.9
2025-05-19,33.2,49.0,32.18,75.0,39.9
2025-05-20,32.1,48.0,31.64,53.0,39.9
2025-05-21,31.1,45.0,37.4,67.0,39.9
2025-05-22,30.6,44.0,38.3,46.0,39.9
2025-05-23,30.3,41.0,34.34,55.0,39.9
2025-05-24,29.8,37.0,37.04,61.0,39.9
2025-05-25,29.1,35.0,40.28,42.0,39.9
2025-05-26,28.6,31.0,41.72,38.0,39.9
2025-05-27,28.0,30.0,42.62,41.0,39.9
2025-05-28,27.2,26.0,42.08,43.0,39.9
2025-05-29,26.5,23.0,39.02,38.0,40.0
2025-05-30,25.3,21.0,42.62,42.0,40.2
2025-05-31,25.2,16.0,40.28,39.0,40.3
2025-06-01,23.9,13.0,40.64,33.0,41.0
2025-06-02,23.1,12.0,45.86,45.0,41.1
2025-06-03,22.1,12.0,49.46,36.0,41.1
2025-06-04,20.8,9.0,49.1,41.0,41.1
2025-06-05,19.2,8.0,41.72,39.0,41.2
2025-06-06,17.3,6.0,40.64,40.0,41.2
2025-06-07,16.1,5.0,44.6,45.0,41.5
2025-06-08,14.8,4.0,48.56,44.0,41.6
2025-06-09,13.7,1.0,51.44,46.0,41.6
2025-06-10,12.1,0.0,54.32,42.0,41.6
2025-06-11,10.5,0.0,58.1,43.0,41.6
2025-06-12,9.0,0.0,54.68,73.0,41.6
2025-06-13,7.4,0.0,42.62,60.0,41.6
2025-06-14,5.9,0.0,38.3,54.0,41.6
2025-06-15,5.4,0.0,38.48,45.0,41.6
2025-06-16,4.8,0.0,40.28,44.0,41.6
2025-06-17,4.0,0.0,40.1,40.0,41.6
2025-06-18,3.3,0.0,39.74,45.0,41.8
2025-06-19,2.7,0.0,36.32,40.0,41.8
2025-06-20,2.1,0.0,39.38,38.0,41.9
2025-06-21,1.0,0.0,39.92,68.0,42.3
2025-06-22,0.3,0.0,43.88,66.0,42.3
2025-06-23,0.0,0.0,46.04,76.0,42.4
2025-06-24,0.0,0.0,46.76,62.0,42.5
2025-06-25,0.0,0.0,53.42,43.0,42.5
2025-06-26,0.0,0.0,58.46,37.0,42.5
2025-06-27,0.0,0.0,59.54,41.0,42.6
2025-06-28,0.0,0.0,58.1,47.0,42.6
2025-06-29,0.0,0.0,60.8,46.0,42.6
2025-06-30,0.0,0.0,64.04,45.0,42.6
2025-07-01,0.0,0.0,61.88,39.0,42.6
2025-07-02,0.0,0.0,67.1,34.0,42.6
2025-07-03,0.0,0.0,59.36,36.0,42.6
2025-07-04,0.0,0.0,49.64,41.0,42.6
2025-07-05,0.0,0.0,48.92,79.0,42.6
2025-07-06,0.0,0.0,50.36,56.0,42.6
2025-07-07,0.0,0.0,53.78,49.0,42.6
2025-07-08,0.0,0.0,55.76,41.0,42.7
2025-07-09,0.0,0.0,61.7,32.0,42.7
2025-07-10,0.0,0.0,65.48,37.0,42.7
2025-07-11,0.0,0.0,66.92,52.0,42.7
2025-07-12,0.0,0.0,66.56,47.0,42.7
2025-07-13,0.0,0.0,56.12,39.0,42.7
2025-07-14,0.0,0.0,58.82,37.0,42.7
2025-07-15,0.0,0.0,59.18,39.0,42.7
2025-07-16,0.0,0.0,59.18,40.0,42.9
2025-07-17,0.0,0.0,60.44,44.0,43.0
2025-07-18,0.0,0.0,60.62,37.0,43.0
2025-07-19,0.0,0.0,58.64,37.0,43.0
2025-07-20,0.0,0.0,61.88,42.0,43.0
2025-07-21,0.0,0.0,64.94,46.0,43.0
2025-07-22,0.0,0.0,47.12,56.0,43.0
2025-07-23,0.0,0.0,40.64,53.0,43.0
2025-07-24,0.0,0.0,40.82,44.0,43.0
2025-07-25,0.0,0.0,47.66,38.0,43.0
2025-07-26,0.0,0.0,55.22,38.0,43.1
2025-07-27,0.0,0.0,60.44,39.0,43.1
2025-07-28,0.0,0.0,61.88,43.0,43.2
2025-07-29,0.0,0.0,60.62,36.0,43.2
2025-07-30,0.0,0.0,59.36,33.0,43.2
2025-07-31,0.0,0.0,62.06,36.0,43.2
2025-08-01,0.0,0.0,67.1,55.0,43.2
2025-08-02,0.0,0.0,70.88,63.0,43.2
2025-08-03,0.0,0.0,70.34,52.0,43.2
2025-08-04,0.0,0.0,67.1,47.0,43.2
2025-08-05,0.0,0.0,53.78,51.0,43.2
2025-08-06,0.0,0.0,55.4,44.0,43.2
2025-08-07,0.0,0.0,59.9,37.0,43.2
2025-08-08,0.0,0.0,64.4,46.0,43.5
2025-08-09,0.0,0.0,70.16,46.0,43.5
2025-08-10,0.0,0.0,68.72,42.0,43.5
2025-08-11,0.0,0.0,62.24,41.0,43.5
2025-08-12,0.0,0.0,64.94,39.0,43.5
2025-08-13,0.0,0.0,66.92,37.0,43.5
2025-08-14,0.0,0.0,70.52,32.0,43.5
2025-08-15,0.0,0.0,70.7,33.0,43.5
2025-08-16,0.0,0.0,66.2,33.0,43.5
2025-08-17,0.0,0.0,62.24,46.0,43.5
2025-08-18,0.0,0.0,66.02,62.0,43.5
2025-08-19,0.0,0.0,68.18,46.0,43.6
2025-08-20,0.0,0.0,62.96,36.0,43.6
2025-08-21,0.0,0.0,62.96,35.0,43.6
2025-08-22,0.0,0.0,58.28,30.0,43.6
2025-08-23,0.0,0.0,57.92,28.0,43.6
2025-08-24,0.0,0.0,60.26,26.0,43.6
2025-08-25,0.0,0.0,63.68,34.0,43.6
2025-08-26,0.0,0.0,66.02,55.0,43.6
2025-08-27,0.0,0.0,65.12,76.0,43.6
2025-08-28,0.0,0.0,64.22,97.0,43.6
2025-08-29,0.0,0.0,68.18,73.0,43.6
2025-08-30,0.0,0.0,69.08,55.0,43.6
2025-08-31,0.0,0.0,67.1,50.0,43.6
2025-09-01,0.0,0.0,62.96,40.0,43.6
2025-09-02,0.0,0.0,60.8,36.0,43.6
2025-09-03,0.0,0.0,62.24,38.0,43.6
2025-09-04,0.0,0.0,63.68,37.0,44.2
2025-09-05,0.0,0.0,59.36,36.0,44.2
2025-09-06,0.0,0.0,59.18,43.0,44.2
2025-09-07,0.0,0.0,64.22,69.0,44.2
2025-09-08,0.0,0.0,59.36,63.0,44.2
2025-09-09,0.0,0.0,54.5,44.0,44.2
2025-09-10,0.0,0.0,60.62,44.0,44.2
2025-09-11,0.0,0.0,64.76,55.0,44.2
2025-09-12,0.0,0.0,68.0,75.0,44.2
2025-09-13,0.0,0.0,70.16,70.0,44.2
2025-09-14,0.0,0.0,70.16,65.0,44.2
2025-09-15,0.0,0.0,65.84,73.0,44.2
2025-09-16,0.0,0.0,65.66,68.0,44.2
2025-09-17,0.0,0.0,64.4,59.0,44.2
2025-09-18,0.0,0.0,59.54,56.0,44.2
2025-09-19,0.0,0.0,66.2,50.0,44.2
2025-09-20,0.0,0.0,70.52,43.0,44.2
2025-09-21,0.0,0.0,67.82,40.0,44.2
2025-09-22,0.0,0.0,65.48,60.0,44.2
2025-09-23,0.0,0.0,66.38,59.0,44.2
2025-09-24,0.0,0.0,69.8,43.0,44.2
2025-09-25,0.0,0.0,68.72,40.0,44.2
2025-09-26,0.0,0.0,64.22,38.0,44.2
2025-09-27,0.0,0.0,59.9,37.0,44.2
2025-09-28,0.0,0.0,54.68,34.0,44.2
2025-09-29,0.0,0.0,57.2,38.0,44.2
2025-09-30,0.0,0.0,60.62,73.0,45.6
2025-10-01,0.0,0.0,60.44,90.0,46.4
2025-10-02,0.0,0.0,63.86,80.0,46.4
2025-10-03,0.0,0.0,66.56,77.0,46.4
2025-10-04,0.0,0.0,67.1,94.0,46.4
2025-10-05,0.0,0.0,67.64,76.0,46.4
2025-10-06,0.0,0.0,67.64,58.0,46.4
2025-10-07,0.0,0.0,64.76,68.0,46.4
2025-10-08,0.0,0.0,56.66,63.0,46.4
2025-10-09,0.0,0.0,58.46,49.0,46.4
2025-10-10,0.0,0.0,58.64,39.0,46.4
2025-10-11,0.0,0.0,59.36,58.0,46.5
2025-10-12,0.0,0.0,58.1,70.0,46.5
2025-10-13,0.0,0.0,50.36,94.0,46.5
2025-10-14,0.0,0.0,50.72,72.0,46.5
2025-10-15,0.0,0.0,53.42,82.0,46.5
2025-10-16,0.0,0.0,50.9,80.0,46.5
2025-10-17,0.0,0.0,48.74,73.0,46.5
2025-10-18,0.0,0.0,53.42,65.0,46.5
2025-10-19,0.0,0.0,56.3,49.0,46.5
2025-10-20,0.0,0.0,57.92,72.0,46.5
2025-10-21,0.0,0.0,59.72,70.0,46.6
2025-10-22,0.0,0.0,61.16,64.0,46.6
2025-10-23,0.0,1.0,55.22,52.0,46.6
2025-10-24,0.0,0.0,50.0,49.0,46.6
2025-10-25,0.0,0.0,52.52,42.0,46.6
2025-10-26,0.0,0.0,57.56,84.0,46.6
2025-10-27,0.0,0.0,59.36,82.0,46.6
2025-10-28,0.0,0.0,54.5,81.0,46.6
2025-10-29,0.0,0.0,54.86,64.0,46.6
2025-10-30,0.0,0.0,59.54,50.0,46.6
2025-10-31,0.0,0.0,53.6,59.0,46.6
2025-11-01,0.0,0.0,47.12,50.0,46.6
2025-11-02,0.0,0.0,47.3,51.0,46.6
2025-11-03,0.0,0.0,49.46,69.0,47.4
2025-11-04,0.0,0.0,42.62,54.0,0.0
2025-11-05,0.0,0.0,42.8,92.0,0.0
2025-11-06,0.0,0.0,41.0,74.0,0.4
2025-11-07,0.0,0.0,40.28,89.0,0.7
2025-11-08,0.0,0.0,44.78,82.0,0.7
2025-11-09,0.0,0.0,48.92,69.0,0.7
2025-11-10,0.0,0.0,55.4,59.0,0.7
2025-11-11,0.0,0.0,56.12,62.0,0.7
2025-11-12,0.0,0.0,39.2,65.0,0.8
2025-11-13,0.0,0.0,33.08,60.0,0.9
2025-11-14,0.0,0.0,39.56,55.0,0.9
2025-11-15,0.0,0.0,39.56,85.0,0.9
2025-11-16,0.0,0.0,40.64,62.0,1.3
2025-11-17,0.0,0.0,39.56,75.0,1.3
2025-11-18,0.0,0.0,40.82,96.0,1.5
2025-11-19,0.0,0.0,40.28,88.0,1.5
2025-11-20,0.0,0.0,39.92,93.0,1.5
2025-11-21,0.0,0.0,35.06,97.0,1.5
2025-11-22,0.0,0.0,38.48,95.0,1.6
2025-11-23,0.0,0.0,43.88,89.0,1.8
2025-11-24,0.0,0.0,43.52,74.0,1.8
2025-11-25,0.0,0.0,46.4,80.0,1.9
2025-11-26,0.0,0.0,38.66,69.0,1.9
2025-11-27,0.0,0.0,30.74,92.0,1.9
2025-11-28,0.0,0.0,26.96,79.0,2.0
2025-11-29,0.0,0.0,29.3,77.0,2.9
2025-11-30,0.0,0.0,37.94,74.0,3.0
2025-12-01,0.0,0.0,35.42,76.0,3.0
2025-12-02,0.0,0.0,39.38,62.0,3.2
2025-12-03,0.0,0.0,46.58,78.0,3.2
2025-12-04,0.0,0.0,41.0,75.0,3.2
2025-12-05,0.0,0.0,42.26,89.0,3.3
2025-12-06,0.0,0.0,41.0,96.0,3.3
2025-12-07,0.0,0.0,41.0,85.0,3.3
2025-12-08,0.0,0.0,35.78,93.0,3.5
2025-12-09,0.0,0.0,34.16,96.0,3.8
2025-12-10,0.0,0.0,31.46,97.0,3.9
2025-12-11,0.0,0.0,38.12,90.0,4.3
2025-12-12,0.0,0.0,43.34,67.0,4.6
2025-12-13,0.0,0.0,42.08,71.0,4.6
2025-12-14,0.0,1.0,44.06,54.0,4.7
2025-12-15,0.0,1.0,46.76,38.0,4.7
2025-12-16,0.0,1.0,41.36,63.0,4.7
2025-12-17,0.0,1.0,41.18,77.0,4.7
2025-12-18,0.0,1.0,44.42,74.0,4.7
2025-12-19,0.0,1.0,39.2,86.0,4.8
2025-12-20,0.0,1.0,39.92,88.0,4.8
2025-12-21,0.0,1.0,37.4,77.0,5.1
2025-12-22,0.0,2.0,33.26,96.0,5.2
2025-12-23,0.0,2.0,32.18,96.0,5.2
2025-12-24,0.0,2.0,32.0,73.0,5.3
2025-12-25,0.0,4.0,33.98,76.0,5.5
2025-12-26,0.0,8.0,29.3,82.0,5.5
2025-12-27,0.2,7.0,24.62,77.0,5.5
2025-12-28,0.2,10.0,30.92,82.0,5.6
2025-12-29,0.3,8.0,35.78,62.0,5.6
2025-12-30,0.5,7.0,31.64,57.0,5.7
2025-12-31,0.5,5.0,25.52,53.0,5.9
2026-01-01,0.5,5.0,24.44,44.0,5.9
2026-01-02,0.5,5.0,26.24,76.0,5.9
2026-01-03,0.5,5.0,28.04,98.0,5.9
2026-01-04,0.6,5.0,23.36,81.0,5.9
2026-01-05,0.6,4.0,24.08,96.0,6.1
2026-01-06,0.6,4.0,30.92,96.0,6.1
2026-01-07,1.0,3.0,31.82,97.0,6.1
2026-01-08,2.2,9.0,29.66,94.0,6.4
2026-01-09,2.2,9.0,33.62,86.0,7.6
2026-01-10,2.5,8.0,37.22,90.0,7.6
2026-01-11,2.7,12.0,39.74,81.0,7.9
2026-01-12,2.4,12.0,38.3,72.0,8.3
2026-01-13,2.0,11.0,37.4,57.0,9.0
2026-01-14,2.0,9.0,34.88,47.0,9.0
2026-01-15,2.0,8.0,37.76,51.0,9.0
2026-01-16,2.0,10.0,36.5,42.0,9.0
2026-01-17,2.0,10.0,40.46,45.0,9.0
2026-01-18,2.0,12.0,32.0,46.0,9.0
2026-01-19,2.0,11.0,26.78,50.0,9.0
2026-01-20,2.1,11.0,31.28,59.0,9.3
2026-01-21,2.6,11.0,23.0,52.0,9.9
2026-01-22,2.9,14.0,32.36,53.0,10.9
2026-01-23,3.0,14.0,35.6,62.0,11.7
2026-01-24,3.6,14.0,39.56,80.0,11.8
2026-01-25,3.8,15.0,40.64,62.0,13.6
2026-01-26,3.8,20.0,37.22,49.0,14.2
2026-01-27,3.9,22.0,32.54,44.0,14.2
2026-01-28,3.9,29.0,20.84,39.0,15.0
2026-01-29,4.0,29.0,12.92,79.0,15.0
2026-01-30,4.0,28.0,20.3,76.0,15.3
2026-01-31,4.1,27.0,28.22,68.0,15.3
2026-02-01,4.2,26.0,35.24,55.0,15.5
2026-02-02,4.2,25.0,34.7,48.0,15.7
2026-02-03,4.2,25.0,33.08,61.0,15.7
2026-02-04,4.8,24.0,37.04,66.0,15.7
2026-02-05,5.0,24.0,32.54,59.0,16.2
2026-02-06,5.1,24.0,30.02,47.0,16.6
2026-02-07,5.6,24.0,30.2,53.0,16.7
2026-02-08,6.1,24.0,27.68,59.0,17.2
2026-02-09,6.9,24.0,19.4,80.0,17.6
2026-02-10,7.6,24.0,19.4,92.0,18.4
2026-02-11,7.6,24.0,21.38,75.0,19.0
2026-02-12,7.7,24.0,25.88,87.0,19.0
2026-02-13,7.8,24.0,30.02,92.0,19.1
2026-02-14,7.8,24.0,33.98,82.0,19.2
2026-02-15,7.8,24.0,36.5,70.0,19.2
2026-02-16,7.8,24.0,35.78,59.0,19.2
2026-02-17,7.8,24.0,29.3,70.0,19.2
2026-02-18,7.8,26.0,29.12,91.0,19.2
2026-02-19,7.8,26.0,29.66,90.0,19.2
2026-02-20,7.8,26.0,24.98,84.0,19.2
2026-02-21,7.8,25.0,25.52,82.0,19.2
2026-02-22,7.8,25.0,23.18,61.0,19.2
2026-02-23,7.8,25.0,21.92,49.0,19.2
2026-02-24,7.8,25.0,18.68,50.0,19.2
2026-02-25,7.8,25.0,14.54,95.0,19.2
2026-02-26,7.8,24.0,17.42,81.0,19.2
2026-02-27,7.8,24.0,22.46,50.0,19.2
2026-02-28,7.8,24.0,27.68,45.0,19.2
2026-03-01,7.8,24.0,26.96,42.0,19.2
2026-03-02,7.8,28.0,27.86,,19.2
2026-03-03,8.0,27.0,33.8,73.0,19.2
2026-03-04,8.0,28.0,37.22,95.0,19.4
2026-03-05,8.0,28.0,37.4,78.0,19.4
2026-03-06,8.0,27.0,32.0,81.0,19.4
2026-03-07,8.0,26.0,35.6,86.0,19.4
2026-03-08,8.0,26.0,38.48,66.0,19.4
2026-03-09,8.0,30.0,41.0,81.0,19.4
2026-03-10,8.0,35.0,41.18,66.0,19.4
2026-03-11,8.0,42.0,38.84,60.0,19.4
2026-03-12,8.0,39.0,36.68,63.0,19.4
2026-03-13,8.0,38.0,26.6,69.0,19.4
2026-03-14,8.5,37.0,23.72,62.0,19.4
2026-03-15,8.8,34.0,28.04,55.0,19.9
2026-03-16,8.8,34.0,28.22,71.0,20.3
2026-03-17,9.0,41.0,28.94,62.0,20.3
2026-03-18,9.0,37.0,34.7,70.0,20.5
2026-03-19,9.0,37.0,35.78,44.0,20.5
2026-03-20,9.0,37.0,32.9,33.0,20.5
2026-03-21,9.0,,24.26,34.0,20.5
2026-03-22,9.3,37.0,18.86,38.0,20.5
2026-03-23,9.8,36.0,12.2,48.0,20.8
2026-03-24,10.3,35.0,15.8,42.0,21.2
2026-03-25,10.3,33.0,22.82,40.0,21.6
2026-03-26,10.4,42.0,34.34,53.0,21.6
2026-03-27,10.6,40.0,37.76,63.0,21.8
2026-03-28,10.6,39.0,32.9,46.0,22.0
2026-03-29,10.6,37.0,34.16,34.0,22.0
2026-03-30,11.6,36.0,29.3,34.0,22.0
2026-03-31,11.6,35.0,32.0,46.0,23.9
2026-04-01,11.6,35.0,35.78,66.0,23.9
2026-04-02,11.6,35.0,,89.0,23.9
2026-04-03,,35.0,36.68,96.0,23.9
2026-04-04,11.6,34.0,34.7,92.0,
2026-04-05,11.7,38.0,36.14,81.0,23.9
2026-04-06,11.8,38.0,33.98,65.0,24.0
2026-04-07,11.8,36.0,28.04,50.0,24.2
2026-04-08,12.2,34.0,28.04,43.0,24.2
2026-04-09,12.3,33.0,33.08,47.0,24.6
2026-04-10,12.3,32.0,40.1,36.0,24.9
2026-04-11,12.3,30.0,33.08,46.0,24.9
2026-04-12,12.3,29.0,21.56,58.0,24.9
2026-04-13,12.3,28.0,27.86,85.0,24.9
2026-04-14,12.3,27.0,39.2,96.0,24.9
2026-04-15,12.4,25.0,40.64,96.0,24.9
2026-04-16,12.4,24.0,30.38,86.0,25.3
2026-04-17,12.4,23.0,24.26,96.0,25.3
2026-04-18,13.0,21.0,36.32,83.0,25.3
2026-04-19,13.0,20.0,45.14,68.0,26.0
2026-04-20,13.0,19.0,50.18,52.0,26.0
2026-04-21,12.7,18.0,50.9,38.0,26.0
2026-04-22,12.4,16.0,51.98,31.0,26.0
2026-04-23,12.0,19.0,47.66,43.0,26.0
2026-04-24,11.6,24.0,39.02,97.0,26.0
2026-04-25,11.0,21.0,44.06,88.0,26.0
2026-04-26,10.8,19.0,47.66,57.0,26.0
2026-04-27,10.6,18.0,46.94,57.0,26.0
2026-04-28,10.1,17.0,34.88,53.0,26.0
2026-04-29,9.6,15.0,40.82,57.0,26.0
2026-04-30,9.2,13.0,45.5,60.0,26.0
2026-05-01,8.9,12.0,45.5,53.0,26.0
2026-05-02,8.4,10.0,41.18,45.0,26.0
2026-05-03,7.9,9.0,38.3,46.0,26.0
2026-05-04,7.8,14.0,34.52,39.0,26.0
2026-05-05,7.5,21.0,25.88,35.0,26.1
2026-05-06,7.9,18.0,29.66,33.0,26.7
2026-05-07,8.6,22.0,37.76,38.0,28.0
2026-05-08,8.6,22.0,44.78,49.0,28.8
2026-05-09,8.3,20.0,47.48,39.0,28.8
2026-05-10,7.9,17.0,46.58,40.0,28.8
2026-05-11,7.4,16.0,44.6,38.0,28.8
2026-05-12,6.7,13.0,46.22,34.0,28.8
2026-05-13,6.2,12.0,48.56,34.0,28.9
2026-05-14,5.6,22.0,40.64,32.0,28.9
2026-05-15,4.7,19.0,32.72,42.0,28.9
2026-05-16,4.1,18.0,31.46,44.0,29.3
2026-05-17,5.0,18.0,34.34,44.0,29.5
2026-05-18,6.2,16.0,31.64,49.0,30.4
2026-05-19,6.3,15.0,21.56,45.0,31.7
2026-05-20,7.4,14.0,24.62,39.0,31.8
2026-05-21,7.4,13.0,33.62,40.0,33.1
2026-05-22,7.4,10.0,44.24,47.0,33.1
2026-05-23,7.2,8.0,51.26,35.0,33.1
2026-05-24,6.8,6.0,50.9,37.0,33.2
2026-05-25,6.1,3.0,31.82,38.0,33.3
2026-05-26,5.3,0.0,33.08,40.0,33.3
2026-05-27,6.7,0.0,29.66,37.0,33.4
2026-05-28,6.7,0.0,30.74,64.0,34.9
2026-05-29,6.6,0.0,34.16,57.0,34.9
2026-05-30,6.6,0.0,33.8,52.0,34.9
2026-05-31,6.5,0.0,36.32,53.0,34.9
2026-06-01,6.3,0.0,40.64,69.0,34.9
2026-06-02,6.1,0.0,44.24,64.0,34.9
2026-06-03,5.8,0.0,47.66,49.0,35.0
2026-06-04,5.0,0.0,51.44,37.0,35.0
2026-06-05,3.9,0.0,54.32,38.0,35.0
2026-06-06,2.7,0.0,55.94,47.0,35.0
2026-06-07,1.3,0.0,53.42,39.0,35.0
2026-06-08,0.0,0.0,50.54,43.0,35.0
2026-06-09,0.0,0.0,52.7,48.0,35.0
2026-06-10,0.0,0.0,51.62,39.0,35.0
2026-06-11,0.0,0.0,50.54,71.0,35.1
2026-06-12,0.0,0.0,57.56,58.0,35.1
2026-06-13,0.0,0.0,60.26,43.0,35.1
2026-06-14,0.0,0.0,64.76,38.0,35.1
2026-06-15,0.0,0.0,53.24,37.0,35.1
2026-06-16,0.0,0.0,45.68,42.0,35.1
2026-06-17,0.0,0.0,44.42,38.0,35.1
2026-06-18,0.0,0.0,38.66,36.0,35.1
2026-06-19,0.0,0.0,35.06,34.0,35.1
2026-06-20,0.0,0.0,41.0,38.0,35.1
2026-06-21,0.0,0.0,44.06,32.0,35.1
2026-06-22,0.0,0.0,46.76,81.0,35.1
2026-06-23,0.0,0.0,49.28,58.0,35.1
2026-06-24,0.0,0.0,50.72,38.0,35.2
2026-06-25,0.0,0.0,55.4,38.0,35.2
2026-06-26,0.0,0.0,58.64,37.0,35.2
2026-06-27,0.0,0.0,61.7,42.0,35.2
2026-06-28,0.0,0.0,53.6,81.0,35.2
2026-06-29,0.0,0.0,57.92,93.0,35.2
2026-06-30,0.0,0.0,57.38,89.0,35.2
2026-07-01,0.0,0.0,52.88,92.0,35.4
2026-07-02,0.0,0.0,48.56,79.0,35.4
2026-07-03,0.0,0.0,47.48,68.0,35.4
2026-07-04,0.0,0.0,49.82,50.0,35.4
2026-07-05,0.0,0.0,53.42,46.0,35.4
2026-07-06,0.0,0.0,57.92,43.0,35.4
2026-07-07,0.0,0.0,55.76,41.0,35.4
2026-07-08,0.0,0.0,58.64,48.0,35.4
2026-07-09,0.0,0.0,53.96,47.0,35.4
2026-07-10,0.0,0.0,43.16,41.0,35.4
2026-07-11,0.0,0.0,50.54,41.0,35.4
2026-07-12,0.0,0.0,46.76,38.0,35.4
2026-07-13,0.0,0.0,41.54,32.0,35.4
2026-07-14,0.0,0.0,48.74,35.0,35.5
2026-07-15,0.0,0.0,55.22,44.0,35.5
2026-07-16,0.0,0.0,58.46,65.0,35.5
2026-07-17,0.0,0.0,58.64,55.0,35.5
2026-07-18,0.0,0.0,62.06,46.0,35.5
2026-07-19,0.0,0.0,65.66,60.0,35.5
2026-07-20,0.0,0.0,57.92,49.0,35.5
2026-07-21,0.0,0.0,58.64,44.0,35.5
2026-07-22,0.0,0.0,65.84,45.0,35.5
2026-07-23,0.0,0.0,54.32,53.0,35.5
2026-07-24,0.0,0.0,57.38,61.0,35.5
2026-07-25,0.0,0.0,59.18,59.0,35.5
2026-07-26,0.0,0.0,63.14,44.0,36.1
2026-07-27,0.0,0.0,66.02,25.0,36.1
2026-07-28,0.0,0.0,62.96,28.0,36.1
2026-07-29,0.0,0.0,50.9,28.0,36.1
2026-07-30,0.0,0.0,41.54,28.0,36.1
2026-07-31,0.0,0.0,39.56,31.0,36.1
2026-08-01,0.0,0.0,43.7,36.0,36.8
2026-08-02,0.0,0.0,51.44,29.0,37.3
2026-08-03,0.0,0.0,53.6,28.0,37.7
2026-08-04,0.0,0.0,56.48,31.0,37.8
2026-08-05,0.0,0.0,59.72,35.0,37.8
2026-08-06,0.0,0.0,64.4,32.0,37.9
2026-08-07,0.0,0.0,68.9,24.0,37.9
2026-08-08,0.0,0.0,66.02,24.0,37.9
2026-08-09,0.0,0.0,64.22,26.0,37.9
2026-08-10,0.0,0.0,67.82,27.0,37.9
2026-08-11,0.0,0.0,64.76,25.0,37.9
2026-08-12,0.0,0.0,66.92,28.0,37.9
2026-08-13,0.0,0.0,70.34,28.0,37.9
2026-08-14,0.0,0.0,69.08,33.0,37.9
2026-08-15,0.0,0.0,68.36,47.0,37.9
2026-08-16,0.0,0.0,63.68,63.0,37.9
2026-08-17,0.0,0.0,67.1,54.0,37.9
2026-08-18,0.0,0.0,69.98,45.0,37.9
2026-08-19,0.0,0.0,68.36,39.0,37.9
2026-08-20,0.0,0.0,69.44,33.0,37.9
2026-08-21,0.0,0.0,67.82,29.0,37.9
2026-08-22,0.0,0.0,73.22,26.0,38.0
2026-08-23,0.0,0.0,70.88,24.0,38.0
2026-08-24,0.0,0.0,66.92,38.0,38.0
2026-08-25,0.0,0.0,68.36,35.0,38.0
2026-08-26,0.0,0.0,71.78,29.0,38.0
2026-08-27,0.0,0.0,72.68,38.0,38.0
2026-08-28,0.0,0.0,67.28,36.0,38.0
2026-08-29,0.0,0.0,67.64,29.0,38.0
2026-08-30,0.0,0.0,68.18,36.0,38.0
2026-08-31,0.0,0.0,69.08,43.0,38.0
2026-09-01,0.0,0.0,69.62,39.0,38.0
2026-09-02,0.0,0.0,73.04,29.0,38.0
2026-09-03,0.0,0.0,72.86,44.0,38.0
2026-09-04,0.0,0.0,63.32,50.0,38.0
2026-09-05,0.0,0.0,57.74,81.0,38.0
2026-09-06,0.0,0.0,60.44,92.0,38.0
2026-09-07,0.0,0.0,65.12,74.0,38.0
2026-09-08,0.0,0.0,69.8,71.0,38.0
2026-09-09,0.0,0.0,71.78,84.0,38.0
2026-09-10,0.0,0.0,70.16,63.0,38.1
2026-09-11,0.0,0.0,68.36,50.0,38.1
2026-09-12,0.0,0.0,67.64,46.0,38.1
2026-09-13,0.0,0.0,68.18,48.0,38.1
2026-09-14,0.0,0.0,67.1,41.0,38.1
2026-09-15,0.0,0.0,61.52,56.0,38.1
2026-09-16,0.0,0.0,59.9,64.0,38.1
2026-09-17,0.0,0.0,61.52,49.0,38.1
2026-09-18,0.0,0.0,64.58,35.0,38.1
2026-09-19,0.0,0.0,66.56,42.0,38.2
2026-09-20,0.0,0.0,67.64,78.0,38.2
2026-09-21,0.0,0.0,67.64,77.0,38.2
2026-09-22,0.0,0.0,71.24,68.0,38.2
2026-09-23,0.0,0.0,75.92,56.0,38.2
2026-09-24,0.0,0.0,70.88,58.0,38.2
2026-09-25,0.0,0.0,64.94,56.0,38.2
2026-09-26,0.0,0.0,65.48,36.0,38.2
2026-09-27,0.0,0.0,68.18,41.0,38.2
2026-09-28,0.0,0.0,69.08,49.0,38.2
2026-09-29,0.0,0.0,69.62,44.0,38.2
2026-09-30,0.0,0.0,65.84,49.0,38.2
2026-10-01,0.0,0.0,60.26,50.0,38.2
2026-10-02,0.0,0.0,51.44,,38.2
2026-10-03,0.0,0.0,57.2,,38.2
2026-10-04,0.0,0.0,61.52,,38.2
2026-10-05,0.0,0.0,53.42,,38.2
2026-10-06,0.0,0.0,48.56,,38.2
2026-10-07,0.0,0.0,46.22,,38.2
2026-10-08,0.0,0.0,51.44,,38.3
2026-10-09,0.0,0.0,51.44,,38.5
2026-10-10,0.0,0.0,43.16,,38.5
2026-10-11,0.0,0.0,48.2,,38.6
2026-10-12,0.0,0.0,54.68,,38.7
2026-10-13,0.0,0.0,58.82,,38.7
2026-10-14,0.0,0.0,56.12,,38.8
2026-10-15,0.0,0.0,58.28,,38.8
2026-10-16,0.0,0.0,47.66,,38.8
2026-10-17,0.0,0.0,43.88,,38.8
2026-10-18,0.0,0.0,50.36,,38.8
2026-10-19,0.0,0.0,59.0,,38.8
2026-10-20,0.0,0.0,62.24,,38.8
2026-10-21,0.0,0.0,48.56,,38.8
2026-10-22,0.0,,50.36,,38.9
2026-10-23,0.0,,53.24,,38.9
2026-10-24,0.0,,56.3,,38.9
2026-10-25,0.0,,55.4,,38.9
2026-10-26,0.0,,55.58,,38.9
2026-10-27,0.0,,62.6,,38.9
2026-10-28,0.0,,55.04,,38.9
2026-10-29,0.0,,45.32,,38.9
2026-10-30,0.0,,51.8,,38.9
2026-10-31,0.0,,52.7,,38.9
2026-11-01,0.0,,51.98,,38.9
2026-11-02,0.0,,,,38.9
2026-11-03,0.2,,,,38.9
2026-11-04,,,,,38.9
